city,year,month,sale_date,sales,volume,median,listings,inventory,date,year_number,year_dt,month_dt,day_of_week,quarter,median_minus_city_mean
Abilene,2000,1,2000-01-01,72.0,5380000.0,71400.0,701.0,6.3,2000.0,2000,2000,1,Saturday,1,-26627.805
Abilene,2000,2,2000-02-01,98.0,6505000.0,58700.0,746.0,6.6,2000.0834,2000,2000,2,Tuesday,1,-39327.805
Abilene,2000,3,2000-03-01,130.0,9285000.0,58100.0,784.0,6.8,2000.1666,2000,2000,3,Wednesday,1,-39927.805
Abilene,2000,4,2000-04-01,98.0,9730000.0,68600.0,785.0,6.9,2000.25,2000,2000,4,Saturday,2,-29427.805
Abilene,2000,5,2000-05-01,141.0,10590000.0,67300.0,794.0,6.8,2000.3334,2000,2000,5,Monday,2,-30727.805
Abilene,2000,6,2000-06-01,156.0,13910000.0,66900.0,780.0,6.6,2000.4166,2000,2000,6,Thursday,2,-31127.805
Abilene,2000,7,2000-07-01,152.0,12635000.0,73500.0,742.0,6.2,2000.5,2000,2000,7,Saturday,3,-24527.805
Abilene,2000,8,2000-08-01,131.0,10710000.0,75000.0,765.0,6.4,2000.5834,2000,2000,8,Tuesday,3,-23027.805
Abilene,2000,9,2000-09-01,104.0,7615000.0,64500.0,771.0,6.5,2000.6666,2000,2000,9,Friday,3,-33527.805
Abilene,2000,10,2000-10-01,101.0,7040000.0,59300.0,764.0,6.6,2000.75,2000,2000,10,Sunday,4,-38727.805
Abilene,2000,11,2000-11-01,100.0,7890000.0,70900.0,721.0,6.2,2000.8334,2000,2000,11,Wednesday,4,-27127.805
Abilene,2000,12,2000-12-01,92.0,7285000.0,65000.0,658.0,5.7,2000.9166,2000,2000,12,Friday,4,-33027.805
Abilene,2001,1,2001-01-01,75.0,5730000.0,64500.0,779.0,6.8,2001.0,2001,2001,1,Monday,1,-33527.805
Abilene,2001,2,2001-02-01,112.0,8670000.0,68900.0,700.0,6.0,2001.0834,2001,2001,2,Thursday,1,-29127.805
Abilene,2001,3,2001-03-01,118.0,9550000.0,72300.0,738.0,6.4,2001.1666,2001,2001,3,Thursday,1,-25727.805
Abilene,2001,4,2001-04-01,105.0,8705000.0,71500.0,810.0,7.0,2001.25,2001,2001,4,Sunday,2,-26527.805
Abilene,2001,5,2001-05-01,150.0,11850000.0,71000.0,772.0,6.6,2001.3334,2001,2001,5,Tuesday,2,-27027.805
Abilene,2001,6,2001-06-01,139.0,11290000.0,78100.0,825.0,7.2,2001.4166,2001,2001,6,Friday,2,-19927.805
Abilene,2001,7,2001-07-01,134.0,13175000.0,86700.0,801.0,7.1,2001.5,2001,2001,7,Sunday,3,-11327.805
Abilene,2001,8,2001-08-01,151.0,11840000.0,69000.0,891.0,7.7,2001.5834,2001,2001,8,Wednesday,3,-29027.805
Abilene,2001,9,2001-09-01,116.0,8395000.0,64200.0,849.0,7.3,2001.6666,2001,2001,9,Saturday,3,-33827.805
Abilene,2001,10,2001-10-01,121.0,9010000.0,64600.0,756.0,6.4,2001.75,2001,2001,10,Monday,4,-33427.805
Abilene,2001,11,2001-11-01,116.0,8955000.0,69100.0,695.0,5.8,2001.8334,2001,2001,11,Thursday,4,-28927.805
Abilene,2001,12,2001-12-01,94.0,7195000.0,71800.0,620.0,5.2,2001.9166,2001,2001,12,Saturday,4,-26227.805
Abilene,2002,1,2002-01-01,94.0,6530000.0,64000.0,652.0,5.4,2002.0,2002,2002,1,Tuesday,1,-34027.805
Abilene,2002,2,2002-02-01,94.0,6860000.0,62900.0,746.0,6.3,2002.0834,2002,2002,2,Friday,1,-35127.805
Abilene,2002,3,2002-03-01,107.0,8385000.0,62100.0,774.0,6.5,2002.1666,2002,2002,3,Friday,1,-35927.805
Abilene,2002,4,2002-04-01,135.0,10465000.0,66900.0,767.0,6.3,2002.25,2002,2002,4,Monday,2,-31127.805
Abilene,2002,5,2002-05-01,154.0,11465000.0,69200.0,778.0,6.4,2002.3334,2002,2002,5,Wednesday,2,-28827.805
Abilene,2002,6,2002-06-01,136.0,11600000.0,76700.0,758.0,6.3,2002.4166,2002,2002,6,Saturday,2,-21327.805
Abilene,2002,7,2002-07-01,159.0,13500000.0,73900.0,746.0,6.1,2002.5,2002,2002,7,Monday,3,-24127.805
Abilene,2002,8,2002-08-01,155.0,12875000.0,82200.0,709.0,5.7,2002.5834,2002,2002,8,Thursday,3,-15827.805
Abilene,2002,9,2002-09-01,133.0,9965000.0,67300.0,703.0,5.6,2002.6666,2002,2002,9,Sunday,3,-30727.805
Abilene,2002,10,2002-10-01,134.0,10395000.0,73600.0,664.0,5.3,2002.75,2002,2002,10,Tuesday,4,-24427.805
Abilene,2002,11,2002-11-01,107.0,8485000.0,59400.0,643.0,5.1,2002.8334,2002,2002,11,Friday,4,-38627.805
Abilene,2002,12,2002-12-01,108.0,8150000.0,65000.0,649.0,5.1,2002.9166,2002,2002,12,Sunday,4,-33027.805
Abilene,2003,1,2003-01-01,68.0,5385000.0,70000.0,668.0,5.4,2003.0,2003,2003,1,Wednesday,1,-28027.805
Abilene,2003,2,2003-02-01,110.0,8500000.0,72300.0,716.0,5.7,2003.0834,2003,2003,2,Saturday,1,-25727.805
Abilene,2003,3,2003-03-01,120.0,9445000.0,62300.0,765.0,6.0,2003.1666,2003,2003,3,Saturday,1,-35727.805
Abilene,2003,4,2003-04-01,125.0,11270000.0,79700.0,763.0,6.1,2003.25,2003,2003,4,Tuesday,2,-18327.805
Abilene,2003,5,2003-05-01,142.0,12030000.0,79400.0,750.0,6.0,2003.3334,2003,2003,5,Thursday,2,-18627.805
Abilene,2003,6,2003-06-01,132.0,11545000.0,71400.0,777.0,6.2,2003.4166,2003,2003,6,Sunday,2,-26627.805
Abilene,2003,7,2003-07-01,171.0,13940000.0,75000.0,778.0,6.2,2003.5,2003,2003,7,Tuesday,3,-23027.805
Abilene,2003,8,2003-08-01,193.0,16230000.0,78200.0,731.0,5.7,2003.5834,2003,2003,8,Friday,3,-19827.805
Abilene,2003,9,2003-09-01,147.0,13350000.0,74300.0,730.0,5.6,2003.6666,2003,2003,9,Monday,3,-23727.805
Abilene,2003,10,2003-10-01,142.0,11215000.0,67300.0,721.0,5.5,2003.75,2003,2003,10,Wednesday,4,-30727.805
Abilene,2003,11,2003-11-01,129.0,10110000.0,66400.0,675.0,5.1,2003.8334,2003,2003,11,Saturday,4,-31627.805
Abilene,2003,12,2003-12-01,153.0,12655000.0,66900.0,640.0,4.7,2003.9166,2003,2003,12,Monday,4,-31127.805
Abilene,2004,1,2004-01-01,97.0,6945000.0,66100.0,657.0,4.7,2004.0,2004,2004,1,Thursday,1,-31927.805
Abilene,2004,2,2004-02-01,119.0,9810000.0,70400.0,682.0,4.9,2004.0834,2004,2004,2,Sunday,1,-27627.805
Abilene,2004,3,2004-03-01,169.0,13635000.0,63900.0,668.0,4.7,2004.1666,2004,2004,3,Monday,1,-34127.805
Abilene,2004,4,2004-04-01,171.0,14475000.0,68600.0,696.0,4.7,2004.25,2004,2004,4,Thursday,2,-29427.805
Abilene,2004,5,2004-05-01,159.0,13085000.0,71700.0,752.0,5.1,2004.3334,2004,2004,5,Saturday,2,-26327.805
Abilene,2004,6,2004-06-01,179.0,16255000.0,79600.0,720.0,4.7,2004.4166,2004,2004,6,Tuesday,2,-18427.805
Abilene,2004,7,2004-07-01,176.0,16685000.0,82000.0,701.0,4.6,2004.5,2004,2004,7,Thursday,3,-16027.805
Abilene,2004,8,2004-08-01,190.0,19190000.0,91800.0,686.0,4.5,2004.5834,2004,2004,8,Sunday,3,-6227.8047
Abilene,2004,9,2004-09-01,142.0,12325000.0,74700.0,677.0,4.4,2004.6666,2004,2004,9,Wednesday,3,-23327.805
Abilene,2004,10,2004-10-01,144.0,12620000.0,81000.0,663.0,4.4,2004.75,2004,2004,10,Friday,4,-17027.805
Abilene,2004,11,2004-11-01,138.0,12375000.0,77500.0,630.0,4.1,2004.8334,2004,2004,11,Monday,4,-20527.805
Abilene,2004,12,2004-12-01,146.0,12270000.0,71100.0,600.0,3.9,2004.9166,2004,2004,12,Wednesday,4,-26927.805
Abilene,2005,1,2005-01-01,119.0,10255000.0,74200.0,570.0,3.7,2005.0,2005,2005,1,Saturday,1,-23827.805
Abilene,2005,2,2005-02-01,130.0,11770000.0,74300.0,581.0,3.7,2005.0834,2005,2005,2,Tuesday,1,-23727.805
Abilene,2005,3,2005-03-01,170.0,14470000.0,71300.0,661.0,4.3,2005.1666,2005,2005,3,Tuesday,1,-26727.805
Abilene,2005,4,2005-04-01,171.0,16355000.0,80300.0,650.0,4.2,2005.25,2005,2005,4,Friday,2,-17727.805
Abilene,2005,5,2005-05-01,176.0,18080000.0,87100.0,660.0,4.2,2005.3334,2005,2005,5,Sunday,2,-10927.805
Abilene,2005,6,2005-06-01,230.0,24050000.0,92500.0,664.0,4.1,2005.4166,2005,2005,6,Wednesday,2,-5527.8047
Abilene,2005,7,2005-07-01,177.0,18495000.0,93500.0,657.0,4.1,2005.5,2005,2005,7,Friday,3,-4527.8047
Abilene,2005,8,2005-08-01,216.0,24065000.0,97500.0,638.0,3.9,2005.5834,2005,2005,8,Monday,3,-527.8047
Abilene,2005,9,2005-09-01,165.0,17145000.0,92800.0,644.0,3.9,2005.6666,2005,2005,9,Thursday,3,-5227.8047
Abilene,2005,10,2005-10-01,161.0,16365000.0,92300.0,601.0,3.6,2005.75,2005,2005,10,Saturday,4,-5727.8047
Abilene,2005,11,2005-11-01,137.0,13390000.0,92800.0,496.0,3.0,2005.8334,2005,2005,11,Tuesday,4,-5227.8047
Abilene,2005,12,2005-12-01,125.0,14415000.0,102500.0,522.0,3.2,2005.9166,2005,2005,12,Thursday,4,4472.1953
Abilene,2006,1,2006-01-01,107.0,11890000.0,90800.0,559.0,3.4,2006.0,2006,2006,1,Sunday,1,-7227.8047
Abilene,2006,2,2006-02-01,152.0,16875000.0,98200.0,561.0,3.4,2006.0834,2006,2006,2,Wednesday,1,172.19531
Abilene,2006,3,2006-03-01,155.0,18030000.0,105400.0,,,2006.1666,2006,2006,3,Wednesday,1,7372.1953
Abilene,2006,4,2006-04-01,172.0,17955000.0,100000.0,683.0,4.2,2006.25,2006,2006,4,Saturday,2,1972.1953
Abilene,2006,5,2006-05-01,179.0,20400000.0,103000.0,736.0,4.5,2006.3334,2006,2006,5,Monday,2,4972.1953
Abilene,2006,6,2006-06-01,225.0,26620000.0,99800.0,786.0,4.8,2006.4166,2006,2006,6,Thursday,2,1772.1953
Abilene,2006,7,2006-07-01,169.0,19160000.0,93200.0,804.0,4.9,2006.5,2006,2006,7,Saturday,3,-4827.8047
Abilene,2006,8,2006-08-01,220.0,25735000.0,104000.0,812.0,5.0,2006.5834,2006,2006,8,Tuesday,3,5972.1953
Abilene,2006,9,2006-09-01,159.0,19850000.0,109500.0,817.0,5.0,2006.6666,2006,2006,9,Friday,3,11472.195
Abilene,2006,10,2006-10-01,156.0,17100000.0,97100.0,797.0,4.9,2006.75,2006,2006,10,Sunday,4,-927.8047
Abilene,2006,11,2006-11-01,146.0,15930000.0,99400.0,792.0,4.8,2006.8334,2006,2006,11,Wednesday,4,1372.1953
Abilene,2006,12,2006-12-01,157.0,17985000.0,103100.0,724.0,4.4,2006.9166,2006,2006,12,Friday,4,5072.1953
Abilene,2007,1,2007-01-01,132.0,13335000.0,91700.0,746.0,4.4,2007.0,2007,2007,1,Monday,1,-6327.8047
Abilene,2007,2,2007-02-01,140.0,16105000.0,100000.0,774.0,4.6,2007.0834,2007,2007,2,Thursday,1,1972.1953
Abilene,2007,3,2007-03-01,212.0,20410000.0,86500.0,816.0,4.7,2007.1666,2007,2007,3,Thursday,1,-11527.805
Abilene,2007,4,2007-04-01,192.0,20090000.0,89100.0,807.0,4.6,2007.25,2007,2007,4,Sunday,2,-8927.805
Abilene,2007,5,2007-05-01,213.0,24410000.0,99500.0,849.0,4.8,2007.3334,2007,2007,5,Tuesday,2,1472.1953
Abilene,2007,6,2007-06-01,212.0,27605000.0,121200.0,872.0,5.0,2007.4166,2007,2007,6,Friday,2,23172.195
Abilene,2007,7,2007-07-01,239.0,29315000.0,114300.0,940.0,5.2,2007.5,2007,2007,7,Sunday,3,16272.195
Abilene,2007,8,2007-08-01,196.0,25015000.0,113700.0,948.0,5.3,2007.5834,2007,2007,8,Wednesday,3,15672.195
Abilene,2007,9,2007-09-01,127.0,16588549.0,111500.0,932.0,5.3,2007.6666,2007,2007,9,Saturday,3,13472.195
Abilene,2007,10,2007-10-01,134.0,16036403.0,110700.0,932.0,5.3,2007.75,2007,2007,10,Monday,4,12672.195
Abilene,2007,11,2007-11-01,107.0,12017671.0,102600.0,892.0,5.2,2007.8334,2007,2007,11,Thursday,4,4572.1953
Abilene,2007,12,2007-12-01,99.0,11134962.0,103000.0,856.0,5.1,2007.9166,2007,2007,12,Saturday,4,4972.1953
Abilene,2008,1,2008-01-01,84.0,9089942.0,88800.0,859.0,5.3,2008.0,2008,2008,1,Tuesday,1,-9227.805
Abilene,2008,2,2008-02-01,127.0,15970270.0,111900.0,899.0,5.6,2008.0834,2008,2008,2,Friday,1,13872.195
Abilene,2008,3,2008-03-01,147.0,15496685.0,97500.0,923.0,5.9,2008.1666,2008,2008,3,Saturday,1,-527.8047
Abilene,2008,4,2008-04-01,161.0,18288157.0,106900.0,941.0,6.1,2008.25,2008,2008,4,Tuesday,2,8872.195
Abilene,2008,5,2008-05-01,182.0,21314933.0,104000.0,951.0,6.3,2008.3334,2008,2008,5,Thursday,2,5972.1953
Abilene,2008,6,2008-06-01,180.0,21146068.0,110400.0,1000.0,6.7,2008.4166,2008,2008,6,Sunday,2,12372.195
Abilene,2008,7,2008-07-01,171.0,19502253.0,106400.0,1013.0,7.1,2008.5,2008,2008,7,Tuesday,3,8372.195
Abilene,2008,8,2008-08-01,131.0,16067354.0,111200.0,966.0,7.0,2008.5834,2008,2008,8,Friday,3,13172.195
Abilene,2008,9,2008-09-01,141.0,15643014.0,106900.0,992.0,7.2,2008.6666,2008,2008,9,Monday,3,8872.195
Abilene,2008,10,2008-10-01,116.0,15057270.0,131600.0,860.0,6.3,2008.75,2008,2008,10,Wednesday,4,33572.195
Abilene,2008,11,2008-11-01,94.0,10792418.0,100000.0,863.0,6.3,2008.8334,2008,2008,11,Saturday,4,1972.1953
Abilene,2008,12,2008-12-01,117.0,14151971.0,110000.0,821.0,6.0,2008.9166,2008,2008,12,Monday,4,11972.195
Abilene,2009,1,2009-01-01,70.0,8414801.0,92900.0,861.0,6.3,2009.0,2009,2009,1,Thursday,1,-5127.8047
Abilene,2009,2,2009-02-01,106.0,10921111.0,95700.0,869.0,6.5,2009.0834,2009,2009,2,Sunday,1,-2327.8047
Abilene,2009,3,2009-03-01,131.0,15148755.0,106400.0,891.0,6.7,2009.1666,2009,2009,3,Sunday,1,8372.195
Abilene,2009,4,2009-04-01,157.0,19565825.0,113800.0,890.0,6.7,2009.25,2009,2009,4,Wednesday,2,15772.195
Abilene,2009,5,2009-05-01,143.0,16596602.0,105500.0,911.0,7.0,2009.3334,2009,2009,5,Friday,2,7472.1953
Abilene,2009,6,2009-06-01,187.0,25342963.0,119300.0,802.0,6.2,2009.4166,2009,2009,6,Monday,2,21272.195
Abilene,2009,7,2009-07-01,158.0,21925623.0,126200.0,808.0,6.3,2009.5,2009,2009,7,Wednesday,3,28172.195
Abilene,2009,8,2009-08-01,149.0,17827080.0,106900.0,785.0,6.0,2009.5834,2009,2009,8,Saturday,3,8872.195
Abilene,2009,9,2009-09-01,128.0,16222840.0,111200.0,745.0,5.7,2009.6666,2009,2009,9,Tuesday,3,13172.195
Abilene,2009,10,2009-10-01,151.0,18076723.0,96800.0,734.0,5.5,2009.75,2009,2009,10,Thursday,4,-1227.8047
Abilene,2009,11,2009-11-01,130.0,16724086.0,114300.0,737.0,5.4,2009.8334,2009,2009,11,Sunday,4,16272.195
Abilene,2009,12,2009-12-01,124.0,15591347.0,111400.0,705.0,5.2,2009.9166,2009,2009,12,Tuesday,4,13372.195
Abilene,2010,1,2010-01-01,73.0,9130783.0,112200.0,868.0,6.4,2010.0,2010,2010,1,Friday,1,14172.195
Abilene,2010,2,2010-02-01,93.0,10372904.0,98300.0,830.0,6.1,2010.0834,2010,2010,2,Monday,1,272.1953
Abilene,2010,3,2010-03-01,133.0,16517713.0,114000.0,854.0,6.3,2010.1666,2010,2010,3,Monday,1,15972.195
Abilene,2010,4,2010-04-01,161.0,18788002.0,103600.0,859.0,6.3,2010.25,2010,2010,4,Thursday,2,5572.1953
Abilene,2010,5,2010-05-01,200.0,22804393.0,99300.0,914.0,6.5,2010.3334,2010,2010,5,Saturday,2,1272.1953
Abilene,2010,6,2010-06-01,169.0,23216943.0,127900.0,932.0,6.7,2010.4166,2010,2010,6,Tuesday,2,29872.195
Abilene,2010,7,2010-07-01,159.0,22363123.0,127300.0,915.0,6.6,2010.5,2010,2010,7,Thursday,3,29272.195
Abilene,2010,8,2010-08-01,144.0,17504580.0,122000.0,936.0,6.7,2010.5834,2010,2010,8,Sunday,3,23972.195
Abilene,2010,9,2010-09-01,116.0,15475763.0,121300.0,899.0,6.5,2010.6666,2010,2010,9,Wednesday,3,23272.195
Abilene,2010,10,2010-10-01,111.0,14570529.0,111900.0,863.0,6.4,2010.75,2010,2010,10,Friday,4,13872.195
Abilene,2010,11,2010-11-01,115.0,11422741.0,87900.0,851.0,6.4,2010.8334,2010,2010,11,Monday,4,-10127.805
Abilene,2010,12,2010-12-01,116.0,15289470.0,118300.0,830.0,6.3,2010.9166,2010,2010,12,Wednesday,4,20272.195
Abilene,2011,1,2011-01-01,68.0,8834493.0,123300.0,809.0,6.1,2011.0,2011,2011,1,Saturday,1,25272.195
Abilene,2011,2,2011-02-01,85.0,10250107.0,111200.0,822.0,6.3,2011.0834,2011,2011,2,Tuesday,1,13172.195
Abilene,2011,3,2011-03-01,131.0,16047423.0,110000.0,857.0,6.5,2011.1666,2011,2011,3,Tuesday,1,11972.195
Abilene,2011,4,2011-04-01,148.0,17453429.0,112000.0,855.0,6.6,2011.25,2011,2011,4,Friday,2,13972.195
Abilene,2011,5,2011-05-01,181.0,22374531.0,115300.0,863.0,6.7,2011.3334,2011,2011,5,Sunday,2,17272.195
Abilene,2011,6,2011-06-01,213.0,26635498.0,105400.0,840.0,6.4,2011.4166,2011,2011,6,Wednesday,2,7372.1953
Abilene,2011,7,2011-07-01,172.0,22734236.0,117900.0,848.0,6.4,2011.5,2011,2011,7,Friday,3,19872.195
Abilene,2011,8,2011-08-01,184.0,22066503.0,99000.0,795.0,5.8,2011.5834,2011,2011,8,Monday,3,972.1953
Abilene,2011,9,2011-09-01,138.0,19329727.0,121400.0,763.0,5.5,2011.6666,2011,2011,9,Thursday,3,23372.195
Abilene,2011,10,2011-10-01,146.0,18916970.0,111100.0,743.0,5.3,2011.75,2011,2011,10,Saturday,4,13072.195
Abilene,2011,11,2011-11-01,125.0,17679449.0,127300.0,712.0,5.0,2011.8334,2011,2011,11,Tuesday,4,29272.195
Abilene,2011,12,2011-12-01,128.0,17843463.0,120000.0,693.0,4.8,2011.9166,2011,2011,12,Thursday,4,21972.195
Abilene,2012,1,2012-01-01,95.0,11371474.0,105600.0,703.0,4.8,2012.0,2012,2012,1,Sunday,1,7572.1953
Abilene,2012,2,2012-02-01,142.0,16905161.0,102000.0,720.0,4.8,2012.0834,2012,2012,2,Wednesday,1,3972.1953
Abilene,2012,3,2012-03-01,172.0,20922281.0,112000.0,723.0,4.7,2012.1666,2012,2012,3,Thursday,1,13972.195
Abilene,2012,4,2012-04-01,170.0,20909533.0,104400.0,722.0,4.6,2012.25,2012,2012,4,Sunday,2,6372.1953
Abilene,2012,5,2012-05-01,211.0,28521200.0,111600.0,1125.0,7.1,2012.3334,2012,2012,5,Tuesday,2,13572.195
Abilene,2012,6,2012-06-01,188.0,25629200.0,120000.0,1176.0,7.5,2012.4166,2012,2012,6,Friday,2,21972.195
Abilene,2012,7,2012-07-01,183.0,26033906.0,127500.0,1176.0,7.5,2012.5,2012,2012,7,Sunday,3,29472.195
Abilene,2012,8,2012-08-01,220.0,31687638.0,130600.0,1132.0,7.1,2012.5834,2012,2012,8,Wednesday,3,32572.195
Abilene,2012,9,2012-09-01,146.0,19821491.0,123200.0,1095.0,6.8,2012.6666,2012,2012,9,Saturday,3,25172.195
Abilene,2012,10,2012-10-01,191.0,24016275.0,103200.0,1075.0,6.5,2012.75,2012,2012,10,Monday,4,5172.1953
Abilene,2012,11,2012-11-01,142.0,19753059.0,125900.0,1036.0,6.3,2012.8334,2012,2012,11,Thursday,4,27872.195
Abilene,2012,12,2012-12-01,156.0,19985676.0,106200.0,952.0,5.7,2012.9166,2012,2012,12,Saturday,4,8172.1953
Abilene,2013,1,2013-01-01,114.0,15794494.0,125300.0,966.0,5.7,2013.0,2013,2013,1,Tuesday,1,27272.195
Abilene,2013,2,2013-02-01,140.0,16552641.0,94400.0,943.0,5.6,2013.0834,2013,2013,2,Friday,1,-3627.8047
Abilene,2013,3,2013-03-01,164.0,19609711.0,102500.0,958.0,5.7,2013.1666,2013,2013,3,Friday,1,4472.1953
Abilene,2013,4,2013-04-01,213.0,27261796.0,113700.0,948.0,5.5,2013.25,2013,2013,4,Monday,2,15672.195
Abilene,2013,5,2013-05-01,225.0,31901380.0,130000.0,923.0,5.3,2013.3334,2013,2013,5,Wednesday,2,31972.195
Abilene,2013,6,2013-06-01,209.0,29454125.0,127300.0,960.0,5.5,2013.4166,2013,2013,6,Saturday,2,29272.195
Abilene,2013,7,2013-07-01,218.0,32547446.0,140000.0,969.0,5.4,2013.5,2013,2013,7,Monday,3,41972.195
Abilene,2013,8,2013-08-01,236.0,30777727.0,120000.0,976.0,5.4,2013.5834,2013,2013,8,Thursday,3,21972.195
Abilene,2013,9,2013-09-01,195.0,26237106.0,127500.0,985.0,5.4,2013.6666,2013,2013,9,Sunday,3,29472.195
Abilene,2013,10,2013-10-01,167.0,21781187.0,119000.0,993.0,5.5,2013.75,2013,2013,10,Tuesday,4,20972.195
Abilene,2013,11,2013-11-01,145.0,19950273.0,113200.0,946.0,5.2,2013.8334,2013,2013,11,Friday,4,15172.195
Abilene,2013,12,2013-12-01,145.0,18412418.0,104700.0,938.0,5.2,2013.9166,2013,2013,12,Sunday,4,6672.1953
Abilene,2014,1,2014-01-01,115.0,15391738.0,117000.0,922.0,5.1,2014.0,2014,2014,1,Wednesday,1,18972.195
Abilene,2014,2,2014-02-01,137.0,17944719.0,127600.0,906.0,5.0,2014.0834,2014,2014,2,Saturday,1,29572.195
Abilene,2014,3,2014-03-01,165.0,21615979.0,112400.0,929.0,5.1,2014.1666,2014,2014,3,Saturday,1,14372.195
Abilene,2014,4,2014-04-01,178.0,25070931.0,124500.0,965.0,5.4,2014.25,2014,2014,4,Tuesday,2,26472.195
Abilene,2014,5,2014-05-01,191.0,26615130.0,129300.0,1001.0,5.7,2014.3334,2014,2014,5,Thursday,2,31272.195
Abilene,2014,6,2014-06-01,230.0,34398506.0,135200.0,1023.0,5.8,2014.4166,2014,2014,6,Sunday,2,37172.195
Abilene,2014,7,2014-07-01,231.0,35861350.0,145800.0,1033.0,5.8,2014.5,2014,2014,7,Tuesday,3,47772.195
Abilene,2014,8,2014-08-01,203.0,29671329.0,129200.0,1024.0,5.8,2014.5834,2014,2014,8,Friday,3,31172.195
Abilene,2014,9,2014-09-01,201.0,30904319.0,135900.0,1012.0,5.8,2014.6666,2014,2014,9,Monday,3,37872.195
Abilene,2014,10,2014-10-01,190.0,25431388.0,122400.0,987.0,5.6,2014.75,2014,2014,10,Wednesday,4,24372.195
Abilene,2014,11,2014-11-01,158.0,24120554.0,132200.0,941.0,5.3,2014.8334,2014,2014,11,Saturday,4,34172.195
Abilene,2014,12,2014-12-01,165.0,23959468.0,130000.0,823.0,4.6,2014.9166,2014,2014,12,Monday,4,31972.195
Abilene,2015,1,2015-01-01,158.0,23486998.0,134100.0,801.0,4.4,2015.0,2015,2015,1,Thursday,1,36072.195
Abilene,2015,2,2015-02-01,151.0,19834263.0,126500.0,767.0,4.1,2015.0834,2015,2015,2,Sunday,1,28472.195
Abilene,2015,3,2015-03-01,198.0,31869437.0,136800.0,821.0,4.4,2015.1666,2015,2015,3,Sunday,1,38772.195
Abilene,2015,4,2015-04-01,201.0,28301159.0,129600.0,891.0,4.7,2015.25,2015,2015,4,Wednesday,2,31572.195
Abilene,2015,5,2015-05-01,199.0,31385757.0,144700.0,919.0,4.8,2015.3334,2015,2015,5,Friday,2,46672.195
Abilene,2015,6,2015-06-01,260.0,41396230.0,141500.0,965.0,5.0,2015.4166,2015,2015,6,Monday,2,43472.195
Abilene,2015,7,2015-07-01,268.0,45845730.0,148700.0,986.0,5.0,2015.5,2015,2015,7,Wednesday,3,50672.195
Amarillo,2000,1,2000-01-01,102.0,8860000.0,80000.0,972.0,5.3,2000.0,2000,2000,1,Saturday,1,-35121.92
Amarillo,2000,2,2000-02-01,147.0,13875000.0,78300.0,937.0,5.1,2000.0834,2000,2000,2,Tuesday,1,-36821.92
Amarillo,2000,3,2000-03-01,201.0,17930000.0,74800.0,995.0,5.5,2000.1666,2000,2000,3,Wednesday,1,-40321.92
Amarillo,2000,4,2000-04-01,176.0,16955000.0,87700.0,985.0,5.5,2000.25,2000,2000,4,Saturday,2,-27421.922
Amarillo,2000,5,2000-05-01,198.0,19420000.0,81100.0,1020.0,5.6,2000.3334,2000,2000,5,Monday,2,-34021.92
Amarillo,2000,6,2000-06-01,206.0,20035000.0,84100.0,1055.0,5.9,2000.4166,2000,2000,6,Thursday,2,-31021.922
Amarillo,2000,7,2000-07-01,190.0,20430000.0,94300.0,1193.0,6.8,2000.5,2000,2000,7,Saturday,3,-20821.922
Amarillo,2000,8,2000-08-01,242.0,25995000.0,95300.0,1208.0,6.6,2000.5834,2000,2000,8,Tuesday,3,-19821.922
Amarillo,2000,9,2000-09-01,158.0,16000000.0,91000.0,1248.0,6.9,2000.6666,2000,2000,9,Friday,3,-24121.922
Amarillo,2000,10,2000-10-01,165.0,16810000.0,89000.0,1191.0,6.7,2000.75,2000,2000,10,Sunday,4,-26121.922
Amarillo,2000,11,2000-11-01,133.0,13955000.0,87300.0,1174.0,6.7,2000.8334,2000,2000,11,Wednesday,4,-27821.922
Amarillo,2000,12,2000-12-01,158.0,15800000.0,88300.0,1092.0,6.3,2000.9166,2000,2000,12,Friday,4,-26821.922
Amarillo,2001,1,2001-01-01,134.0,14445000.0,89000.0,1087.0,6.2,2001.0,2001,2001,1,Monday,1,-26121.922
Amarillo,2001,2,2001-02-01,157.0,15345000.0,87100.0,1037.0,5.9,2001.0834,2001,2001,2,Thursday,1,-28021.922
Amarillo,2001,3,2001-03-01,187.0,19260000.0,86300.0,1030.0,5.9,2001.1666,2001,2001,3,Thursday,1,-28821.922
Amarillo,2001,4,2001-04-01,199.0,21740000.0,93200.0,1055.0,6.0,2001.25,2001,2001,4,Sunday,2,-21921.922
Amarillo,2001,5,2001-05-01,225.0,22225000.0,88300.0,1064.0,5.9,2001.3334,2001,2001,5,Tuesday,2,-26821.922
Amarillo,2001,6,2001-06-01,242.0,25135000.0,91200.0,1092.0,6.0,2001.4166,2001,2001,6,Friday,2,-23921.922
Amarillo,2001,7,2001-07-01,210.0,25000000.0,97100.0,1141.0,6.2,2001.5,2001,2001,7,Sunday,3,-18021.922
Amarillo,2001,8,2001-08-01,259.0,29150000.0,93900.0,1144.0,6.2,2001.5834,2001,2001,8,Wednesday,3,-21221.922
Amarillo,2001,9,2001-09-01,183.0,19035000.0,87600.0,1137.0,6.1,2001.6666,2001,2001,9,Saturday,3,-27521.922
Amarillo,2001,10,2001-10-01,211.0,22530000.0,88400.0,1137.0,5.9,2001.75,2001,2001,10,Monday,4,-26721.922
Amarillo,2001,11,2001-11-01,170.0,18875000.0,90000.0,1137.0,5.8,2001.8334,2001,2001,11,Thursday,4,-25121.922
Amarillo,2001,12,2001-12-01,166.0,18270000.0,96000.0,1072.0,5.5,2001.9166,2001,2001,12,Saturday,4,-19121.922
Amarillo,2002,1,2002-01-01,146.0,14955000.0,83300.0,1071.0,5.5,2002.0,2002,2002,1,Tuesday,1,-31821.922
Amarillo,2002,2,2002-02-01,182.0,18440000.0,86400.0,1090.0,5.5,2002.0834,2002,2002,2,Friday,1,-28721.922
Amarillo,2002,3,2002-03-01,200.0,20235000.0,85300.0,1046.0,5.2,2002.1666,2002,2002,3,Friday,1,-29821.922
Amarillo,2002,4,2002-04-01,209.0,21345000.0,89100.0,1106.0,5.5,2002.25,2002,2002,4,Monday,2,-26021.922
Amarillo,2002,5,2002-05-01,198.0,21420000.0,95600.0,1140.0,5.8,2002.3334,2002,2002,5,Wednesday,2,-19521.922
Amarillo,2002,6,2002-06-01,220.0,25025000.0,97700.0,1191.0,6.1,2002.4166,2002,2002,6,Saturday,2,-17421.922
Amarillo,2002,7,2002-07-01,213.0,23185000.0,99600.0,1266.0,6.4,2002.5,2002,2002,7,Monday,3,-15521.922
Amarillo,2002,8,2002-08-01,193.0,21345000.0,93900.0,1256.0,6.6,2002.5834,2002,2002,8,Thursday,3,-21221.922
Amarillo,2002,9,2002-09-01,186.0,22045000.0,95800.0,1214.0,6.4,2002.6666,2002,2002,9,Sunday,3,-19321.922
Amarillo,2002,10,2002-10-01,176.0,21245000.0,91900.0,1242.0,6.6,2002.75,2002,2002,10,Tuesday,4,-23221.922
Amarillo,2002,11,2002-11-01,173.0,19605000.0,95000.0,1249.0,6.6,2002.8334,2002,2002,11,Friday,4,-20121.922
Amarillo,2002,12,2002-12-01,153.0,14150000.0,79600.0,1205.0,6.4,2002.9166,2002,2002,12,Sunday,4,-35521.92
Amarillo,2003,1,2003-01-01,165.0,14985000.0,79600.0,1205.0,6.4,2003.0,2003,2003,1,Wednesday,1,-35521.92
Amarillo,2003,2,2003-02-01,176.0,17255000.0,86700.0,1173.0,6.2,2003.0834,2003,2003,2,Saturday,1,-28421.922
Amarillo,2003,3,2003-03-01,203.0,22330000.0,95500.0,1293.0,6.9,2003.1666,2003,2003,3,Saturday,1,-19621.922
Amarillo,2003,4,2003-04-01,220.0,23455000.0,88900.0,1279.0,6.7,2003.25,2003,2003,4,Tuesday,2,-26221.922
Amarillo,2003,5,2003-05-01,264.0,28375000.0,98300.0,1360.0,7.0,2003.3334,2003,2003,5,Thursday,2,-16821.922
Amarillo,2003,6,2003-06-01,260.0,30990000.0,108900.0,1382.0,7.0,2003.4166,2003,2003,6,Sunday,2,-6221.922
Amarillo,2003,7,2003-07-01,296.0,32085000.0,93500.0,1412.0,6.9,2003.5,2003,2003,7,Tuesday,3,-21621.922
Amarillo,2003,8,2003-08-01,288.0,35820000.0,107400.0,1422.0,6.7,2003.5834,2003,2003,8,Friday,3,-7721.922
Amarillo,2003,9,2003-09-01,287.0,30035000.0,91900.0,1406.0,6.3,2003.6666,2003,2003,9,Monday,3,-23221.922
Amarillo,2003,10,2003-10-01,238.0,26325000.0,95600.0,1387.0,6.1,2003.75,2003,2003,10,Wednesday,4,-19521.922
Amarillo,2003,11,2003-11-01,212.0,23395000.0,95000.0,1349.0,5.9,2003.8334,2003,2003,11,Saturday,4,-20121.922
Amarillo,2003,12,2003-12-01,219.0,22975000.0,90900.0,1242.0,5.3,2003.9166,2003,2003,12,Monday,4,-24221.922
Amarillo,2004,1,2004-01-01,181.0,20110000.0,90400.0,1215.0,5.1,2004.0,2004,2004,1,Thursday,1,-24721.922
Amarillo,2004,2,2004-02-01,227.0,23885000.0,94500.0,1219.0,5.1,2004.0834,2004,2004,2,Sunday,1,-20621.922
Amarillo,2004,3,2004-03-01,248.0,27265000.0,93500.0,1186.0,4.8,2004.1666,2004,2004,3,Monday,1,-21621.922
Amarillo,2004,4,2004-04-01,274.0,30270000.0,95500.0,1196.0,4.8,2004.25,2004,2004,4,Thursday,2,-19621.922
Amarillo,2004,5,2004-05-01,289.0,32160000.0,94400.0,1199.0,4.8,2004.3334,2004,2004,5,Saturday,2,-20721.922
Amarillo,2004,6,2004-06-01,322.0,38385000.0,99600.0,1248.0,4.9,2004.4166,2004,2004,6,Tuesday,2,-15521.922
Amarillo,2004,7,2004-07-01,320.0,39300000.0,106100.0,1250.0,4.8,2004.5,2004,2004,7,Thursday,3,-9021.922
Amarillo,2004,8,2004-08-01,263.0,30490000.0,98400.0,1246.0,4.9,2004.5834,2004,2004,8,Sunday,3,-16721.922
Amarillo,2004,9,2004-09-01,266.0,30635000.0,89700.0,1241.0,4.9,2004.6666,2004,2004,9,Wednesday,3,-25421.922
Amarillo,2004,10,2004-10-01,210.0,24165000.0,98000.0,1196.0,4.7,2004.75,2004,2004,10,Friday,4,-17121.922
Amarillo,2004,11,2004-11-01,228.0,24865000.0,97700.0,1154.0,4.5,2004.8334,2004,2004,11,Monday,4,-17421.922
Amarillo,2004,12,2004-12-01,229.0,29985000.0,105500.0,1090.0,4.3,2004.9166,2004,2004,12,Wednesday,4,-9621.922
Amarillo,2005,1,2005-01-01,218.0,24070000.0,93900.0,1072.0,4.2,2005.0,2005,2005,1,Saturday,1,-21221.922
Amarillo,2005,2,2005-02-01,238.0,29525000.0,108300.0,1079.0,4.2,2005.0834,2005,2005,2,Tuesday,1,-6821.922
Amarillo,2005,3,2005-03-01,268.0,33065000.0,109200.0,1023.0,3.9,2005.1666,2005,2005,3,Tuesday,1,-5921.922
Amarillo,2005,4,2005-04-01,284.0,33030000.0,97700.0,1082.0,4.1,2005.25,2005,2005,4,Friday,2,-17421.922
Amarillo,2005,5,2005-05-01,312.0,40885000.0,112700.0,1132.0,4.3,2005.3334,2005,2005,5,Sunday,2,-2421.9219
Amarillo,2005,6,2005-06-01,340.0,46910000.0,117000.0,1156.0,4.4,2005.4166,2005,2005,6,Wednesday,2,1878.0781
Amarillo,2005,7,2005-07-01,314.0,37715000.0,107200.0,1221.0,4.6,2005.5,2005,2005,7,Friday,3,-7921.922
Amarillo,2005,8,2005-08-01,317.0,42500000.0,112600.0,1224.0,4.6,2005.5834,2005,2005,8,Monday,3,-2521.9219
Amarillo,2005,9,2005-09-01,309.0,41940000.0,111800.0,1201.0,4.4,2005.6666,2005,2005,9,Thursday,3,-3321.9219
Amarillo,2005,10,2005-10-01,67.0,7225000.0,87000.0,,,2005.75,2005,2005,10,Saturday,4,-28121.922
Amarillo,2005,11,2005-11-01,235.0,30815000.0,112400.0,1240.0,4.8,2005.8334,2005,2005,11,Tuesday,4,-2721.9219
Amarillo,2005,12,2005-12-01,211.0,25900000.0,102500.0,1121.0,4.3,2005.9166,2005,2005,12,Thursday,4,-12621.922
Amarillo,2006,1,2006-01-01,156.0,20680000.0,115000.0,1181.0,4.6,2006.0,2006,2006,1,Sunday,1,-121.921875
Amarillo,2006,2,2006-02-01,242.0,32575000.0,110700.0,1183.0,4.6,2006.0834,2006,2006,2,Wednesday,1,-4421.922
Amarillo,2006,3,2006-03-01,321.0,41000000.0,105100.0,1238.0,4.8,2006.1666,2006,2006,3,Wednesday,1,-10021.922
Amarillo,2006,4,2006-04-01,251.0,31135000.0,108700.0,1248.0,4.9,2006.25,2006,2006,4,Saturday,2,-6421.922
Amarillo,2006,5,2006-05-01,348.0,49000000.0,123000.0,1286.0,5.0,2006.3334,2006,2006,5,Monday,2,7878.078
Amarillo,2006,6,2006-06-01,345.0,46755000.0,120700.0,,,2006.4166,2006,2006,6,Thursday,2,5578.078
Amarillo,2006,7,2006-07-01,324.0,46595000.0,124300.0,1439.0,5.5,2006.5,2006,2006,7,Saturday,3,9178.078
Amarillo,2006,8,2006-08-01,362.0,50930000.0,122200.0,1511.0,5.7,2006.5834,2006,2006,8,Tuesday,3,7078.078
Amarillo,2006,9,2006-09-01,288.0,37365000.0,114100.0,,,2006.6666,2006,2006,9,Friday,3,-1021.9219
Amarillo,2006,10,2006-10-01,301.0,37585000.0,107400.0,1435.0,5.1,2006.75,2006,2006,10,Sunday,4,-7721.922
Amarillo,2006,11,2006-11-01,235.0,31405000.0,114200.0,1393.0,4.9,2006.8334,2006,2006,11,Wednesday,4,-921.9219
Amarillo,2006,12,2006-12-01,272.0,32930000.0,105200.0,1252.0,4.4,2006.9166,2006,2006,12,Friday,4,-9921.922
Amarillo,2007,1,2007-01-01,179.0,22380000.0,112600.0,1304.0,4.5,2007.0,2007,2007,1,Monday,1,-2521.9219
Amarillo,2007,2,2007-02-01,265.0,31655000.0,105000.0,1273.0,4.4,2007.0834,2007,2007,2,Thursday,1,-10121.922
Amarillo,2007,3,2007-03-01,277.0,37430000.0,117100.0,1311.0,4.6,2007.1666,2007,2007,3,Thursday,1,1978.0781
Amarillo,2007,4,2007-04-01,285.0,37810000.0,118400.0,1313.0,4.5,2007.25,2007,2007,4,Sunday,2,3278.0781
Amarillo,2007,5,2007-05-01,351.0,46910000.0,113800.0,1408.0,4.8,2007.3334,2007,2007,5,Tuesday,2,-1321.9219
Amarillo,2007,6,2007-06-01,348.0,50975000.0,117700.0,1458.0,5.0,2007.4166,2007,2007,6,Friday,2,2578.0781
Amarillo,2007,7,2007-07-01,326.0,45000000.0,114400.0,1549.0,5.3,2007.5,2007,2007,7,Sunday,3,-721.9219
Amarillo,2007,8,2007-08-01,315.0,50625000.0,133100.0,1584.0,5.5,2007.5834,2007,2007,8,Wednesday,3,17978.078
Amarillo,2007,9,2007-09-01,242.0,34370000.0,121800.0,1578.0,5.6,2007.6666,2007,2007,9,Saturday,3,6678.078
Amarillo,2007,10,2007-10-01,243.0,33060000.0,116100.0,1513.0,5.4,2007.75,2007,2007,10,Monday,4,978.0781
Amarillo,2007,11,2007-11-01,253.0,32910000.0,114800.0,,,2007.8334,2007,2007,11,Thursday,4,-321.92188
Amarillo,2007,12,2007-12-01,216.0,31950000.0,129000.0,1373.0,5.0,2007.9166,2007,2007,12,Saturday,4,13878.078
Amarillo,2008,1,2008-01-01,187.0,26055000.0,123600.0,1421.0,5.2,2008.0,2008,2008,1,Tuesday,1,8478.078
Amarillo,2008,2,2008-02-01,274.0,37900000.0,122700.0,1413.0,5.1,2008.0834,2008,2008,2,Friday,1,7578.078
Amarillo,2008,3,2008-03-01,264.0,36825000.0,122300.0,1336.0,4.9,2008.1666,2008,2008,3,Saturday,1,7178.078
Amarillo,2008,4,2008-04-01,299.0,45755000.0,124900.0,1387.0,5.0,2008.25,2008,2008,4,Tuesday,2,9778.078
Amarillo,2008,5,2008-05-01,291.0,41435000.0,122200.0,1498.0,5.5,2008.3334,2008,2008,5,Thursday,2,7078.078
Amarillo,2008,6,2008-06-01,296.0,42955000.0,122600.0,1519.0,5.7,2008.4166,2008,2008,6,Sunday,2,7478.078
Amarillo,2008,7,2008-07-01,324.0,45600000.0,123100.0,1564.0,5.9,2008.5,2008,2008,7,Tuesday,3,7978.078
Amarillo,2008,8,2008-08-01,284.0,40730000.0,129500.0,1519.0,5.7,2008.5834,2008,2008,8,Friday,3,14378.078
Amarillo,2008,9,2008-09-01,254.0,38575000.0,132700.0,1480.0,5.6,2008.6666,2008,2008,9,Monday,3,17578.078
Amarillo,2008,10,2008-10-01,226.0,34800000.0,130000.0,1474.0,5.6,2008.75,2008,2008,10,Wednesday,4,14878.078
Amarillo,2008,11,2008-11-01,140.0,19235000.0,116500.0,1471.0,5.8,2008.8334,2008,2008,11,Saturday,4,1378.0781
Amarillo,2008,12,2008-12-01,170.0,22755000.0,117900.0,1437.0,5.7,2008.9166,2008,2008,12,Monday,4,2778.0781
Amarillo,2009,1,2009-01-01,151.0,22330000.0,127300.0,1430.0,5.8,2009.0,2009,2009,1,Thursday,1,12178.078
Amarillo,2009,2,2009-02-01,179.0,24005000.0,118800.0,1458.0,6.1,2009.0834,2009,2009,2,Sunday,1,3678.0781
Amarillo,2009,3,2009-03-01,202.0,27975000.0,121200.0,1470.0,6.3,2009.1666,2009,2009,3,Sunday,1,6078.078
Amarillo,2009,4,2009-04-01,227.0,31570000.0,126000.0,1533.0,6.7,2009.25,2009,2009,4,Wednesday,2,10878.078
Amarillo,2009,5,2009-05-01,247.0,36520000.0,129500.0,1506.0,6.7,2009.3334,2009,2009,5,Friday,2,14378.078
Amarillo,2009,6,2009-06-01,307.0,46045000.0,126000.0,1543.0,6.8,2009.4166,2009,2009,6,Monday,2,10878.078
Amarillo,2009,7,2009-07-01,254.0,36730000.0,124600.0,1588.0,7.2,2009.5,2009,2009,7,Wednesday,3,9478.078
Amarillo,2009,8,2009-08-01,246.0,34305000.0,124700.0,1589.0,7.3,2009.5834,2009,2009,8,Saturday,3,9578.078
Amarillo,2009,9,2009-09-01,251.0,32745000.0,117600.0,1520.0,7.0,2009.6666,2009,2009,9,Tuesday,3,2478.0781
Amarillo,2009,10,2009-10-01,266.0,37810000.0,123700.0,1470.0,6.7,2009.75,2009,2009,10,Thursday,4,8578.078
Amarillo,2009,11,2009-11-01,263.0,37462352.0,123500.0,1360.0,5.9,2009.8334,2009,2009,11,Sunday,4,8378.078
Amarillo,2009,12,2009-12-01,204.0,28945000.0,116500.0,1261.0,5.4,2009.9166,2009,2009,12,Tuesday,4,1378.0781
Amarillo,2010,1,2010-01-01,107.0,16555053.0,131200.0,1311.0,5.7,2010.0,2010,2010,1,Friday,1,16078.078
Amarillo,2010,2,2010-02-01,178.0,23246256.0,115000.0,1338.0,5.8,2010.0834,2010,2010,2,Monday,1,-121.921875
Amarillo,2010,3,2010-03-01,203.0,26989053.0,113500.0,1472.0,6.4,2010.1666,2010,2010,3,Monday,1,-1621.9219
Amarillo,2010,4,2010-04-01,293.0,39634272.0,122800.0,1474.0,6.3,2010.25,2010,2010,4,Thursday,2,7678.078
Amarillo,2010,5,2010-05-01,333.0,45797490.0,122100.0,,,2010.3334,2010,2010,5,Saturday,2,6978.078
Amarillo,2010,6,2010-06-01,272.0,42959136.0,139400.0,1449.0,6.1,2010.4166,2010,2010,6,Tuesday,2,24278.078
Amarillo,2010,7,2010-07-01,182.0,25534386.0,126200.0,1643.0,7.0,2010.5,2010,2010,7,Thursday,3,11078.078
Amarillo,2010,8,2010-08-01,247.0,42336958.0,130300.0,1592.0,6.8,2010.5834,2010,2010,8,Sunday,3,15178.078
Amarillo,2010,9,2010-09-01,205.0,28885143.0,125800.0,1550.0,6.8,2010.6666,2010,2010,9,Wednesday,3,10678.078
Amarillo,2010,10,2010-10-01,216.0,31979853.0,125500.0,1527.0,6.8,2010.75,2010,2010,10,Friday,4,10378.078
Amarillo,2010,11,2010-11-01,135.0,20171558.0,130700.0,1341.0,6.2,2010.8334,2010,2010,11,Monday,4,15578.078
Amarillo,2010,12,2010-12-01,185.0,24975000.0,118900.0,1381.0,6.5,2010.9166,2010,2010,12,Wednesday,4,3778.0781
Amarillo,2011,1,2011-01-01,122.0,16986129.0,122700.0,1480.0,6.9,2011.0,2011,2011,1,Saturday,1,7578.078
Amarillo,2011,2,2011-02-01,153.0,21097782.0,113800.0,1409.0,6.6,2011.0834,2011,2011,2,Tuesday,1,-1321.9219
Amarillo,2011,3,2011-03-01,221.0,31326971.0,123500.0,1435.0,6.7,2011.1666,2011,2011,3,Tuesday,1,8378.078
Amarillo,2011,4,2011-04-01,226.0,34340022.0,126200.0,1470.0,7.1,2011.25,2011,2011,4,Friday,2,11078.078
Amarillo,2011,5,2011-05-01,239.0,34842734.0,126600.0,1507.0,7.5,2011.3334,2011,2011,5,Sunday,2,11478.078
Amarillo,2011,6,2011-06-01,276.0,43981120.0,136000.0,1513.0,7.5,2011.4166,2011,2011,6,Wednesday,2,20878.078
Amarillo,2011,7,2011-07-01,267.0,39229851.0,124400.0,1511.0,7.3,2011.5,2011,2011,7,Friday,3,9278.078
Amarillo,2011,8,2011-08-01,390.0,40411846.0,137100.0,1534.0,7.0,2011.5834,2011,2011,8,Monday,3,21978.078
Amarillo,2011,9,2011-09-01,202.0,30498652.0,128000.0,1496.0,6.8,2011.6666,2011,2011,9,Thursday,3,12878.078
Amarillo,2011,10,2011-10-01,221.0,33245352.0,126800.0,1147.0,5.2,2011.75,2011,2011,10,Saturday,4,11678.078
Amarillo,2011,11,2011-11-01,196.0,30877378.0,128100.0,1328.0,5.9,2011.8334,2011,2011,11,Tuesday,4,12978.078
Amarillo,2011,12,2011-12-01,192.0,28348675.0,126700.0,1153.0,5.1,2011.9166,2011,2011,12,Thursday,4,11578.078
Amarillo,2012,1,2012-01-01,143.0,20409784.0,125500.0,1302.0,5.7,2012.0,2012,2012,1,Sunday,1,10378.078
Amarillo,2012,2,2012-02-01,162.0,22084286.0,122500.0,1277.0,5.6,2012.0834,2012,2012,2,Wednesday,1,7378.078
Amarillo,2012,3,2012-03-01,248.0,36909154.0,131000.0,1315.0,5.7,2012.1666,2012,2012,3,Thursday,1,15878.078
Amarillo,2012,4,2012-04-01,251.0,36550052.0,132100.0,1355.0,5.8,2012.25,2012,2012,4,Sunday,2,16978.078
Amarillo,2012,5,2012-05-01,256.0,47384870.0,145000.0,1373.0,5.9,2012.3334,2012,2012,5,Tuesday,2,29878.078
Amarillo,2012,6,2012-06-01,320.0,47567541.0,131500.0,1400.0,5.9,2012.4166,2012,2012,6,Friday,2,16378.078
Amarillo,2012,7,2012-07-01,268.0,43218765.0,139300.0,1446.0,6.1,2012.5,2012,2012,7,Sunday,3,24178.078
Amarillo,2012,8,2012-08-01,302.0,51381019.0,141800.0,1377.0,6.0,2012.5834,2012,2012,8,Wednesday,3,26678.078
Amarillo,2012,9,2012-09-01,265.0,41571476.0,136600.0,1335.0,5.7,2012.6666,2012,2012,9,Saturday,3,21478.078
Amarillo,2012,10,2012-10-01,242.0,39504208.0,138500.0,1309.0,5.5,2012.75,2012,2012,10,Monday,4,23378.078
Amarillo,2012,11,2012-11-01,248.0,36918379.0,121500.0,1252.0,5.2,2012.8334,2012,2012,11,Thursday,4,6378.078
Amarillo,2012,12,2012-12-01,228.0,35395056.0,128300.0,1124.0,4.6,2012.9166,2012,2012,12,Saturday,4,13178.078
Amarillo,2013,1,2013-01-01,187.0,26444725.0,115000.0,1215.0,4.9,2013.0,2013,2013,1,Tuesday,1,-121.921875
Amarillo,2013,2,2013-02-01,175.0,26609836.0,127700.0,1184.0,4.8,2013.0834,2013,2013,2,Friday,1,12578.078
Amarillo,2013,3,2013-03-01,252.0,38218836.0,126200.0,1130.0,4.5,2013.1666,2013,2013,3,Friday,1,11078.078
Amarillo,2013,4,2013-04-01,302.0,46774790.0,138900.0,1209.0,4.8,2013.25,2013,2013,4,Monday,2,23778.078
Amarillo,2013,5,2013-05-01,304.0,47772765.0,137900.0,1346.0,5.2,2013.3334,2013,2013,5,Wednesday,2,22778.078
Amarillo,2013,6,2013-06-01,275.0,45613832.0,145100.0,1366.0,5.4,2013.4166,2013,2013,6,Saturday,2,29978.078
Amarillo,2013,7,2013-07-01,308.0,50658875.0,149700.0,1374.0,5.3,2013.5,2013,2013,7,Monday,3,34578.08
Amarillo,2013,8,2013-08-01,287.0,48385038.0,145600.0,1385.0,5.4,2013.5834,2013,2013,8,Thursday,3,30478.078
Amarillo,2013,9,2013-09-01,257.0,42851137.0,139700.0,1367.0,5.4,2013.6666,2013,2013,9,Sunday,3,24578.078
Amarillo,2013,10,2013-10-01,256.0,42109011.0,143700.0,1296.0,5.1,2013.75,2013,2013,10,Tuesday,4,28578.078
Amarillo,2013,11,2013-11-01,209.0,35271731.0,132400.0,1229.0,4.9,2013.8334,2013,2013,11,Friday,4,17278.078
Amarillo,2013,12,2013-12-01,245.0,40478351.0,142200.0,1146.0,4.5,2013.9166,2013,2013,12,Sunday,4,27078.078
Amarillo,2014,1,2014-01-01,164.0,30053425.0,137500.0,1183.0,4.7,2014.0,2014,2014,1,Wednesday,1,22378.078
Amarillo,2014,2,2014-02-01,205.0,32266720.0,139000.0,1146.0,4.5,2014.0834,2014,2014,2,Saturday,1,23878.078
Amarillo,2014,3,2014-03-01,244.0,37477782.0,138100.0,1160.0,4.6,2014.1666,2014,2014,3,Saturday,1,22978.078
Amarillo,2014,4,2014-04-01,260.0,44299103.0,139400.0,1202.0,4.8,2014.25,2014,2014,4,Tuesday,2,24278.078
Amarillo,2014,5,2014-05-01,290.0,46266884.0,137000.0,1243.0,5.0,2014.3334,2014,2014,5,Thursday,2,21878.078
Amarillo,2014,6,2014-06-01,351.0,59577665.0,145700.0,1304.0,5.1,2014.4166,2014,2014,6,Sunday,2,30578.078
Amarillo,2014,7,2014-07-01,305.0,54629643.0,150900.0,1352.0,5.3,2014.5,2014,2014,7,Tuesday,3,35778.08
Amarillo,2014,8,2014-08-01,279.0,49714220.0,152500.0,1337.0,5.2,2014.5834,2014,2014,8,Friday,3,37378.08
Amarillo,2014,9,2014-09-01,272.0,45370534.0,136700.0,1284.0,5.0,2014.6666,2014,2014,9,Monday,3,21578.078
Amarillo,2014,10,2014-10-01,267.0,43330229.0,141100.0,1291.0,5.0,2014.75,2014,2014,10,Wednesday,4,25978.078
Amarillo,2014,11,2014-11-01,226.0,36158899.0,137900.0,1212.0,4.7,2014.8334,2014,2014,11,Saturday,4,22778.078
Amarillo,2014,12,2014-12-01,239.0,42276704.0,145200.0,1106.0,4.3,2014.9166,2014,2014,12,Monday,4,30078.078
Amarillo,2015,1,2015-01-01,204.0,33188726.0,138500.0,1120.0,4.3,2015.0,2015,2015,1,Thursday,1,23378.078
Amarillo,2015,2,2015-02-01,188.0,34355428.0,149400.0,1084.0,4.2,2015.0834,2015,2015,2,Sunday,1,34278.08
Amarillo,2015,3,2015-03-01,317.0,53603130.0,140900.0,1051.0,3.9,2015.1666,2015,2015,3,Sunday,1,25778.078
Amarillo,2015,4,2015-04-01,314.0,50570482.0,147200.0,1041.0,3.8,2015.25,2015,2015,4,Wednesday,2,32078.078
Amarillo,2015,5,2015-05-01,339.0,61402581.0,157900.0,1085.0,3.9,2015.3334,2015,2015,5,Friday,2,42778.08
Amarillo,2015,6,2015-06-01,342.0,61748196.0,152100.0,1213.0,4.4,2015.4166,2015,2015,6,Monday,2,36978.08
Amarillo,2015,7,2015-07-01,354.0,62261916.0,149700.0,1247.0,4.5,2015.5,2015,2015,7,Wednesday,3,34578.08
Arlington,2000,1,2000-01-01,241.0,26220683.0,94000.0,1417.0,3.7,2000.0,2000,2000,1,Saturday,1,-34314.438
Arlington,2000,2,2000-02-01,337.0,36618555.0,94300.0,1402.0,3.6,2000.0834,2000,2000,2,Tuesday,1,-34014.438
Arlington,2000,3,2000-03-01,493.0,56714365.0,98700.0,1347.0,3.4,2000.1666,2000,2000,3,Wednesday,1,-29614.438
Arlington,2000,4,2000-04-01,456.0,54108160.0,99000.0,1346.0,3.4,2000.25,2000,2000,4,Saturday,2,-29314.438
Arlington,2000,5,2000-05-01,498.0,58688050.0,103000.0,1360.0,3.4,2000.3334,2000,2000,5,Monday,2,-25314.438
Arlington,2000,6,2000-06-01,491.0,61753364.0,107900.0,1421.0,3.5,2000.4166,2000,2000,6,Thursday,2,-20414.438
Arlington,2000,7,2000-07-01,446.0,54540495.0,105800.0,1434.0,3.6,2000.5,2000,2000,7,Saturday,3,-22514.438
Arlington,2000,8,2000-08-01,507.0,60875199.0,103400.0,1417.0,3.5,2000.5834,2000,2000,8,Tuesday,3,-24914.438
Arlington,2000,9,2000-09-01,407.0,52509988.0,110500.0,1418.0,3.5,2000.6666,2000,2000,9,Friday,3,-17814.438
Arlington,2000,10,2000-10-01,392.0,48300376.0,104100.0,1418.0,3.4,2000.75,2000,2000,10,Sunday,4,-24214.438
Arlington,2000,11,2000-11-01,338.0,41776960.0,107700.0,1370.0,3.3,2000.8334,2000,2000,11,Wednesday,4,-20614.438
Arlington,2000,12,2000-12-01,363.0,46705325.0,105700.0,1306.0,3.2,2000.9166,2000,2000,12,Friday,4,-22614.438
Arlington,2001,1,2001-01-01,266.0,34187727.0,105700.0,1428.0,3.4,2001.0,2001,2001,1,Monday,1,-22614.438
Arlington,2001,2,2001-02-01,402.0,48908661.0,106400.0,1466.0,3.5,2001.0834,2001,2001,2,Thursday,1,-21914.438
Arlington,2001,3,2001-03-01,481.0,61799819.0,109700.0,1516.0,3.6,2001.1666,2001,2001,3,Thursday,1,-18614.438
Arlington,2001,4,2001-04-01,487.0,63515514.0,111600.0,1517.0,3.6,2001.25,2001,2001,4,Sunday,2,-16714.438
Arlington,2001,5,2001-05-01,536.0,69878959.0,114400.0,1592.0,3.7,2001.3334,2001,2001,5,Tuesday,2,-13914.4375
Arlington,2001,6,2001-06-01,534.0,67744182.0,108500.0,1627.0,3.8,2001.4166,2001,2001,6,Friday,2,-19814.438
Arlington,2001,7,2001-07-01,500.0,66350350.0,116000.0,1693.0,3.9,2001.5,2001,2001,7,Sunday,3,-12314.4375
Arlington,2001,8,2001-08-01,505.0,65080743.0,113600.0,1616.0,3.7,2001.5834,2001,2001,8,Wednesday,3,-14714.4375
Arlington,2001,9,2001-09-01,442.0,56728723.0,112000.0,1656.0,3.8,2001.6666,2001,2001,9,Saturday,3,-16314.4375
Arlington,2001,10,2001-10-01,407.0,51328965.0,113200.0,1647.0,3.8,2001.75,2001,2001,10,Monday,4,-15114.4375
Arlington,2001,11,2001-11-01,425.0,53024458.0,111700.0,1583.0,3.6,2001.8334,2001,2001,11,Thursday,4,-16614.438
Arlington,2001,12,2001-12-01,353.0,47654250.0,116400.0,1464.0,3.3,2001.9166,2001,2001,12,Saturday,4,-11914.4375
Arlington,2002,1,2002-01-01,314.0,39966772.0,112000.0,1542.0,3.4,2002.0,2002,2002,1,Tuesday,1,-16314.4375
Arlington,2002,2,2002-02-01,378.0,46058048.0,107500.0,1653.0,3.7,2002.0834,2002,2002,2,Friday,1,-20814.438
Arlington,2002,3,2002-03-01,461.0,58346224.0,113700.0,1643.0,3.7,2002.1666,2002,2002,3,Friday,1,-14614.4375
Arlington,2002,4,2002-04-01,468.0,61356437.0,111800.0,1683.0,3.8,2002.25,2002,2002,4,Monday,2,-16514.438
Arlington,2002,5,2002-05-01,503.0,67240236.0,116100.0,1741.0,3.9,2002.3334,2002,2002,5,Wednesday,2,-12214.4375
Arlington,2002,6,2002-06-01,495.0,64673182.0,116300.0,1811.0,4.1,2002.4166,2002,2002,6,Saturday,2,-12014.4375
Arlington,2002,7,2002-07-01,509.0,66954143.0,119100.0,1925.0,4.4,2002.5,2002,2002,7,Monday,3,-9214.4375
Arlington,2002,8,2002-08-01,467.0,62199241.0,117200.0,1909.0,4.4,2002.5834,2002,2002,8,Thursday,3,-11114.4375
Arlington,2002,9,2002-09-01,426.0,54118102.0,116100.0,1955.0,4.5,2002.6666,2002,2002,9,Sunday,3,-12214.4375
Arlington,2002,10,2002-10-01,423.0,56866208.0,116000.0,2050.0,4.7,2002.75,2002,2002,10,Tuesday,4,-12314.4375
Arlington,2002,11,2002-11-01,368.0,47740480.0,116600.0,1999.0,4.6,2002.8334,2002,2002,11,Friday,4,-11714.4375
Arlington,2002,12,2002-12-01,391.0,49595229.0,117100.0,1976.0,4.6,2002.9166,2002,2002,12,Sunday,4,-11214.4375
Arlington,2003,1,2003-01-01,335.0,42505826.0,114500.0,2155.0,5.0,2003.0,2003,2003,1,Wednesday,1,-13814.4375
Arlington,2003,2,2003-02-01,370.0,51593837.0,119500.0,2194.0,5.0,2003.0834,2003,2003,2,Saturday,1,-8814.4375
Arlington,2003,3,2003-03-01,459.0,59668872.0,119900.0,2345.0,5.4,2003.1666,2003,2003,3,Saturday,1,-8414.4375
Arlington,2003,4,2003-04-01,420.0,52103275.0,113800.0,2478.0,5.8,2003.25,2003,2003,4,Tuesday,2,-14514.4375
Arlington,2003,5,2003-05-01,502.0,67131982.0,118000.0,2544.0,5.9,2003.3334,2003,2003,5,Thursday,2,-10314.4375
Arlington,2003,6,2003-06-01,495.0,68632935.0,122900.0,2731.0,6.3,2003.4166,2003,2003,6,Sunday,2,-5414.4375
Arlington,2003,7,2003-07-01,524.0,73194692.0,123500.0,2799.0,6.5,2003.5,2003,2003,7,Tuesday,3,-4814.4375
Arlington,2003,8,2003-08-01,531.0,72397143.0,123900.0,2801.0,6.4,2003.5834,2003,2003,8,Friday,3,-4414.4375
Arlington,2003,9,2003-09-01,451.0,63432091.0,119200.0,2708.0,6.2,2003.6666,2003,2003,9,Monday,3,-9114.4375
Arlington,2003,10,2003-10-01,451.0,59867438.0,123400.0,2637.0,6.0,2003.75,2003,2003,10,Wednesday,4,-4914.4375
Arlington,2003,11,2003-11-01,362.0,51186383.0,123100.0,2539.0,5.8,2003.8334,2003,2003,11,Saturday,4,-5214.4375
Arlington,2003,12,2003-12-01,405.0,55076568.0,120200.0,2426.0,5.5,2003.9166,2003,2003,12,Monday,4,-8114.4375
Arlington,2004,1,2004-01-01,288.0,36572326.0,114500.0,2638.0,6.0,2004.0,2004,2004,1,Thursday,1,-13814.4375
Arlington,2004,2,2004-02-01,354.0,48048923.0,120400.0,2709.0,6.2,2004.0834,2004,2004,2,Sunday,1,-7914.4375
Arlington,2004,3,2004-03-01,493.0,66902880.0,117000.0,2823.0,6.4,2004.1666,2004,2004,3,Monday,1,-11314.4375
Arlington,2004,4,2004-04-01,489.0,66665281.0,117100.0,2915.0,6.5,2004.25,2004,2004,4,Thursday,2,-11214.4375
Arlington,2004,5,2004-05-01,527.0,72401436.0,118300.0,2922.0,6.5,2004.3334,2004,2004,5,Saturday,2,-10014.4375
Arlington,2004,6,2004-06-01,515.0,73886166.0,121300.0,2893.0,6.4,2004.4166,2004,2004,6,Tuesday,2,-7014.4375
Arlington,2004,7,2004-07-01,578.0,79609568.0,123800.0,2900.0,6.4,2004.5,2004,2004,7,Thursday,3,-4514.4375
Arlington,2004,8,2004-08-01,515.0,72336231.0,121500.0,2833.0,6.3,2004.5834,2004,2004,8,Sunday,3,-6814.4375
Arlington,2004,9,2004-09-01,480.0,66141732.0,120300.0,2777.0,6.1,2004.6666,2004,2004,9,Wednesday,3,-8014.4375
Arlington,2004,10,2004-10-01,464.0,63006978.0,124100.0,2769.0,6.1,2004.75,2004,2004,10,Friday,4,-4214.4375
Arlington,2004,11,2004-11-01,394.0,52819945.0,123700.0,2640.0,5.8,2004.8334,2004,2004,11,Monday,4,-4614.4375
Arlington,2004,12,2004-12-01,446.0,63363369.0,123300.0,2475.0,5.4,2004.9166,2004,2004,12,Wednesday,4,-5014.4375
Arlington,2005,1,2005-01-01,327.0,43605670.0,120500.0,2671.0,5.7,2005.0,2005,2005,1,Saturday,1,-7814.4375
Arlington,2005,2,2005-02-01,364.0,48747730.0,122200.0,2828.0,6.1,2005.0834,2005,2005,2,Tuesday,1,-6114.4375
Arlington,2005,3,2005-03-01,492.0,68782581.0,123900.0,2890.0,6.2,2005.1666,2005,2005,3,Tuesday,1,-4414.4375
Arlington,2005,4,2005-04-01,548.0,78286558.0,124600.0,2954.0,6.3,2005.25,2005,2005,4,Friday,2,-3714.4375
Arlington,2005,5,2005-05-01,579.0,81002282.0,124200.0,2963.0,6.2,2005.3334,2005,2005,5,Sunday,2,-4114.4375
Arlington,2005,6,2005-06-01,660.0,97579136.0,127000.0,3102.0,6.4,2005.4166,2005,2005,6,Wednesday,2,-1314.4375
Arlington,2005,7,2005-07-01,588.0,88850414.0,135100.0,3172.0,6.5,2005.5,2005,2005,7,Friday,3,6785.5625
Arlington,2005,8,2005-08-01,628.0,94065048.0,132800.0,,,2005.5834,2005,2005,8,Monday,3,4485.5625
Arlington,2005,9,2005-09-01,551.0,85175555.0,134100.0,2846.0,5.7,2005.6666,2005,2005,9,Thursday,3,5785.5625
Arlington,2005,10,2005-10-01,482.0,69275277.0,130700.0,2844.0,5.6,2005.75,2005,2005,10,Saturday,4,2385.5625
Arlington,2005,11,2005-11-01,448.0,65724505.0,130500.0,2769.0,5.4,2005.8334,2005,2005,11,Tuesday,4,2185.5625
Arlington,2005,12,2005-12-01,484.0,76456692.0,135600.0,2537.0,4.9,2005.9166,2005,2005,12,Thursday,4,7285.5625
Arlington,2006,1,2006-01-01,348.0,50313284.0,125200.0,2720.0,5.3,2006.0,2006,2006,1,Sunday,1,-3114.4375
Arlington,2006,2,2006-02-01,415.0,58242346.0,125500.0,2843.0,5.5,2006.0834,2006,2006,2,Wednesday,1,-2814.4375
Arlington,2006,3,2006-03-01,578.0,83537970.0,129500.0,2950.0,5.6,2006.1666,2006,2006,3,Wednesday,1,1185.5625
Arlington,2006,4,2006-04-01,583.0,82590779.0,128600.0,3008.0,5.7,2006.25,2006,2006,4,Saturday,2,285.5625
Arlington,2006,5,2006-05-01,656.0,95885042.0,129300.0,3099.0,5.8,2006.3334,2006,2006,5,Monday,2,985.5625
Arlington,2006,6,2006-06-01,720.0,107962697.0,134300.0,3122.0,5.8,2006.4166,2006,2006,6,Thursday,2,5985.5625
Arlington,2006,7,2006-07-01,621.0,93238745.0,132600.0,3207.0,5.9,2006.5,2006,2006,7,Saturday,3,4285.5625
Arlington,2006,8,2006-08-01,715.0,106903695.0,130900.0,3178.0,5.8,2006.5834,2006,2006,8,Tuesday,3,2585.5625
Arlington,2006,9,2006-09-01,505.0,75665308.0,131800.0,3215.0,5.9,2006.6666,2006,2006,9,Friday,3,3485.5625
Arlington,2006,10,2006-10-01,483.0,70733566.0,128800.0,3126.0,5.7,2006.75,2006,2006,10,Sunday,4,485.5625
Arlington,2006,11,2006-11-01,472.0,69649910.0,133100.0,3019.0,5.5,2006.8334,2006,2006,11,Wednesday,4,4785.5625
Arlington,2006,12,2006-12-01,487.0,74138446.0,134100.0,2829.0,5.2,2006.9166,2006,2006,12,Friday,4,5785.5625
Arlington,2007,1,2007-01-01,391.0,58230415.0,130500.0,2967.0,5.4,2007.0,2007,2007,1,Monday,1,2185.5625
Arlington,2007,2,2007-02-01,420.0,63293055.0,126800.0,3042.0,5.5,2007.0834,2007,2007,2,Thursday,1,-1514.4375
Arlington,2007,3,2007-03-01,573.0,86029966.0,131700.0,3160.0,5.7,2007.1666,2007,2007,3,Thursday,1,3385.5625
Arlington,2007,4,2007-04-01,541.0,77760044.0,129200.0,3209.0,5.8,2007.25,2007,2007,4,Sunday,2,885.5625
Arlington,2007,5,2007-05-01,605.0,88579861.0,128000.0,3161.0,5.8,2007.3334,2007,2007,5,Tuesday,2,-314.4375
Arlington,2007,6,2007-06-01,619.0,91363030.0,133200.0,3140.0,5.9,2007.4166,2007,2007,6,Friday,2,4885.5625
Arlington,2007,7,2007-07-01,567.0,87483513.0,135700.0,3208.0,6.0,2007.5,2007,2007,7,Sunday,3,7385.5625
Arlington,2007,8,2007-08-01,553.0,81555794.0,128300.0,3049.0,5.9,2007.5834,2007,2007,8,Wednesday,3,-14.4375
Arlington,2007,9,2007-09-01,427.0,66067557.0,132300.0,3029.0,5.9,2007.6666,2007,2007,9,Saturday,3,3985.5625
Arlington,2007,10,2007-10-01,407.0,60303327.0,128600.0,3020.0,6.0,2007.75,2007,2007,10,Monday,4,285.5625
Arlington,2007,11,2007-11-01,382.0,58123749.0,132900.0,2794.0,5.6,2007.8334,2007,2007,11,Thursday,4,4585.5625
Arlington,2007,12,2007-12-01,397.0,56669818.0,126200.0,2580.0,5.3,2007.9166,2007,2007,12,Saturday,4,-2114.4375
Arlington,2008,1,2008-01-01,299.0,41280330.0,128000.0,2652.0,5.5,2008.0,2008,2008,1,Tuesday,1,-314.4375
Arlington,2008,2,2008-02-01,361.0,52437477.0,127000.0,2606.0,5.5,2008.0834,2008,2008,2,Friday,1,-1314.4375
Arlington,2008,3,2008-03-01,390.0,60168088.0,131100.0,2660.0,5.8,2008.1666,2008,2008,3,Saturday,1,2785.5625
Arlington,2008,4,2008-04-01,458.0,67512370.0,130400.0,2676.0,5.9,2008.25,2008,2008,4,Tuesday,2,2085.5625
Arlington,2008,5,2008-05-01,531.0,81648934.0,131700.0,2578.0,5.7,2008.3334,2008,2008,5,Thursday,2,3385.5625
Arlington,2008,6,2008-06-01,468.0,71016280.0,131400.0,2587.0,5.9,2008.4166,2008,2008,6,Sunday,2,3085.5625
Arlington,2008,7,2008-07-01,452.0,69076095.0,136600.0,2546.0,6.0,2008.5,2008,2008,7,Tuesday,3,8285.5625
Arlington,2008,8,2008-08-01,464.0,67702876.0,130700.0,2415.0,5.8,2008.5834,2008,2008,8,Friday,3,2385.5625
Arlington,2008,9,2008-09-01,436.0,63544449.0,127900.0,2241.0,5.3,2008.6666,2008,2008,9,Monday,3,-414.4375
Arlington,2008,10,2008-10-01,369.0,51740641.0,126300.0,2203.0,5.3,2008.75,2008,2008,10,Wednesday,4,-2014.4375
Arlington,2008,11,2008-11-01,263.0,37364981.0,123200.0,2139.0,5.3,2008.8334,2008,2008,11,Saturday,4,-5114.4375
Arlington,2008,12,2008-12-01,323.0,46549795.0,130200.0,1957.0,4.9,2008.9166,2008,2008,12,Monday,4,1885.5625
Arlington,2009,1,2009-01-01,214.0,28826098.0,121300.0,2000.0,5.1,2009.0,2009,2009,1,Thursday,1,-7014.4375
Arlington,2009,2,2009-02-01,253.0,35719731.0,127400.0,2060.0,5.3,2009.0834,2009,2009,2,Sunday,1,-914.4375
Arlington,2009,3,2009-03-01,344.0,48412582.0,123900.0,2094.0,5.5,2009.1666,2009,2009,3,Sunday,1,-4414.4375
Arlington,2009,4,2009-04-01,356.0,49918860.0,127100.0,2056.0,5.5,2009.25,2009,2009,4,Wednesday,2,-1214.4375
Arlington,2009,5,2009-05-01,351.0,50405268.0,128200.0,2191.0,6.1,2009.3334,2009,2009,5,Friday,2,-114.4375
Arlington,2009,6,2009-06-01,417.0,63626964.0,135100.0,1944.0,5.5,2009.4166,2009,2009,6,Monday,2,6785.5625
Arlington,2009,7,2009-07-01,448.0,64287307.0,131400.0,1943.0,5.5,2009.5,2009,2009,7,Wednesday,3,3085.5625
Arlington,2009,8,2009-08-01,409.0,61097738.0,132900.0,1864.0,5.3,2009.5834,2009,2009,8,Saturday,3,4585.5625
Arlington,2009,9,2009-09-01,365.0,49927665.0,126100.0,1754.0,5.1,2009.6666,2009,2009,9,Tuesday,3,-2214.4375
Arlington,2009,10,2009-10-01,424.0,63227634.0,131700.0,1787.0,5.1,2009.75,2009,2009,10,Thursday,4,3385.5625
Arlington,2009,11,2009-11-01,360.0,50384639.0,127600.0,1708.0,4.8,2009.8334,2009,2009,11,Sunday,4,-714.4375
Arlington,2009,12,2009-12-01,328.0,49744684.0,132400.0,1673.0,4.7,2009.9166,2009,2009,12,Tuesday,4,4085.5625
Arlington,2010,1,2010-01-01,216.0,29631325.0,123100.0,1750.0,4.9,2010.0,2010,2010,1,Friday,1,-5214.4375
Arlington,2010,2,2010-02-01,275.0,40004983.0,126000.0,1839.0,5.1,2010.0834,2010,2010,2,Monday,1,-2314.4375
Arlington,2010,3,2010-03-01,412.0,62970419.0,129700.0,1877.0,5.2,2010.1666,2010,2010,3,Monday,1,1385.5625
Arlington,2010,4,2010-04-01,451.0,64885372.0,130100.0,1847.0,5.0,2010.25,2010,2010,4,Thursday,2,1785.5625
Arlington,2010,5,2010-05-01,450.0,66279392.0,132300.0,2016.0,5.3,2010.3334,2010,2010,5,Saturday,2,3985.5625
Arlington,2010,6,2010-06-01,367.0,58389192.0,134600.0,2221.0,5.9,2010.4166,2010,2010,6,Tuesday,2,6285.5625
Arlington,2010,7,2010-07-01,279.0,40514948.0,133200.0,2313.0,6.4,2010.5,2010,2010,7,Thursday,3,4885.5625
Arlington,2010,8,2010-08-01,311.0,49221252.0,135000.0,2226.0,6.3,2010.5834,2010,2010,8,Sunday,3,6685.5625
Arlington,2010,9,2010-09-01,297.0,44224586.0,128000.0,2161.0,6.2,2010.6666,2010,2010,9,Wednesday,3,-314.4375
Arlington,2010,10,2010-10-01,280.0,38596506.0,127500.0,1993.0,5.9,2010.75,2010,2010,10,Friday,4,-814.4375
Arlington,2010,11,2010-11-01,260.0,36954226.0,127100.0,1905.0,5.8,2010.8334,2010,2010,11,Monday,4,-1214.4375
Arlington,2010,12,2010-12-01,285.0,41382701.0,130000.0,1821.0,5.6,2010.9166,2010,2010,12,Wednesday,4,1685.5625
Arlington,2011,1,2011-01-01,193.0,25505380.0,114400.0,1830.0,5.7,2011.0,2011,2011,1,Saturday,1,-13914.4375
Arlington,2011,2,2011-02-01,173.0,25854108.0,120400.0,1827.0,5.8,2011.0834,2011,2011,2,Tuesday,1,-7914.4375
Arlington,2011,3,2011-03-01,333.0,46116919.0,123000.0,1909.0,6.2,2011.1666,2011,2011,3,Tuesday,1,-5314.4375
Arlington,2011,4,2011-04-01,334.0,48110521.0,120000.0,1932.0,6.5,2011.25,2011,2011,4,Friday,2,-8314.4375
Arlington,2011,5,2011-05-01,327.0,45259572.0,123100.0,1941.0,6.8,2011.3334,2011,2011,5,Sunday,2,-5214.4375
Arlington,2011,6,2011-06-01,387.0,56500260.0,126900.0,1930.0,6.7,2011.4166,2011,2011,6,Wednesday,2,-1414.4375
Arlington,2011,7,2011-07-01,335.0,50872848.0,126700.0,1843.0,6.3,2011.5,2011,2011,7,Friday,3,-1614.4375
Arlington,2011,8,2011-08-01,422.0,64394492.0,130000.0,1754.0,5.8,2011.5834,2011,2011,8,Monday,3,1685.5625
Arlington,2011,9,2011-09-01,357.0,51991586.0,129300.0,1634.0,5.3,2011.6666,2011,2011,9,Thursday,3,985.5625
Arlington,2011,10,2011-10-01,294.0,44329903.0,126900.0,1576.0,5.1,2011.75,2011,2011,10,Saturday,4,-1414.4375
Arlington,2011,11,2011-11-01,274.0,44207277.0,130900.0,1463.0,4.7,2011.8334,2011,2011,11,Tuesday,4,2585.5625
Arlington,2011,12,2011-12-01,290.0,42528627.0,119600.0,1333.0,4.3,2011.9166,2011,2011,12,Thursday,4,-8714.4375
Arlington,2012,1,2012-01-01,224.0,30369919.0,115300.0,1321.0,4.2,2012.0,2012,2012,1,Sunday,1,-13014.4375
Arlington,2012,2,2012-02-01,240.0,31954676.0,118500.0,1266.0,4.0,2012.0834,2012,2012,2,Wednesday,1,-9814.4375
Arlington,2012,3,2012-03-01,349.0,52798200.0,132200.0,1270.0,4.0,2012.1666,2012,2012,3,Thursday,1,3885.5625
Arlington,2012,4,2012-04-01,368.0,53960937.0,131400.0,1310.0,4.1,2012.25,2012,2012,4,Sunday,2,3085.5625
Arlington,2012,5,2012-05-01,412.0,63192717.0,134100.0,1322.0,4.0,2012.3334,2012,2012,5,Tuesday,2,5785.5625
Arlington,2012,6,2012-06-01,412.0,67155821.0,143100.0,1303.0,3.9,2012.4166,2012,2012,6,Friday,2,14785.5625
Arlington,2012,7,2012-07-01,447.0,70307028.0,139500.0,1308.0,3.8,2012.5,2012,2012,7,Sunday,3,11185.5625
Arlington,2012,8,2012-08-01,449.0,70035003.0,137500.0,1240.0,3.6,2012.5834,2012,2012,8,Wednesday,3,9185.5625
Arlington,2012,9,2012-09-01,336.0,50041340.0,127600.0,1204.0,3.5,2012.6666,2012,2012,9,Saturday,3,-714.4375
Arlington,2012,10,2012-10-01,361.0,56661811.0,131700.0,1173.0,3.4,2012.75,2012,2012,10,Monday,4,3385.5625
Arlington,2012,11,2012-11-01,322.0,45780030.0,125200.0,1080.0,3.1,2012.8334,2012,2012,11,Thursday,4,-3114.4375
Arlington,2012,12,2012-12-01,328.0,49146200.0,126200.0,958.0,2.7,2012.9166,2012,2012,12,Saturday,4,-2114.4375
Arlington,2013,1,2013-01-01,295.0,40923056.0,123100.0,900.0,2.5,2013.0,2013,2013,1,Tuesday,1,-5214.4375
Arlington,2013,2,2013-02-01,331.0,49451110.0,131600.0,932.0,2.5,2013.0834,2013,2013,2,Friday,1,3285.5625
Arlington,2013,3,2013-03-01,403.0,61396575.0,132700.0,916.0,2.5,2013.1666,2013,2013,3,Friday,1,4385.5625
Arlington,2013,4,2013-04-01,427.0,70573419.0,146700.0,888.0,2.4,2013.25,2013,2013,4,Monday,2,18385.562
Arlington,2013,5,2013-05-01,554.0,94991902.0,146500.0,921.0,2.4,2013.3334,2013,2013,5,Wednesday,2,18185.562
Arlington,2013,6,2013-06-01,453.0,75310230.0,149200.0,1000.0,2.5,2013.4166,2013,2013,6,Saturday,2,20885.562
Arlington,2013,7,2013-07-01,500.0,86350211.0,150200.0,1053.0,2.7,2013.5,2013,2013,7,Monday,3,21885.562
Arlington,2013,8,2013-08-01,500.0,84920259.0,149600.0,1042.0,2.6,2013.5834,2013,2013,8,Thursday,3,21285.562
Arlington,2013,9,2013-09-01,440.0,73848120.0,144800.0,954.0,2.3,2013.6666,2013,2013,9,Sunday,3,16485.562
Arlington,2013,10,2013-10-01,439.0,75115808.0,144400.0,910.0,2.2,2013.75,2013,2013,10,Tuesday,4,16085.5625
Arlington,2013,11,2013-11-01,328.0,52294361.0,143800.0,824.0,2.0,2013.8334,2013,2013,11,Friday,4,15485.5625
Arlington,2013,12,2013-12-01,395.0,64868680.0,144600.0,771.0,1.8,2013.9166,2013,2013,12,Sunday,4,16285.5625
Arlington,2014,1,2014-01-01,256.0,41006184.0,140600.0,768.0,1.8,2014.0,2014,2014,1,Wednesday,1,12285.5625
Arlington,2014,2,2014-02-01,336.0,58269730.0,147400.0,740.0,1.8,2014.0834,2014,2014,2,Saturday,1,19085.562
Arlington,2014,3,2014-03-01,427.0,77396505.0,157500.0,723.0,1.7,2014.1666,2014,2014,3,Saturday,1,29185.562
Arlington,2014,4,2014-04-01,455.0,79549262.0,154800.0,782.0,1.8,2014.25,2014,2014,4,Tuesday,2,26485.562
Arlington,2014,5,2014-05-01,506.0,91788721.0,161600.0,846.0,2.0,2014.3334,2014,2014,5,Thursday,2,33285.562
Arlington,2014,6,2014-06-01,537.0,96394795.0,159900.0,878.0,2.1,2014.4166,2014,2014,6,Sunday,2,31585.562
Arlington,2014,7,2014-07-01,518.0,92575560.0,159200.0,882.0,2.1,2014.5,2014,2014,7,Tuesday,3,30885.562
Arlington,2014,8,2014-08-01,525.0,103084604.0,168300.0,839.0,2.0,2014.5834,2014,2014,8,Friday,3,39985.562
Arlington,2014,9,2014-09-01,463.0,80898740.0,156000.0,773.0,1.8,2014.6666,2014,2014,9,Monday,3,27685.562
Arlington,2014,10,2014-10-01,476.0,84823129.0,157100.0,709.0,1.6,2014.75,2014,2014,10,Wednesday,4,28785.562
Arlington,2014,11,2014-11-01,341.0,59150527.0,155200.0,631.0,1.4,2014.8334,2014,2014,11,Saturday,4,26885.562
Arlington,2014,12,2014-12-01,411.0,76106139.0,161000.0,606.0,1.4,2014.9166,2014,2014,12,Monday,4,32685.562
Arlington,2015,1,2015-01-01,261.0,46090246.0,159700.0,552.0,1.3,2015.0,2015,2015,1,Thursday,1,31385.562
Arlington,2015,2,2015-02-01,294.0,52265816.0,162400.0,544.0,1.3,2015.0834,2015,2015,2,Sunday,1,34085.562
Arlington,2015,3,2015-03-01,421.0,77956558.0,164300.0,547.0,1.3,2015.1666,2015,2015,3,Sunday,1,35985.562
Arlington,2015,4,2015-04-01,433.0,80801986.0,166600.0,570.0,1.3,2015.25,2015,2015,4,Wednesday,2,38285.562
Arlington,2015,5,2015-05-01,526.0,113228979.0,179100.0,614.0,1.4,2015.3334,2015,2015,5,Friday,2,50785.562
Arlington,2015,6,2015-06-01,522.0,105881452.0,180000.0,682.0,1.6,2015.4166,2015,2015,6,Monday,2,51685.562
Arlington,2015,7,2015-07-01,605.0,125495239.0,178900.0,752.0,1.7,2015.5,2015,2015,7,Wednesday,3,50585.562
Austin,2000,1,2000-01-01,1025.0,173053635.0,133700.0,3084.0,2.0,2000.0,2000,2000,1,Saturday,1,-48297.86
Austin,2000,2,2000-02-01,1277.0,226038438.0,134000.0,2989.0,2.0,2000.0834,2000,2000,2,Tuesday,1,-47997.86
Austin,2000,3,2000-03-01,1603.0,298557656.0,136700.0,3042.0,2.0,2000.1666,2000,2000,3,Wednesday,1,-45297.86
Austin,2000,4,2000-04-01,1556.0,289197960.0,136900.0,3192.0,2.1,2000.25,2000,2000,4,Saturday,2,-45097.86
Austin,2000,5,2000-05-01,1980.0,393073774.0,144700.0,3617.0,2.3,2000.3334,2000,2000,5,Monday,2,-37297.86
Austin,2000,6,2000-06-01,1885.0,368290072.0,148800.0,3799.0,2.4,2000.4166,2000,2000,6,Thursday,2,-33197.86
Austin,2000,7,2000-07-01,1818.0,351539312.0,149300.0,3944.0,2.6,2000.5,2000,2000,7,Saturday,3,-32697.86
Austin,2000,8,2000-08-01,1880.0,360255090.0,146300.0,3948.0,2.6,2000.5834,2000,2000,8,Tuesday,3,-35697.86
Austin,2000,9,2000-09-01,1498.0,292799874.0,148700.0,4058.0,2.6,2000.6666,2000,2000,9,Friday,3,-33297.86
Austin,2000,10,2000-10-01,1524.0,300952544.0,150100.0,4100.0,2.6,2000.75,2000,2000,10,Sunday,4,-31897.86
Austin,2000,11,2000-11-01,1245.0,244873204.0,148000.0,4114.0,2.7,2000.8334,2000,2000,11,Wednesday,4,-33997.86
Austin,2000,12,2000-12-01,1330.0,262408360.0,149900.0,4005.0,2.6,2000.9166,2000,2000,12,Friday,4,-32097.86
Austin,2001,1,2001-01-01,1086.0,204981438.0,142000.0,4435.0,2.8,2001.0,2001,2001,1,Monday,1,-39997.86
Austin,2001,2,2001-02-01,1213.0,234385962.0,151000.0,5325.0,3.4,2001.0834,2001,2001,2,Thursday,1,-30997.86
Austin,2001,3,2001-03-01,1553.0,296870356.0,148500.0,6097.0,3.9,2001.1666,2001,2001,3,Thursday,1,-33497.86
Austin,2001,4,2001-04-01,1579.0,302565123.0,151100.0,6800.0,4.4,2001.25,2001,2001,4,Sunday,2,-30897.86
Austin,2001,5,2001-05-01,1838.0,367601554.0,151900.0,7523.0,4.9,2001.3334,2001,2001,5,Tuesday,2,-30097.86
Austin,2001,6,2001-06-01,1857.0,366626307.0,151500.0,8177.0,5.3,2001.4166,2001,2001,6,Friday,2,-30497.86
Austin,2001,7,2001-07-01,1871.0,364827740.0,155500.0,8406.0,5.5,2001.5,2001,2001,7,Sunday,3,-26497.86
Austin,2001,8,2001-08-01,1801.0,359972391.0,153800.0,8374.0,5.5,2001.5834,2001,2001,8,Wednesday,3,-28197.86
Austin,2001,9,2001-09-01,1381.0,257925803.0,146800.0,8503.0,5.6,2001.6666,2001,2001,9,Saturday,3,-35197.86
Austin,2001,10,2001-10-01,1351.0,245812749.0,139700.0,8135.0,5.4,2001.75,2001,2001,10,Monday,4,-42297.86
Austin,2001,11,2001-11-01,1388.0,257247398.0,152400.0,7378.0,4.9,2001.8334,2001,2001,11,Thursday,4,-29597.86
Austin,2001,12,2001-12-01,1474.0,297729300.0,155700.0,6810.0,4.4,2001.9166,2001,2001,12,Saturday,4,-26297.86
Austin,2002,1,2002-01-01,1172.0,242074554.0,152600.0,6851.0,4.4,2002.0,2002,2002,1,Tuesday,1,-29397.86
Austin,2002,2,2002-02-01,1407.0,279623092.0,157300.0,7190.0,4.6,2002.0834,2002,2002,2,Friday,1,-24697.86
Austin,2002,3,2002-03-01,1550.0,313749244.0,156600.0,7625.0,4.9,2002.1666,2002,2002,3,Friday,1,-25397.86
Austin,2002,4,2002-04-01,1665.0,322148092.0,156200.0,8226.0,5.3,2002.25,2002,2002,4,Monday,2,-25797.86
Austin,2002,5,2002-05-01,1931.0,383478450.0,156000.0,9109.0,5.8,2002.3334,2002,2002,5,Wednesday,2,-25997.86
Austin,2002,6,2002-06-01,1829.0,371258246.0,158900.0,9620.0,6.1,2002.4166,2002,2002,6,Saturday,2,-23097.86
Austin,2002,7,2002-07-01,1729.0,332673864.0,151700.0,9863.0,6.3,2002.5,2002,2002,7,Monday,3,-30297.86
Austin,2002,8,2002-08-01,1742.0,346430746.0,156900.0,9843.0,6.3,2002.5834,2002,2002,8,Thursday,3,-25097.86
Austin,2002,9,2002-09-01,1407.0,274003236.0,152400.0,9854.0,6.3,2002.6666,2002,2002,9,Sunday,3,-29597.86
Austin,2002,10,2002-10-01,1480.0,291194551.0,150300.0,9747.0,6.2,2002.75,2002,2002,10,Tuesday,4,-31697.86
Austin,2002,11,2002-11-01,1304.0,244930656.0,149800.0,9189.0,5.9,2002.8334,2002,2002,11,Friday,4,-32197.86
Austin,2002,12,2002-12-01,1500.0,294382650.0,151600.0,8854.0,5.7,2002.9166,2002,2002,12,Sunday,4,-30397.86
Austin,2003,1,2003-01-01,1094.0,198926472.0,144100.0,9163.0,5.9,2003.0,2003,2003,1,Wednesday,1,-37897.86
Austin,2003,2,2003-02-01,1236.0,237034508.0,150600.0,9541.0,6.2,2003.0834,2003,2003,2,Saturday,1,-31397.86
Austin,2003,3,2003-03-01,1522.0,294928586.0,153000.0,10152.0,6.6,2003.1666,2003,2003,3,Saturday,1,-28997.86
Austin,2003,4,2003-04-01,1547.0,301081936.0,154700.0,10756.0,7.0,2003.25,2003,2003,4,Tuesday,2,-27297.86
Austin,2003,5,2003-05-01,1652.0,329708716.0,156800.0,11071.0,7.4,2003.3334,2003,2003,5,Thursday,2,-25197.86
Austin,2003,6,2003-06-01,1931.0,401039300.0,162400.0,11000.0,7.3,2003.4166,2003,2003,6,Sunday,2,-19597.86
Austin,2003,7,2003-07-01,2048.0,416842800.0,160500.0,10929.0,7.1,2003.5,2003,2003,7,Tuesday,3,-21497.86
Austin,2003,8,2003-08-01,2169.0,423729417.0,155300.0,10761.0,6.8,2003.5834,2003,2003,8,Friday,3,-26697.86
Austin,2003,9,2003-09-01,1898.0,357269553.0,151500.0,10649.0,6.6,2003.6666,2003,2003,9,Monday,3,-30497.86
Austin,2003,10,2003-10-01,1609.0,317732419.0,152700.0,10475.0,6.4,2003.75,2003,2003,10,Wednesday,4,-29297.86
Austin,2003,11,2003-11-01,1362.0,267634196.0,151500.0,9939.0,6.1,2003.8334,2003,2003,11,Saturday,4,-30497.86
Austin,2003,12,2003-12-01,1725.0,353090616.0,155600.0,9644.0,5.8,2003.9166,2003,2003,12,Monday,4,-26397.86
Austin,2004,1,2004-01-01,1096.0,203983516.0,144400.0,9853.0,6.0,2004.0,2004,2004,1,Thursday,1,-37597.86
Austin,2004,2,2004-02-01,1300.0,255330644.0,148900.0,10442.0,6.3,2004.0834,2004,2004,2,Sunday,1,-33097.86
Austin,2004,3,2004-03-01,1650.0,329520600.0,154100.0,10769.0,6.5,2004.1666,2004,2004,3,Monday,1,-27897.86
Austin,2004,4,2004-04-01,2039.0,397886270.0,154500.0,10895.0,6.4,2004.25,2004,2004,4,Thursday,2,-27497.86
Austin,2004,5,2004-05-01,2084.0,418371770.0,155500.0,11104.0,6.4,2004.3334,2004,2004,5,Saturday,2,-26497.86
Austin,2004,6,2004-06-01,2433.0,501302304.0,160100.0,11122.0,6.2,2004.4166,2004,2004,6,Tuesday,2,-21897.86
Austin,2004,7,2004-07-01,2377.0,480101629.0,158700.0,11028.0,6.1,2004.5,2004,2004,7,Thursday,3,-23297.86
Austin,2004,8,2004-08-01,2333.0,466782418.0,152800.0,10797.0,5.9,2004.5834,2004,2004,8,Sunday,3,-29197.86
Austin,2004,9,2004-09-01,1927.0,390609048.0,158200.0,10436.0,5.7,2004.6666,2004,2004,9,Wednesday,3,-23797.86
Austin,2004,10,2004-10-01,1704.0,341152576.0,150300.0,10141.0,5.5,2004.75,2004,2004,10,Friday,4,-31697.86
Austin,2004,11,2004-11-01,1630.0,308820516.0,147500.0,9277.0,5.0,2004.8334,2004,2004,11,Monday,4,-34497.86
Austin,2004,12,2004-12-01,1994.0,393603237.0,154000.0,8863.0,4.7,2004.9166,2004,2004,12,Wednesday,4,-27997.86
Austin,2005,1,2005-01-01,1430.0,281261604.0,148300.0,8909.0,4.7,2005.0,2005,2005,1,Saturday,1,-33697.86
Austin,2005,2,2005-02-01,1639.0,317890683.0,156900.0,9198.0,4.7,2005.0834,2005,2005,2,Tuesday,1,-25097.86
Austin,2005,3,2005-03-01,2167.0,441137816.0,154700.0,9515.0,4.8,2005.1666,2005,2005,3,Tuesday,1,-27297.86
Austin,2005,4,2005-04-01,2156.0,436705640.0,158200.0,9780.0,4.9,2005.25,2005,2005,4,Friday,2,-23797.86
Austin,2005,5,2005-05-01,2496.0,539885343.0,159500.0,9204.0,4.5,2005.3334,2005,2005,5,Sunday,2,-22497.86
Austin,2005,6,2005-06-01,2701.0,577224899.0,166100.0,9455.0,4.6,2005.4166,2005,2005,6,Wednesday,2,-15897.859
Austin,2005,7,2005-07-01,2715.0,594741961.0,165800.0,9726.0,4.7,2005.5,2005,2005,7,Friday,3,-16197.859
Austin,2005,8,2005-08-01,2883.0,612428226.0,167500.0,9095.0,4.3,2005.5834,2005,2005,8,Monday,3,-14497.859
Austin,2005,9,2005-09-01,2495.0,520740255.0,158400.0,8605.0,4.0,2005.6666,2005,2005,9,Thursday,3,-23597.86
Austin,2005,10,2005-10-01,2126.0,438332894.0,158800.0,8419.0,3.8,2005.75,2005,2005,10,Saturday,4,-23197.86
Austin,2005,11,2005-11-01,1975.0,435832989.0,167900.0,7933.0,3.6,2005.8334,2005,2005,11,Tuesday,4,-14097.859
Austin,2005,12,2005-12-01,2122.0,464752606.0,168600.0,7738.0,3.5,2005.9166,2005,2005,12,Thursday,4,-13397.859
Austin,2006,1,2006-01-01,1694.0,380503741.0,167900.0,8098.0,3.6,2006.0,2006,2006,1,Sunday,1,-14097.859
Austin,2006,2,2006-02-01,1886.0,413928068.0,165700.0,8259.0,3.6,2006.0834,2006,2006,2,Wednesday,1,-16297.859
Austin,2006,3,2006-03-01,2605.0,586176203.0,166700.0,8677.0,3.7,2006.1666,2006,2006,3,Wednesday,1,-15297.859
Austin,2006,4,2006-04-01,2434.0,554865748.0,171600.0,8965.0,3.8,2006.25,2006,2006,4,Saturday,2,-10397.859
Austin,2006,5,2006-05-01,2948.0,677494604.0,170300.0,8996.0,3.8,2006.3334,2006,2006,5,Monday,2,-11697.859
Austin,2006,6,2006-06-01,3337.0,784835296.0,175400.0,9267.0,3.8,2006.4166,2006,2006,6,Thursday,2,-6597.8594
Austin,2006,7,2006-07-01,2989.0,707975483.0,174600.0,9134.0,3.7,2006.5,2006,2006,7,Saturday,3,-7397.8594
Austin,2006,8,2006-08-01,3104.0,729560280.0,179400.0,8932.0,3.6,2006.5834,2006,2006,8,Tuesday,3,-2597.8594
Austin,2006,9,2006-09-01,2586.0,580201261.0,167000.0,9097.0,3.7,2006.6666,2006,2006,9,Friday,3,-14997.859
Austin,2006,10,2006-10-01,2355.0,534104892.0,174500.0,8894.0,3.6,2006.75,2006,2006,10,Sunday,4,-7497.8594
Austin,2006,11,2006-11-01,2141.0,496504087.0,172200.0,8289.0,3.3,2006.8334,2006,2006,11,Wednesday,4,-9797.859
Austin,2006,12,2006-12-01,2205.0,515575944.0,175900.0,7735.0,3.1,2006.9166,2006,2006,12,Friday,4,-6097.8594
Austin,2007,1,2007-01-01,1644.0,390464253.0,174400.0,7784.0,3.1,2007.0,2007,2007,1,Monday,1,-7597.8594
Austin,2007,2,2007-02-01,1904.0,443681250.0,177500.0,7991.0,3.2,2007.0834,2007,2007,2,Thursday,1,-4497.8594
Austin,2007,3,2007-03-01,2602.0,628793580.0,177300.0,8696.0,3.4,2007.1666,2007,2007,3,Thursday,1,-4697.8594
Austin,2007,4,2007-04-01,2566.0,625641015.0,181900.0,9385.0,3.7,2007.25,2007,2007,4,Sunday,2,-97.859375
Austin,2007,5,2007-05-01,3012.0,741645574.0,183500.0,9987.0,3.9,2007.3334,2007,2007,5,Tuesday,2,1502.1406
Austin,2007,6,2007-06-01,3086.0,782769434.0,191000.0,10351.0,4.1,2007.4166,2007,2007,6,Friday,2,9002.141
Austin,2007,7,2007-07-01,2959.0,743454236.0,188900.0,10757.0,4.3,2007.5,2007,2007,7,Sunday,3,6902.1406
Austin,2007,8,2007-08-01,2805.0,717200330.0,190600.0,11172.0,4.5,2007.5834,2007,2007,8,Wednesday,3,8602.141
Austin,2007,9,2007-09-01,1984.0,494360536.0,182500.0,11379.0,4.7,2007.6666,2007,2007,9,Saturday,3,502.14062
Austin,2007,10,2007-10-01,1910.0,458395970.0,181700.0,11028.0,4.6,2007.75,2007,2007,10,Monday,4,-297.85938
Austin,2007,11,2007-11-01,1805.0,442079932.0,185200.0,9599.0,4.0,2007.8334,2007,2007,11,Thursday,4,3202.1406
Austin,2007,12,2007-12-01,1771.0,442476370.0,189300.0,9866.0,4.2,2007.9166,2007,2007,12,Saturday,4,7302.1406
Austin,2008,1,2008-01-01,1435.0,346359718.0,185300.0,10403.0,4.5,2008.0,2008,2008,1,Tuesday,1,3302.1406
Austin,2008,2,2008-02-01,1705.0,394847541.0,180300.0,10861.0,4.7,2008.0834,2008,2008,2,Friday,1,-1697.8594
Austin,2008,3,2008-03-01,2049.0,486846093.0,188800.0,11431.0,5.1,2008.1666,2008,2008,3,Saturday,1,6802.1406
Austin,2008,4,2008-04-01,2190.0,521407482.0,187000.0,11833.0,5.3,2008.25,2008,2008,4,Tuesday,2,5002.1406
Austin,2008,5,2008-05-01,2352.0,600681316.0,193800.0,12415.0,5.7,2008.3334,2008,2008,5,Thursday,2,11802.141
Austin,2008,6,2008-06-01,2421.0,614811824.0,196400.0,12769.0,6.0,2008.4166,2008,2008,6,Sunday,2,14402.141
Austin,2008,7,2008-07-01,2292.0,576614008.0,190900.0,12728.0,6.2,2008.5,2008,2008,7,Tuesday,3,8902.141
Austin,2008,8,2008-08-01,2214.0,553078210.0,194300.0,12078.0,6.0,2008.5834,2008,2008,8,Friday,3,12302.141
Austin,2008,9,2008-09-01,1829.0,437423637.0,181800.0,11907.0,6.0,2008.6666,2008,2008,9,Monday,3,-197.85938
Austin,2008,10,2008-10-01,1444.0,345831114.0,188500.0,11635.0,5.9,2008.75,2008,2008,10,Wednesday,4,6502.1406
Austin,2008,11,2008-11-01,1089.0,251409268.0,180100.0,10869.0,5.7,2008.8334,2008,2008,11,Saturday,4,-1897.8594
Austin,2008,12,2008-12-01,1420.0,341207960.0,179600.0,10089.0,5.4,2008.9166,2008,2008,12,Monday,4,-2397.8594
Austin,2009,1,2009-01-01,914.0,205512450.0,176000.0,10373.0,5.7,2009.0,2009,2009,1,Thursday,1,-5997.8594
Austin,2009,2,2009-02-01,1192.0,281517090.0,187600.0,10929.0,6.1,2009.0834,2009,2009,2,Sunday,1,5602.1406
Austin,2009,3,2009-03-01,1498.0,340937410.0,179100.0,11280.0,6.5,2009.1666,2009,2009,3,Sunday,1,-2897.8594
Austin,2009,4,2009-04-01,1692.0,387847145.0,186900.0,11462.0,6.8,2009.25,2009,2009,4,Wednesday,2,4902.1406
Austin,2009,5,2009-05-01,1852.0,458979968.0,193400.0,11535.0,7.0,2009.3334,2009,2009,5,Friday,2,11402.141
Austin,2009,6,2009-06-01,2254.0,554436848.0,195600.0,11681.0,7.1,2009.4166,2009,2009,6,Monday,2,13602.141
Austin,2009,7,2009-07-01,2263.0,541395060.0,189900.0,11449.0,7.0,2009.5,2009,2009,7,Wednesday,3,7902.1406
Austin,2009,8,2009-08-01,1959.0,464279974.0,187800.0,10940.0,6.8,2009.5834,2009,2009,8,Saturday,3,5802.1406
Austin,2009,9,2009-09-01,1934.0,456884556.0,184800.0,10486.0,6.4,2009.6666,2009,2009,9,Tuesday,3,2802.1406
Austin,2009,10,2009-10-01,1953.0,454806534.0,179300.0,10300.0,6.2,2009.75,2009,2009,10,Thursday,4,-2697.8594
Austin,2009,11,2009-11-01,1729.0,401164047.0,176100.0,9836.0,5.7,2009.8334,2009,2009,11,Sunday,4,-5897.8594
Austin,2009,12,2009-12-01,1507.0,376479291.0,187800.0,9366.0,5.4,2009.9166,2009,2009,12,Tuesday,4,5802.1406
Austin,2010,1,2010-01-01,985.0,230799130.0,175300.0,9931.0,5.7,2010.0,2010,2010,1,Friday,1,-6697.8594
Austin,2010,2,2010-02-01,1249.0,293085886.0,182600.0,10825.0,6.2,2010.0834,2010,2010,2,Monday,1,602.1406
Austin,2010,3,2010-03-01,1987.0,461231875.0,179400.0,11846.0,6.7,2010.1666,2010,2010,3,Monday,1,-2597.8594
Austin,2010,4,2010-04-01,2230.0,513122847.0,185100.0,12270.0,6.7,2010.25,2010,2010,4,Thursday,2,3102.1406
Austin,2010,5,2010-05-01,2286.0,543258166.0,188600.0,12786.0,6.9,2010.3334,2010,2010,5,Saturday,2,6602.1406
Austin,2010,6,2010-06-01,2190.0,584250558.0,200500.0,13353.0,7.2,2010.4166,2010,2010,6,Tuesday,2,18502.14
Austin,2010,7,2010-07-01,1640.0,453983948.0,213600.0,13336.0,7.4,2010.5,2010,2010,7,Thursday,3,31602.14
Austin,2010,8,2010-08-01,1675.0,432655897.0,195200.0,12575.0,7.1,2010.5834,2010,2010,8,Sunday,3,13202.141
Austin,2010,9,2010-09-01,1406.0,342118926.0,190500.0,11834.0,6.8,2010.6666,2010,2010,9,Wednesday,3,8502.141
Austin,2010,10,2010-10-01,1336.0,342862397.0,193300.0,11003.0,6.5,2010.75,2010,2010,10,Friday,4,11302.141
Austin,2010,11,2010-11-01,1327.0,325029932.0,180600.0,9906.0,6.0,2010.8334,2010,2010,11,Monday,4,-1397.8594
Austin,2010,12,2010-12-01,1561.0,384045548.0,191200.0,9284.0,5.6,2010.9166,2010,2010,12,Wednesday,4,9202.141
Austin,2011,1,2011-01-01,1047.0,254004270.0,185100.0,9287.0,5.6,2011.0,2011,2011,1,Saturday,1,3102.1406
Austin,2011,2,2011-02-01,1210.0,289087802.0,188000.0,9795.0,5.9,2011.0834,2011,2011,2,Tuesday,1,6002.1406
Austin,2011,3,2011-03-01,1759.0,427529263.0,184400.0,10464.0,6.4,2011.1666,2011,2011,3,Tuesday,1,2402.1406
Austin,2011,4,2011-04-01,1840.0,484604140.0,191600.0,11030.0,6.9,2011.25,2011,2011,4,Friday,2,9602.141
Austin,2011,5,2011-05-01,2066.0,538652902.0,194800.0,11033.0,6.9,2011.3334,2011,2011,5,Sunday,2,12802.141
Austin,2011,6,2011-06-01,2329.0,615616057.0,199900.0,10958.0,6.9,2011.4166,2011,2011,6,Wednesday,2,17902.14
Austin,2011,7,2011-07-01,2163.0,555886196.0,193900.0,10577.0,6.4,2011.5,2011,2011,7,Friday,3,11902.141
Austin,2011,8,2011-08-01,2200.0,553744120.0,193900.0,9774.0,5.8,2011.5834,2011,2011,8,Monday,3,11902.141
Austin,2011,9,2011-09-01,1806.0,443089936.0,186900.0,9489.0,5.5,2011.6666,2011,2011,9,Thursday,3,4902.1406
Austin,2011,10,2011-10-01,1588.0,394019216.0,188900.0,8874.0,5.1,2011.75,2011,2011,10,Saturday,4,6902.1406
Austin,2011,11,2011-11-01,1479.0,361444745.0,184700.0,8054.0,4.6,2011.8334,2011,2011,11,Tuesday,4,2702.1406
Austin,2011,12,2011-12-01,1721.0,418963364.0,188300.0,7473.0,4.2,2011.9166,2011,2011,12,Thursday,4,6302.1406
Austin,2012,1,2012-01-01,1182.0,265821275.0,177400.0,7432.0,4.2,2012.0,2012,2012,1,Sunday,1,-4597.8594
Austin,2012,2,2012-02-01,1415.0,353527608.0,191600.0,7738.0,4.3,2012.0834,2012,2012,2,Wednesday,1,9602.141
Austin,2012,3,2012-03-01,2083.0,533800484.0,198600.0,8186.0,4.5,2012.1666,2012,2012,3,Thursday,1,16602.14
Austin,2012,4,2012-04-01,2128.0,563288160.0,207400.0,8239.0,4.5,2012.25,2012,2012,4,Sunday,2,25402.14
Austin,2012,5,2012-05-01,2611.0,705383898.0,210200.0,8465.0,4.5,2012.3334,2012,2012,5,Tuesday,2,28202.14
Austin,2012,6,2012-06-01,2837.0,791281075.0,216000.0,8641.0,4.5,2012.4166,2012,2012,6,Friday,2,34002.14
Austin,2012,7,2012-07-01,2604.0,718755768.0,211000.0,8519.0,4.3,2012.5,2012,2012,7,Sunday,3,29002.14
Austin,2012,8,2012-08-01,2647.0,708540314.0,205100.0,8112.0,4.0,2012.5834,2012,2012,8,Wednesday,3,23102.14
Austin,2012,9,2012-09-01,2000.0,516045542.0,196800.0,7641.0,3.8,2012.6666,2012,2012,9,Saturday,3,14802.141
Austin,2012,10,2012-10-01,2173.0,585049910.0,197100.0,7091.0,3.4,2012.75,2012,2012,10,Monday,4,15102.141
Austin,2012,11,2012-11-01,1827.0,485197329.0,198200.0,6425.0,3.1,2012.8334,2012,2012,11,Thursday,4,16202.141
Austin,2012,12,2012-12-01,2014.0,562680422.0,211500.0,5737.0,2.7,2012.9166,2012,2012,12,Saturday,4,29502.14
Austin,2013,1,2013-01-01,1566.0,402135669.0,199200.0,5548.0,2.6,2013.0,2013,2013,1,Tuesday,1,17202.14
Austin,2013,2,2013-02-01,1795.0,468527290.0,206800.0,5752.0,2.6,2013.0834,2013,2013,2,Friday,1,24802.14
Austin,2013,3,2013-03-01,2384.0,661274904.0,217100.0,5848.0,2.6,2013.1666,2013,2013,3,Friday,1,35102.14
Austin,2013,4,2013-04-01,2692.0,820141712.0,227300.0,6121.0,2.7,2013.25,2013,2013,4,Monday,2,45302.14
Austin,2013,5,2013-05-01,3182.0,944924177.0,228100.0,6424.0,2.8,2013.3334,2013,2013,5,Wednesday,2,46102.14
Austin,2013,6,2013-06-01,2970.0,880058970.0,234100.0,6724.0,2.9,2013.4166,2013,2013,6,Saturday,2,52102.14
Austin,2013,7,2013-07-01,3376.0,993168216.0,227900.0,6721.0,2.8,2013.5,2013,2013,7,Monday,3,45902.14
Austin,2013,8,2013-08-01,3318.0,931481472.0,218800.0,6706.0,2.7,2013.5834,2013,2013,8,Thursday,3,36802.14
Austin,2013,9,2013-09-01,2544.0,725959392.0,224000.0,6569.0,2.6,2013.6666,2013,2013,9,Sunday,3,42002.14
Austin,2013,10,2013-10-01,2350.0,648747783.0,218300.0,6114.0,2.4,2013.75,2013,2013,10,Tuesday,4,36302.14
Austin,2013,11,2013-11-01,2045.0,594534652.0,217900.0,5668.0,2.2,2013.8334,2013,2013,11,Friday,4,35902.14
Austin,2013,12,2013-12-01,2214.0,647915760.0,226600.0,5047.0,2.0,2013.9166,2013,2013,12,Sunday,4,44602.14
Austin,2014,1,2014-01-01,1582.0,426127544.0,213700.0,5118.0,2.0,2014.0,2014,2014,1,Wednesday,1,31702.14
Austin,2014,2,2014-02-01,1903.0,550882376.0,229400.0,5255.0,2.1,2014.0834,2014,2014,2,Saturday,1,47402.14
Austin,2014,3,2014-03-01,2434.0,717821612.0,235600.0,5512.0,2.2,2014.1666,2014,2014,3,Saturday,1,53602.14
Austin,2014,4,2014-04-01,2691.0,813253968.0,237000.0,5838.0,2.3,2014.25,2014,2014,4,Tuesday,2,55002.14
Austin,2014,5,2014-05-01,3178.0,1012123948.0,243900.0,6539.0,2.6,2014.3334,2014,2014,5,Thursday,2,61902.14
Austin,2014,6,2014-06-01,3195.0,1023051880.0,248900.0,7040.0,2.7,2014.4166,2014,2014,6,Sunday,2,66902.14
Austin,2014,7,2014-07-01,3151.0,982086356.0,246900.0,7475.0,2.9,2014.5,2014,2014,7,Tuesday,3,64902.14
Austin,2014,8,2014-08-01,3023.0,927019222.0,243800.0,7326.0,2.9,2014.5834,2014,2014,8,Friday,3,61802.14
Austin,2014,9,2014-09-01,2664.0,813797562.0,238900.0,7072.0,2.8,2014.6666,2014,2014,9,Monday,3,56902.14
Austin,2014,10,2014-10-01,2588.0,796863816.0,239600.0,6791.0,2.7,2014.75,2014,2014,10,Wednesday,4,57602.14
Austin,2014,11,2014-11-01,2053.0,624591613.0,242100.0,6126.0,2.4,2014.8334,2014,2014,11,Saturday,4,60102.14
Austin,2014,12,2014-12-01,2491.0,768005685.0,245700.0,5602.0,2.2,2014.9166,2014,2014,12,Monday,4,63702.14
Austin,2015,1,2015-01-01,1656.0,512034244.0,237500.0,5567.0,2.2,2015.0,2015,2015,1,Thursday,1,55502.14
Austin,2015,2,2015-02-01,1978.0,595625521.0,245300.0,5733.0,2.2,2015.0834,2015,2015,2,Sunday,1,63302.14
Austin,2015,3,2015-03-01,2677.0,885779822.0,253900.0,5906.0,2.3,2015.1666,2015,2015,3,Sunday,1,71902.14
Austin,2015,4,2015-04-01,2801.0,931744729.0,270300.0,6560.0,2.5,2015.25,2015,2015,4,Wednesday,2,88302.14
Austin,2015,5,2015-05-01,2999.0,1026501450.0,271200.0,7009.0,2.7,2015.3334,2015,2015,5,Friday,2,89202.14
Austin,2015,6,2015-06-01,3301.0,1086689918.0,270200.0,7419.0,2.8,2015.4166,2015,2015,6,Monday,2,88202.14
Austin,2015,7,2015-07-01,3466.0,1150381553.0,264600.0,7913.0,3.0,2015.5,2015,2015,7,Wednesday,3,82602.14
Bay Area,2000,1,2000-01-01,244.0,29322659.0,100700.0,1766.0,4.3,2000.0,2000,2000,1,Saturday,1,-46432.08
Bay Area,2000,2,2000-02-01,375.0,48295141.0,110400.0,1817.0,4.4,2000.0834,2000,2000,2,Tuesday,1,-36732.08
Bay Area,2000,3,2000-03-01,391.0,48779462.0,113400.0,1830.0,4.5,2000.1666,2000,2000,3,Wednesday,1,-33732.08
Bay Area,2000,4,2000-04-01,421.0,52943752.0,107000.0,1845.0,4.6,2000.25,2000,2000,4,Saturday,2,-40132.08
Bay Area,2000,5,2000-05-01,533.0,70983815.0,115900.0,1827.0,4.4,2000.3334,2000,2000,5,Monday,2,-31232.078
Bay Area,2000,6,2000-06-01,561.0,75802627.0,122800.0,1874.0,4.5,2000.4166,2000,2000,6,Thursday,2,-24332.078
Bay Area,2000,7,2000-07-01,449.0,59472007.0,114900.0,1876.0,4.6,2000.5,2000,2000,7,Saturday,3,-32232.078
Bay Area,2000,8,2000-08-01,471.0,66461908.0,119100.0,1869.0,4.6,2000.5834,2000,2000,8,Tuesday,3,-28032.078
Bay Area,2000,9,2000-09-01,397.0,51414827.0,111100.0,1842.0,4.5,2000.6666,2000,2000,9,Friday,3,-36032.08
Bay Area,2000,10,2000-10-01,376.0,46689918.0,108800.0,1904.0,4.7,2000.75,2000,2000,10,Sunday,4,-38332.08
Bay Area,2000,11,2000-11-01,322.0,42727036.0,116200.0,1863.0,4.6,2000.8334,2000,2000,11,Wednesday,4,-30932.078
Bay Area,2000,12,2000-12-01,344.0,45935784.0,118500.0,1795.0,4.4,2000.9166,2000,2000,12,Friday,4,-28632.078
Bay Area,2001,1,2001-01-01,245.0,31955500.0,112500.0,1840.0,4.5,2001.0,2001,2001,1,Monday,1,-34632.08
Bay Area,2001,2,2001-02-01,340.0,43131013.0,107000.0,1835.0,4.5,2001.0834,2001,2001,2,Thursday,1,-40132.08
Bay Area,2001,3,2001-03-01,431.0,60352214.0,124800.0,1912.0,4.7,2001.1666,2001,2001,3,Thursday,1,-22332.078
Bay Area,2001,4,2001-04-01,445.0,59838917.0,119000.0,2033.0,5.0,2001.25,2001,2001,4,Sunday,2,-28132.078
Bay Area,2001,5,2001-05-01,513.0,68674544.0,116800.0,2062.0,5.1,2001.3334,2001,2001,5,Tuesday,2,-30332.078
Bay Area,2001,6,2001-06-01,534.0,78359863.0,126500.0,2083.0,5.1,2001.4166,2001,2001,6,Friday,2,-20632.078
Bay Area,2001,7,2001-07-01,473.0,68101919.0,124900.0,2030.0,5.0,2001.5,2001,2001,7,Sunday,3,-22232.078
Bay Area,2001,8,2001-08-01,537.0,78260372.0,126400.0,1945.0,4.7,2001.5834,2001,2001,8,Wednesday,3,-20732.078
Bay Area,2001,9,2001-09-01,402.0,54767306.0,115400.0,,,2001.6666,2001,2001,9,Saturday,3,-31732.078
Bay Area,2001,10,2001-10-01,369.0,52901361.0,122000.0,1988.0,4.8,2001.75,2001,2001,10,Monday,4,-25132.078
Bay Area,2001,11,2001-11-01,381.0,53614316.0,126100.0,1917.0,4.6,2001.8334,2001,2001,11,Thursday,4,-21032.078
Bay Area,2001,12,2001-12-01,390.0,56117403.0,124400.0,1826.0,4.3,2001.9166,2001,2001,12,Saturday,4,-22732.078
Bay Area,2002,1,2002-01-01,301.0,40226990.0,122600.0,1911.0,4.5,2002.0,2002,2002,1,Tuesday,1,-24532.078
Bay Area,2002,2,2002-02-01,351.0,50945825.0,124800.0,1910.0,4.5,2002.0834,2002,2002,2,Friday,1,-22332.078
Bay Area,2002,3,2002-03-01,415.0,62291039.0,127800.0,1989.0,4.7,2002.1666,2002,2002,3,Friday,1,-19332.078
Bay Area,2002,4,2002-04-01,443.0,61963889.0,124000.0,2056.0,4.8,2002.25,2002,2002,4,Monday,2,-23132.078
Bay Area,2002,5,2002-05-01,497.0,74588933.0,133500.0,2098.0,4.9,2002.3334,2002,2002,5,Wednesday,2,-13632.078
Bay Area,2002,6,2002-06-01,537.0,83392501.0,138400.0,2177.0,5.1,2002.4166,2002,2002,6,Saturday,2,-8732.078
Bay Area,2002,7,2002-07-01,525.0,78849480.0,135700.0,2297.0,5.4,2002.5,2002,2002,7,Monday,3,-11432.078
Bay Area,2002,8,2002-08-01,494.0,74537321.0,133900.0,2336.0,5.5,2002.5834,2002,2002,8,Thursday,3,-13232.078
Bay Area,2002,9,2002-09-01,406.0,61488327.0,132000.0,2347.0,5.5,2002.6666,2002,2002,9,Sunday,3,-15132.078
Bay Area,2002,10,2002-10-01,403.0,56757885.0,127500.0,2412.0,5.6,2002.75,2002,2002,10,Tuesday,4,-19632.078
Bay Area,2002,11,2002-11-01,314.0,45123084.0,129300.0,2371.0,5.6,2002.8334,2002,2002,11,Friday,4,-17832.078
Bay Area,2002,12,2002-12-01,406.0,66539654.0,141800.0,2273.0,5.4,2002.9166,2002,2002,12,Sunday,4,-5332.078
Bay Area,2003,1,2003-01-01,302.0,43964503.0,125900.0,2361.0,5.6,2003.0,2003,2003,1,Wednesday,1,-21232.078
Bay Area,2003,2,2003-02-01,391.0,56018402.0,126500.0,2378.0,5.6,2003.0834,2003,2003,2,Saturday,1,-20632.078
Bay Area,2003,3,2003-03-01,428.0,59117846.0,121900.0,2442.0,5.7,2003.1666,2003,2003,3,Saturday,1,-25232.078
Bay Area,2003,4,2003-04-01,440.0,64296998.0,131500.0,2511.0,5.9,2003.25,2003,2003,4,Tuesday,2,-15632.078
Bay Area,2003,5,2003-05-01,494.0,76296527.0,135900.0,2617.0,6.1,2003.3334,2003,2003,5,Thursday,2,-11232.078
Bay Area,2003,6,2003-06-01,498.0,81564889.0,139700.0,2698.0,6.3,2003.4166,2003,2003,6,Sunday,2,-7432.078
Bay Area,2003,7,2003-07-01,537.0,89335731.0,143100.0,2679.0,6.3,2003.5,2003,2003,7,Tuesday,3,-4032.0781
Bay Area,2003,8,2003-08-01,603.0,96450032.0,137400.0,2628.0,6.0,2003.5834,2003,2003,8,Friday,3,-9732.078
Bay Area,2003,9,2003-09-01,492.0,74087446.0,130600.0,2640.0,6.0,2003.6666,2003,2003,9,Monday,3,-16532.078
Bay Area,2003,10,2003-10-01,431.0,63236010.0,130000.0,2657.0,6.0,2003.75,2003,2003,10,Wednesday,4,-17132.078
Bay Area,2003,11,2003-11-01,359.0,56544557.0,132200.0,2597.0,5.8,2003.8334,2003,2003,11,Saturday,4,-14932.078
Bay Area,2003,12,2003-12-01,430.0,67188921.0,130400.0,2438.0,5.4,2003.9166,2003,2003,12,Monday,4,-16732.078
Bay Area,2004,1,2004-01-01,298.0,43475986.0,127200.0,2516.0,5.6,2004.0,2004,2004,1,Thursday,1,-19932.078
Bay Area,2004,2,2004-02-01,345.0,52162523.0,134400.0,2527.0,5.7,2004.0834,2004,2004,2,Sunday,1,-12732.078
Bay Area,2004,3,2004-03-01,516.0,80570639.0,133200.0,2653.0,5.8,2004.1666,2004,2004,3,Monday,1,-13932.078
Bay Area,2004,4,2004-04-01,559.0,85388081.0,137200.0,2614.0,5.6,2004.25,2004,2004,4,Thursday,2,-9932.078
Bay Area,2004,5,2004-05-01,575.0,89611256.0,135400.0,2645.0,5.6,2004.3334,2004,2004,5,Saturday,2,-11732.078
Bay Area,2004,6,2004-06-01,654.0,106747520.0,137900.0,2695.0,5.6,2004.4166,2004,2004,6,Tuesday,2,-9232.078
Bay Area,2004,7,2004-07-01,601.0,98664253.0,136900.0,2677.0,5.5,2004.5,2004,2004,7,Thursday,3,-10232.078
Bay Area,2004,8,2004-08-01,625.0,95362551.0,132700.0,2647.0,5.4,2004.5834,2004,2004,8,Sunday,3,-14432.078
Bay Area,2004,9,2004-09-01,510.0,79070724.0,127700.0,2672.0,5.4,2004.6666,2004,2004,9,Wednesday,3,-19432.078
Bay Area,2004,10,2004-10-01,447.0,69774087.0,131000.0,2675.0,5.4,2004.75,2004,2004,10,Friday,4,-16132.078
Bay Area,2004,11,2004-11-01,417.0,61623024.0,123800.0,2639.0,5.3,2004.8334,2004,2004,11,Monday,4,-23332.078
Bay Area,2004,12,2004-12-01,487.0,79223240.0,135400.0,2438.0,4.8,2004.9166,2004,2004,12,Wednesday,4,-11732.078
Bay Area,2005,1,2005-01-01,334.0,51878623.0,123600.0,2591.0,5.1,2005.0,2005,2005,1,Saturday,1,-23532.078
Bay Area,2005,2,2005-02-01,423.0,63794027.0,132200.0,2606.0,5.1,2005.0834,2005,2005,2,Tuesday,1,-14932.078
Bay Area,2005,3,2005-03-01,521.0,82475564.0,131600.0,2642.0,5.2,2005.1666,2005,2005,3,Tuesday,1,-15532.078
Bay Area,2005,4,2005-04-01,564.0,95057956.0,134400.0,2746.0,5.4,2005.25,2005,2005,4,Friday,2,-12732.078
Bay Area,2005,5,2005-05-01,620.0,104324082.0,138000.0,2755.0,5.3,2005.3334,2005,2005,5,Sunday,2,-9132.078
Bay Area,2005,6,2005-06-01,726.0,127889712.0,144900.0,2794.0,5.3,2005.4166,2005,2005,6,Wednesday,2,-2232.0781
Bay Area,2005,7,2005-07-01,658.0,116164121.0,145200.0,2793.0,5.3,2005.5,2005,2005,7,Friday,3,-1932.0781
Bay Area,2005,8,2005-08-01,694.0,122394312.0,146600.0,2797.0,5.2,2005.5834,2005,2005,8,Monday,3,-532.0781
Bay Area,2005,9,2005-09-01,462.0,82428682.0,143700.0,2823.0,5.3,2005.6666,2005,2005,9,Thursday,3,-3432.0781
Bay Area,2005,10,2005-10-01,464.0,80411154.0,136600.0,2910.0,5.5,2005.75,2005,2005,10,Saturday,4,-10532.078
Bay Area,2005,11,2005-11-01,420.0,69040747.0,139400.0,3010.0,5.7,2005.8334,2005,2005,11,Tuesday,4,-7732.078
Bay Area,2005,12,2005-12-01,514.0,90218600.0,143200.0,2839.0,5.3,2005.9166,2005,2005,12,Thursday,4,-3932.0781
Bay Area,2006,1,2006-01-01,367.0,58297417.0,133100.0,3038.0,5.7,2006.0,2006,2006,1,Sunday,1,-14032.078
Bay Area,2006,2,2006-02-01,471.0,77665581.0,138900.0,3157.0,5.8,2006.0834,2006,2006,2,Wednesday,1,-8232.078
Bay Area,2006,3,2006-03-01,647.0,110893327.0,143700.0,3406.0,6.2,2006.1666,2006,2006,3,Wednesday,1,-3432.0781
Bay Area,2006,4,2006-04-01,596.0,108249483.0,143800.0,3581.0,6.5,2006.25,2006,2006,4,Saturday,2,-3332.0781
Bay Area,2006,5,2006-05-01,745.0,130486854.0,146200.0,3730.0,6.6,2006.3334,2006,2006,5,Monday,2,-932.0781
Bay Area,2006,6,2006-06-01,724.0,137838694.0,158000.0,3960.0,7.0,2006.4166,2006,2006,6,Thursday,2,10867.922
Bay Area,2006,7,2006-07-01,686.0,121261566.0,148700.0,4088.0,7.2,2006.5,2006,2006,7,Saturday,3,1567.9219
Bay Area,2006,8,2006-08-01,696.0,127753745.0,150300.0,4096.0,7.2,2006.5834,2006,2006,8,Tuesday,3,3167.9219
Bay Area,2006,9,2006-09-01,555.0,97958221.0,149200.0,4167.0,7.3,2006.6666,2006,2006,9,Friday,3,2067.9219
Bay Area,2006,10,2006-10-01,536.0,87210547.0,134400.0,4087.0,7.0,2006.75,2006,2006,10,Sunday,4,-12732.078
Bay Area,2006,11,2006-11-01,541.0,93988300.0,141700.0,3983.0,6.8,2006.8334,2006,2006,11,Wednesday,4,-5432.078
Bay Area,2006,12,2006-12-01,545.0,102060900.0,149200.0,3748.0,6.3,2006.9166,2006,2006,12,Friday,4,2067.9219
Bay Area,2007,1,2007-01-01,423.0,71090516.0,147500.0,3804.0,6.4,2007.0,2007,2007,1,Monday,1,367.92188
Bay Area,2007,2,2007-02-01,526.0,96197958.0,147900.0,3853.0,6.4,2007.0834,2007,2007,2,Thursday,1,767.9219
Bay Area,2007,3,2007-03-01,584.0,110437513.0,151300.0,4088.0,6.9,2007.1666,2007,2007,3,Thursday,1,4167.922
Bay Area,2007,4,2007-04-01,647.0,123050272.0,149400.0,4321.0,7.2,2007.25,2007,2007,4,Sunday,2,2267.9219
Bay Area,2007,5,2007-05-01,700.0,133374728.0,158000.0,4429.0,7.4,2007.3334,2007,2007,5,Tuesday,2,10867.922
Bay Area,2007,6,2007-06-01,745.0,142376364.0,156100.0,4456.0,7.4,2007.4166,2007,2007,6,Friday,2,8967.922
Bay Area,2007,7,2007-07-01,684.0,127207532.0,158300.0,4501.0,7.5,2007.5,2007,2007,7,Sunday,3,11167.922
Bay Area,2007,8,2007-08-01,707.0,140986908.0,163200.0,4412.0,7.4,2007.5834,2007,2007,8,Wednesday,3,16067.922
Bay Area,2007,9,2007-09-01,549.0,102609828.0,150700.0,4330.0,7.2,2007.6666,2007,2007,9,Saturday,3,3567.9219
Bay Area,2007,10,2007-10-01,467.0,88094781.0,151000.0,4361.0,7.4,2007.75,2007,2007,10,Monday,4,3867.9219
Bay Area,2007,11,2007-11-01,489.0,86438059.0,149100.0,4178.0,7.1,2007.8334,2007,2007,11,Thursday,4,1967.9219
Bay Area,2007,12,2007-12-01,494.0,94424058.0,155900.0,3961.0,6.8,2007.9166,2007,2007,12,Saturday,4,8767.922
Bay Area,2008,1,2008-01-01,331.0,56398952.0,141500.0,3921.0,6.8,2008.0,2008,2008,1,Tuesday,1,-5632.078
Bay Area,2008,2,2008-02-01,468.0,82031673.0,146900.0,4005.0,7.0,2008.0834,2008,2008,2,Friday,1,-232.07812
Bay Area,2008,3,2008-03-01,574.0,112078144.0,158000.0,4155.0,7.3,2008.1666,2008,2008,3,Saturday,1,10867.922
Bay Area,2008,4,2008-04-01,563.0,98627606.0,153100.0,4248.0,7.5,2008.25,2008,2008,4,Tuesday,2,5967.922
Bay Area,2008,5,2008-05-01,648.0,127418177.0,159700.0,4215.0,7.5,2008.3334,2008,2008,5,Thursday,2,12567.922
Bay Area,2008,6,2008-06-01,659.0,132977285.0,162800.0,4169.0,7.5,2008.4166,2008,2008,6,Sunday,2,15667.922
Bay Area,2008,7,2008-07-01,671.0,146093090.0,170200.0,4135.0,7.5,2008.5,2008,2008,7,Tuesday,3,23067.922
Bay Area,2008,8,2008-08-01,605.0,131890669.0,167300.0,4030.0,7.4,2008.5834,2008,2008,8,Friday,3,20167.922
Bay Area,2008,9,2008-09-01,298.0,59706694.0,170900.0,3623.0,6.9,2008.6666,2008,2008,9,Monday,3,23767.922
Bay Area,2008,10,2008-10-01,365.0,64474771.0,147200.0,3344.0,6.5,2008.75,2008,2008,10,Wednesday,4,67.921875
Bay Area,2008,11,2008-11-01,281.0,46981295.0,139300.0,3126.0,6.3,2008.8334,2008,2008,11,Saturday,4,-7832.078
Bay Area,2008,12,2008-12-01,425.0,72996172.0,149400.0,2853.0,5.8,2008.9166,2008,2008,12,Monday,4,2267.9219
Bay Area,2009,1,2009-01-01,290.0,44211256.0,134300.0,2832.0,5.8,2009.0,2009,2009,1,Thursday,1,-12832.078
Bay Area,2009,2,2009-02-01,365.0,59217251.0,143700.0,2912.0,6.1,2009.0834,2009,2009,2,Sunday,1,-3432.0781
Bay Area,2009,3,2009-03-01,436.0,74927164.0,146100.0,3027.0,6.5,2009.1666,2009,2009,3,Sunday,1,-1032.0781
Bay Area,2009,4,2009-04-01,430.0,71946293.0,151900.0,3066.0,6.7,2009.25,2009,2009,4,Wednesday,2,4767.922
Bay Area,2009,5,2009-05-01,432.0,81863619.0,156500.0,3146.0,7.2,2009.3334,2009,2009,5,Friday,2,9367.922
Bay Area,2009,6,2009-06-01,583.0,112516238.0,163800.0,3336.0,7.7,2009.4166,2009,2009,6,Monday,2,16667.922
Bay Area,2009,7,2009-07-01,557.0,104236423.0,161500.0,3407.0,8.1,2009.5,2009,2009,7,Wednesday,3,14367.922
Bay Area,2009,8,2009-08-01,516.0,93440972.0,153200.0,3461.0,8.3,2009.5834,2009,2009,8,Saturday,3,6067.922
Bay Area,2009,9,2009-09-01,491.0,91230969.0,151700.0,3480.0,8.1,2009.6666,2009,2009,9,Tuesday,3,4567.922
Bay Area,2009,10,2009-10-01,456.0,81435594.0,152300.0,3518.0,8.0,2009.75,2009,2009,10,Thursday,4,5167.922
Bay Area,2009,11,2009-11-01,433.0,75904044.0,146900.0,3491.0,7.7,2009.8334,2009,2009,11,Sunday,4,-232.07812
Bay Area,2009,12,2009-12-01,397.0,73974741.0,153600.0,3382.0,7.5,2009.9166,2009,2009,12,Tuesday,4,6467.922
Bay Area,2010,1,2010-01-01,230.0,42884600.0,156400.0,3548.0,8.0,2010.0,2010,2010,1,Friday,1,9267.922
Bay Area,2010,2,2010-02-01,316.0,57810967.0,147500.0,3784.0,8.6,2010.0834,2010,2010,2,Monday,1,367.92188
Bay Area,2010,3,2010-03-01,481.0,90639743.0,153800.0,4127.0,9.3,2010.1666,2010,2010,3,Monday,1,6667.922
Bay Area,2010,4,2010-04-01,508.0,92783572.0,155400.0,4152.0,9.2,2010.25,2010,2010,4,Thursday,2,8267.922
Bay Area,2010,5,2010-05-01,564.0,102652499.0,154400.0,4389.0,9.5,2010.3334,2010,2010,5,Saturday,2,7267.922
Bay Area,2010,6,2010-06-01,520.0,101230779.0,162100.0,4627.0,10.2,2010.4166,2010,2010,6,Tuesday,2,14967.922
Bay Area,2010,7,2010-07-01,416.0,80907483.0,161700.0,4756.0,10.7,2010.5,2010,2010,7,Thursday,3,14567.922
Bay Area,2010,8,2010-08-01,402.0,80246739.0,158500.0,4593.0,10.6,2010.5834,2010,2010,8,Sunday,3,11367.922
Bay Area,2010,9,2010-09-01,385.0,71344491.0,153400.0,4455.0,10.5,2010.6666,2010,2010,9,Wednesday,3,6267.922
Bay Area,2010,10,2010-10-01,377.0,69954394.0,158200.0,4368.0,10.4,2010.75,2010,2010,10,Friday,4,11067.922
Bay Area,2010,11,2010-11-01,319.0,54550686.0,140400.0,4208.0,10.3,2010.8334,2010,2010,11,Monday,4,-6732.078
Bay Area,2010,12,2010-12-01,396.0,76002315.0,158200.0,3938.0,9.6,2010.9166,2010,2010,12,Wednesday,4,11067.922
Bay Area,2011,1,2011-01-01,289.0,49266053.0,136700.0,4000.0,9.7,2011.0,2011,2011,1,Saturday,1,-10432.078
Bay Area,2011,2,2011-02-01,331.0,57584202.0,150700.0,4075.0,9.8,2011.0834,2011,2011,2,Tuesday,1,3567.9219
Bay Area,2011,3,2011-03-01,433.0,79172229.0,151800.0,4222.0,10.3,2011.1666,2011,2011,3,Tuesday,1,4667.922
Bay Area,2011,4,2011-04-01,466.0,86816873.0,159600.0,4301.0,10.5,2011.25,2011,2011,4,Friday,2,12467.922
Bay Area,2011,5,2011-05-01,477.0,88285312.0,157000.0,4377.0,10.9,2011.3334,2011,2011,5,Sunday,2,9867.922
Bay Area,2011,6,2011-06-01,484.0,88492680.0,157600.0,4437.0,11.2,2011.4166,2011,2011,6,Wednesday,2,10467.922
Bay Area,2011,7,2011-07-01,460.0,86269940.0,151600.0,4256.0,10.6,2011.5,2011,2011,7,Friday,3,4467.922
Bay Area,2011,8,2011-08-01,558.0,105162295.0,156400.0,4054.0,9.8,2011.5834,2011,2011,8,Monday,3,9267.922
Bay Area,2011,9,2011-09-01,436.0,83543105.0,158600.0,3852.0,9.2,2011.6666,2011,2011,9,Thursday,3,11467.922
Bay Area,2011,10,2011-10-01,393.0,74500908.0,155100.0,3812.0,9.1,2011.75,2011,2011,10,Saturday,4,7967.922
Bay Area,2011,11,2011-11-01,385.0,72517961.0,152400.0,3646.0,8.6,2011.8334,2011,2011,11,Tuesday,4,5267.922
Bay Area,2011,12,2011-12-01,440.0,82336126.0,157400.0,3356.0,7.8,2011.9166,2011,2011,12,Thursday,4,10267.922
Bay Area,2012,1,2012-01-01,308.0,52759766.0,140000.0,3285.0,7.6,2012.0,2012,2012,1,Sunday,1,-7132.078
Bay Area,2012,2,2012-02-01,373.0,70937939.0,156300.0,3289.0,7.6,2012.0834,2012,2012,2,Wednesday,1,9167.922
Bay Area,2012,3,2012-03-01,477.0,84923075.0,152700.0,3338.0,7.6,2012.1666,2012,2012,3,Thursday,1,5567.922
Bay Area,2012,4,2012-04-01,489.0,89577466.0,155000.0,3379.0,7.7,2012.25,2012,2012,4,Sunday,2,7867.922
Bay Area,2012,5,2012-05-01,630.0,122663695.0,165400.0,3396.0,7.5,2012.3334,2012,2012,5,Tuesday,2,18267.922
Bay Area,2012,6,2012-06-01,601.0,115929435.0,162700.0,3338.0,7.2,2012.4166,2012,2012,6,Friday,2,15567.922
Bay Area,2012,7,2012-07-01,612.0,115247521.0,162200.0,3334.0,7.0,2012.5,2012,2012,7,Sunday,3,15067.922
Bay Area,2012,8,2012-08-01,642.0,116689892.0,152200.0,3183.0,6.6,2012.5834,2012,2012,8,Wednesday,3,5067.922
Bay Area,2012,9,2012-09-01,471.0,89273495.0,165500.0,3099.0,6.4,2012.6666,2012,2012,9,Saturday,3,18367.922
Bay Area,2012,10,2012-10-01,529.0,99528523.0,157500.0,3025.0,6.1,2012.75,2012,2012,10,Monday,4,10367.922
Bay Area,2012,11,2012-11-01,465.0,88662121.0,159000.0,2909.0,5.8,2012.8334,2012,2012,11,Thursday,4,11867.922
Bay Area,2012,12,2012-12-01,456.0,89917192.0,157500.0,2703.0,5.4,2012.9166,2012,2012,12,Saturday,4,10367.922
Bay Area,2013,1,2013-01-01,374.0,63231908.0,142400.0,2652.0,5.2,2013.0,2013,2013,1,Tuesday,1,-4732.078
Bay Area,2013,2,2013-02-01,449.0,85906613.0,156200.0,2747.0,5.3,2013.0834,2013,2013,2,Friday,1,9067.922
Bay Area,2013,3,2013-03-01,539.0,103674964.0,159800.0,2794.0,5.4,2013.1666,2013,2013,3,Friday,1,12667.922
Bay Area,2013,4,2013-04-01,604.0,118849609.0,165200.0,2779.0,5.2,2013.25,2013,2013,4,Monday,2,18067.922
Bay Area,2013,5,2013-05-01,767.0,157533832.0,170300.0,2769.0,5.1,2013.3334,2013,2013,5,Wednesday,2,23167.922
Bay Area,2013,6,2013-06-01,706.0,153326108.0,177900.0,2790.0,5.1,2013.4166,2013,2013,6,Saturday,2,30767.922
Bay Area,2013,7,2013-07-01,773.0,164924265.0,173200.0,2829.0,5.0,2013.5,2013,2013,7,Monday,3,26067.922
Bay Area,2013,8,2013-08-01,737.0,158463475.0,175000.0,2792.0,4.9,2013.5834,2013,2013,8,Thursday,3,27867.922
Bay Area,2013,9,2013-09-01,593.0,119642217.0,169500.0,2773.0,4.8,2013.6666,2013,2013,9,Sunday,3,22367.922
Bay Area,2013,10,2013-10-01,589.0,121201992.0,167100.0,2728.0,4.6,2013.75,2013,2013,10,Tuesday,4,19967.922
Bay Area,2013,11,2013-11-01,461.0,89314560.0,163800.0,2598.0,4.4,2013.8334,2013,2013,11,Friday,4,16667.922
Bay Area,2013,12,2013-12-01,567.0,120716894.0,170500.0,2417.0,4.1,2013.9166,2013,2013,12,Sunday,4,23367.922
Bay Area,2014,1,2014-01-01,389.0,74355512.0,157500.0,2383.0,4.0,2014.0,2014,2014,1,Wednesday,1,10367.922
Bay Area,2014,2,2014-02-01,499.0,101202076.0,172800.0,2377.0,3.9,2014.0834,2014,2014,2,Saturday,1,25667.922
Bay Area,2014,3,2014-03-01,585.0,119138935.0,171100.0,2414.0,4.0,2014.1666,2014,2014,3,Saturday,1,23967.922
Bay Area,2014,4,2014-04-01,692.0,139962135.0,171700.0,2429.0,4.0,2014.25,2014,2014,4,Tuesday,2,24567.922
Bay Area,2014,5,2014-05-01,753.0,166424154.0,182000.0,2386.0,3.9,2014.3334,2014,2014,5,Thursday,2,34867.92
Bay Area,2014,6,2014-06-01,803.0,176892955.0,186000.0,2449.0,3.9,2014.4166,2014,2014,6,Sunday,2,38867.92
Bay Area,2014,7,2014-07-01,787.0,173366761.0,178200.0,2515.0,4.0,2014.5,2014,2014,7,Tuesday,3,31067.922
Bay Area,2014,8,2014-08-01,837.0,182260959.0,183700.0,2462.0,3.9,2014.5834,2014,2014,8,Friday,3,36567.92
Bay Area,2014,9,2014-09-01,669.0,140716025.0,178400.0,2331.0,3.7,2014.6666,2014,2014,9,Monday,3,31267.922
Bay Area,2014,10,2014-10-01,696.0,149013631.0,174300.0,2182.0,3.4,2014.75,2014,2014,10,Wednesday,4,27167.922
Bay Area,2014,11,2014-11-01,548.0,117333715.0,185000.0,2092.0,3.2,2014.8334,2014,2014,11,Saturday,4,37867.92
Bay Area,2014,12,2014-12-01,610.0,136939956.0,188500.0,1894.0,2.9,2014.9166,2014,2014,12,Monday,4,41367.92
Bay Area,2015,1,2015-01-01,401.0,81231345.0,172200.0,1910.0,2.9,2015.0,2015,2015,1,Thursday,1,25067.922
Bay Area,2015,2,2015-02-01,510.0,110931977.0,186100.0,1871.0,2.8,2015.0834,2015,2015,2,Sunday,1,38967.92
Bay Area,2015,3,2015-03-01,652.0,147416393.0,185900.0,1896.0,2.9,2015.1666,2015,2015,3,Sunday,1,38767.92
Bay Area,2015,4,2015-04-01,655.0,150881749.0,192100.0,1943.0,2.9,2015.25,2015,2015,4,Wednesday,2,44967.92
Bay Area,2015,5,2015-05-01,723.0,165877043.0,194300.0,2057.0,3.1,2015.3334,2015,2015,5,Friday,2,47167.92
Bay Area,2015,6,2015-06-01,780.0,182248573.0,200700.0,2116.0,3.2,2015.4166,2015,2015,6,Monday,2,53567.92
Bay Area,2015,7,2015-07-01,849.0,197368370.0,200800.0,2144.0,3.2,2015.5,2015,2015,7,Wednesday,3,53667.92
Beaumont,2000,1,2000-01-01,97.0,10100000.0,82100.0,876.0,6.1,2000.0,2000,2000,1,Saturday,1,-33071.125
Beaumont,2000,2,2000-02-01,134.0,12405000.0,81500.0,896.0,6.3,2000.0834,2000,2000,2,Tuesday,1,-33671.125
Beaumont,2000,3,2000-03-01,159.0,15915000.0,82700.0,898.0,6.2,2000.1666,2000,2000,3,Wednesday,1,-32471.125
Beaumont,2000,4,2000-04-01,153.0,15600000.0,83800.0,872.0,6.0,2000.25,2000,2000,4,Saturday,2,-31371.125
Beaumont,2000,5,2000-05-01,170.0,18300000.0,94400.0,937.0,6.5,2000.3334,2000,2000,5,Monday,2,-20771.125
Beaumont,2000,6,2000-06-01,162.0,17410000.0,87800.0,947.0,6.5,2000.4166,2000,2000,6,Thursday,2,-27371.125
Beaumont,2000,7,2000-07-01,173.0,19095000.0,85000.0,951.0,6.5,2000.5,2000,2000,7,Saturday,3,-30171.125
Beaumont,2000,8,2000-08-01,180.0,16920000.0,78800.0,984.0,6.7,2000.5834,2000,2000,8,Tuesday,3,-36371.125
Beaumont,2000,9,2000-09-01,152.0,16450000.0,94400.0,1023.0,7.1,2000.6666,2000,2000,9,Friday,3,-20771.125
Beaumont,2000,10,2000-10-01,117.0,12570000.0,89500.0,1048.0,7.2,2000.75,2000,2000,10,Sunday,4,-25671.125
Beaumont,2000,11,2000-11-01,140.0,16190000.0,85300.0,980.0,6.7,2000.8334,2000,2000,11,Wednesday,4,-29871.125
Beaumont,2000,12,2000-12-01,144.0,14050000.0,79300.0,942.0,6.3,2000.9166,2000,2000,12,Friday,4,-35871.125
Beaumont,2001,1,2001-01-01,87.0,8865000.0,86500.0,971.0,6.6,2001.0,2001,2001,1,Monday,1,-28671.125
Beaumont,2001,2,2001-02-01,122.0,12090000.0,83800.0,975.0,6.7,2001.0834,2001,2001,2,Thursday,1,-31371.125
Beaumont,2001,3,2001-03-01,166.0,18055000.0,89400.0,969.0,6.6,2001.1666,2001,2001,3,Thursday,1,-25771.125
Beaumont,2001,4,2001-04-01,170.0,18035000.0,88400.0,974.0,6.6,2001.25,2001,2001,4,Sunday,2,-26771.125
Beaumont,2001,5,2001-05-01,196.0,21020000.0,87000.0,1003.0,6.7,2001.3334,2001,2001,5,Tuesday,2,-28171.125
Beaumont,2001,6,2001-06-01,138.0,16180000.0,90000.0,1043.0,7.0,2001.4166,2001,2001,6,Friday,2,-25171.125
Beaumont,2001,7,2001-07-01,204.0,23250000.0,88500.0,1007.0,6.7,2001.5,2001,2001,7,Sunday,3,-26671.125
Beaumont,2001,8,2001-08-01,169.0,18075000.0,89700.0,1080.0,7.2,2001.5834,2001,2001,8,Wednesday,3,-25471.125
Beaumont,2001,9,2001-09-01,143.0,16745000.0,91700.0,1091.0,7.3,2001.6666,2001,2001,9,Saturday,3,-23471.125
Beaumont,2001,10,2001-10-01,129.0,11860000.0,74600.0,1084.0,7.2,2001.75,2001,2001,10,Monday,4,-40571.125
Beaumont,2001,11,2001-11-01,143.0,15235000.0,92100.0,1006.0,6.7,2001.8334,2001,2001,11,Thursday,4,-23071.125
Beaumont,2001,12,2001-12-01,131.0,13145000.0,87500.0,924.0,6.2,2001.9166,2001,2001,12,Saturday,4,-27671.125
Beaumont,2002,1,2002-01-01,101.0,10910000.0,82100.0,990.0,6.6,2002.0,2002,2002,1,Tuesday,1,-33071.125
Beaumont,2002,2,2002-02-01,145.0,14800000.0,79600.0,1005.0,6.6,2002.0834,2002,2002,2,Friday,1,-35571.125
Beaumont,2002,3,2002-03-01,150.0,15165000.0,85600.0,1025.0,6.8,2002.1666,2002,2002,3,Friday,1,-29571.125
Beaumont,2002,4,2002-04-01,192.0,21395000.0,87000.0,1009.0,6.6,2002.25,2002,2002,4,Monday,2,-28171.125
Beaumont,2002,5,2002-05-01,215.0,23355000.0,91900.0,1009.0,6.5,2002.3334,2002,2002,5,Wednesday,2,-23271.125
Beaumont,2002,6,2002-06-01,187.0,21560000.0,99600.0,1018.0,6.4,2002.4166,2002,2002,6,Saturday,2,-15571.125
Beaumont,2002,7,2002-07-01,174.0,18110000.0,97000.0,1034.0,6.6,2002.5,2002,2002,7,Monday,3,-18171.125
Beaumont,2002,8,2002-08-01,185.0,21650000.0,98300.0,1020.0,6.5,2002.5834,2002,2002,8,Thursday,3,-16871.125
Beaumont,2002,9,2002-09-01,160.0,18835000.0,94100.0,995.0,6.2,2002.6666,2002,2002,9,Sunday,3,-21071.125
Beaumont,2002,10,2002-10-01,176.0,17500000.0,81500.0,1016.0,6.2,2002.75,2002,2002,10,Tuesday,4,-33671.125
Beaumont,2002,11,2002-11-01,122.0,12490000.0,92700.0,1003.0,6.2,2002.8334,2002,2002,11,Friday,4,-22471.125
Beaumont,2002,12,2002-12-01,120.0,13835000.0,88000.0,997.0,6.2,2002.9166,2002,2002,12,Sunday,4,-27171.125
Beaumont,2003,1,2003-01-01,111.0,10680000.0,83100.0,1044.0,6.5,2003.0,2003,2003,1,Wednesday,1,-32071.125
Beaumont,2003,2,2003-02-01,151.0,16190000.0,93200.0,1040.0,6.4,2003.0834,2003,2003,2,Saturday,1,-21971.125
Beaumont,2003,3,2003-03-01,153.0,17860000.0,89000.0,1094.0,6.7,2003.1666,2003,2003,3,Saturday,1,-26171.125
Beaumont,2003,4,2003-04-01,167.0,20020000.0,91600.0,1129.0,7.1,2003.25,2003,2003,4,Tuesday,2,-23571.125
Beaumont,2003,5,2003-05-01,193.0,20225000.0,87800.0,1164.0,7.4,2003.3334,2003,2003,5,Thursday,2,-27371.125
Beaumont,2003,6,2003-06-01,173.0,20700000.0,100400.0,1159.0,7.4,2003.4166,2003,2003,6,Sunday,2,-14771.125
Beaumont,2003,7,2003-07-01,204.0,24140000.0,101000.0,1159.0,7.3,2003.5,2003,2003,7,Tuesday,3,-14171.125
Beaumont,2003,8,2003-08-01,205.0,25170000.0,103200.0,1159.0,7.2,2003.5834,2003,2003,8,Friday,3,-11971.125
Beaumont,2003,9,2003-09-01,199.0,23290000.0,101400.0,1173.0,7.1,2003.6666,2003,2003,9,Monday,3,-13771.125
Beaumont,2003,10,2003-10-01,185.0,20930000.0,95000.0,1160.0,7.0,2003.75,2003,2003,10,Wednesday,4,-20171.125
Beaumont,2003,11,2003-11-01,141.0,15105000.0,86100.0,1159.0,6.9,2003.8334,2003,2003,11,Saturday,4,-29071.125
Beaumont,2003,12,2003-12-01,181.0,27165000.0,116300.0,1118.0,6.5,2003.9166,2003,2003,12,Monday,4,1128.875
Beaumont,2004,1,2004-01-01,105.0,12160000.0,99400.0,1068.0,6.2,2004.0,2004,2004,1,Thursday,1,-15771.125
Beaumont,2004,2,2004-02-01,170.0,22880000.0,112000.0,1048.0,6.1,2004.0834,2004,2004,2,Sunday,1,-3171.125
Beaumont,2004,3,2004-03-01,186.0,23960000.0,97400.0,1138.0,6.5,2004.1666,2004,2004,3,Monday,1,-17771.125
Beaumont,2004,4,2004-04-01,186.0,22375000.0,103700.0,1181.0,6.7,2004.25,2004,2004,4,Thursday,2,-11471.125
Beaumont,2004,5,2004-05-01,180.0,22195000.0,103100.0,1209.0,6.9,2004.3334,2004,2004,5,Saturday,2,-12071.125
Beaumont,2004,6,2004-06-01,216.0,27460000.0,106000.0,1226.0,6.8,2004.4166,2004,2004,6,Tuesday,2,-9171.125
Beaumont,2004,7,2004-07-01,199.0,23120000.0,100300.0,1207.0,6.7,2004.5,2004,2004,7,Thursday,3,-14871.125
Beaumont,2004,8,2004-08-01,232.0,27990000.0,103200.0,1275.0,7.0,2004.5834,2004,2004,8,Sunday,3,-11971.125
Beaumont,2004,9,2004-09-01,167.0,20840000.0,97000.0,1296.0,7.2,2004.6666,2004,2004,9,Wednesday,3,-18171.125
Beaumont,2004,10,2004-10-01,154.0,16940000.0,90000.0,1268.0,7.2,2004.75,2004,2004,10,Friday,4,-25171.125
Beaumont,2004,11,2004-11-01,171.0,20500000.0,92900.0,1237.0,6.9,2004.8334,2004,2004,11,Monday,4,-22271.125
Beaumont,2004,12,2004-12-01,153.0,17650000.0,95400.0,1253.0,7.1,2004.9166,2004,2004,12,Wednesday,4,-19771.125
Beaumont,2005,1,2005-01-01,127.0,15330000.0,97700.0,1240.0,7.0,2005.0,2005,2005,1,Saturday,1,-17471.125
Beaumont,2005,2,2005-02-01,167.0,20115000.0,106200.0,1232.0,6.9,2005.0834,2005,2005,2,Tuesday,1,-8971.125
Beaumont,2005,3,2005-03-01,196.0,22125000.0,90900.0,1286.0,7.2,2005.1666,2005,2005,3,Tuesday,1,-24271.125
Beaumont,2005,4,2005-04-01,177.0,19555000.0,93000.0,1317.0,7.4,2005.25,2005,2005,4,Friday,2,-22171.125
Beaumont,2005,5,2005-05-01,225.0,29250000.0,103300.0,1331.0,7.3,2005.3334,2005,2005,5,Sunday,2,-11871.125
Beaumont,2005,6,2005-06-01,185.0,24955000.0,111200.0,1417.0,7.9,2005.4166,2005,2005,6,Wednesday,2,-3971.125
Beaumont,2005,7,2005-07-01,173.0,20665000.0,105800.0,1409.0,7.9,2005.5,2005,2005,7,Friday,3,-9371.125
Beaumont,2005,8,2005-08-01,228.0,28945000.0,104800.0,1399.0,7.9,2005.5834,2005,2005,8,Monday,3,-10371.125
Beaumont,2005,9,2005-09-01,114.0,15290000.0,116700.0,1232.0,7.1,2005.6666,2005,2005,9,Thursday,3,1528.875
Beaumont,2005,10,2005-10-01,86.0,12405000.0,120000.0,1078.0,6.5,2005.75,2005,2005,10,Saturday,4,4828.875
Beaumont,2005,11,2005-11-01,213.0,27065000.0,109700.0,940.0,5.5,2005.8334,2005,2005,11,Tuesday,4,-5471.125
Beaumont,2005,12,2005-12-01,168.0,20715000.0,106700.0,856.0,5.0,2005.9166,2005,2005,12,Thursday,4,-8471.125
Beaumont,2006,1,2006-01-01,159.0,19050000.0,98300.0,825.0,4.7,2006.0,2006,2006,1,Sunday,1,-16871.125
Beaumont,2006,2,2006-02-01,176.0,22570000.0,116900.0,767.0,4.4,2006.0834,2006,2006,2,Wednesday,1,1728.875
Beaumont,2006,3,2006-03-01,218.0,27095000.0,105800.0,804.0,4.5,2006.1666,2006,2006,3,Wednesday,1,-9371.125
Beaumont,2006,4,2006-04-01,199.0,24620000.0,108600.0,850.0,4.8,2006.25,2006,2006,4,Saturday,2,-6571.125
Beaumont,2006,5,2006-05-01,188.0,25445000.0,117100.0,839.0,4.8,2006.3334,2006,2006,5,Monday,2,1928.875
Beaumont,2006,6,2006-06-01,205.0,28960000.0,121400.0,922.0,5.2,2006.4166,2006,2006,6,Thursday,2,6228.875
Beaumont,2006,7,2006-07-01,192.0,28090000.0,122000.0,1028.0,5.7,2006.5,2006,2006,7,Saturday,3,6828.875
Beaumont,2006,8,2006-08-01,235.0,31025000.0,109700.0,1042.0,5.8,2006.5834,2006,2006,8,Tuesday,3,-5471.125
Beaumont,2006,9,2006-09-01,228.0,32465000.0,124000.0,1030.0,5.5,2006.6666,2006,2006,9,Friday,3,8828.875
Beaumont,2006,10,2006-10-01,183.0,26110000.0,123900.0,1009.0,5.1,2006.75,2006,2006,10,Sunday,4,8728.875
Beaumont,2006,11,2006-11-01,178.0,23395000.0,122500.0,1436.0,7.4,2006.8334,2006,2006,11,Wednesday,4,7328.875
Beaumont,2006,12,2006-12-01,184.0,26505000.0,124800.0,970.0,5.0,2006.9166,2006,2006,12,Friday,4,9628.875
Beaumont,2007,1,2007-01-01,139.0,19200000.0,119400.0,1001.0,5.2,2007.0,2007,2007,1,Monday,1,4228.875
Beaumont,2007,2,2007-02-01,179.0,26235000.0,122200.0,947.0,4.9,2007.0834,2007,2007,2,Thursday,1,7028.875
Beaumont,2007,3,2007-03-01,250.0,35980000.0,122100.0,1008.0,5.1,2007.1666,2007,2007,3,Thursday,1,6928.875
Beaumont,2007,4,2007-04-01,204.0,28040000.0,117800.0,1007.0,5.1,2007.25,2007,2007,4,Sunday,2,2628.875
Beaumont,2007,5,2007-05-01,270.0,41715000.0,137200.0,1103.0,5.4,2007.3334,2007,2007,5,Tuesday,2,22028.875
Beaumont,2007,6,2007-06-01,231.0,35875000.0,131700.0,1184.0,5.7,2007.4166,2007,2007,6,Friday,2,16528.875
Beaumont,2007,7,2007-07-01,233.0,35065000.0,128900.0,1307.0,6.2,2007.5,2007,2007,7,Sunday,3,13728.875
Beaumont,2007,8,2007-08-01,256.0,38555000.0,130900.0,1299.0,6.1,2007.5834,2007,2007,8,Wednesday,3,15728.875
Beaumont,2007,9,2007-09-01,194.0,27960000.0,133300.0,1305.0,6.3,2007.6666,2007,2007,9,Saturday,3,18128.875
Beaumont,2007,10,2007-10-01,185.0,26265000.0,112400.0,1299.0,6.2,2007.75,2007,2007,10,Monday,4,-2771.125
Beaumont,2007,11,2007-11-01,176.0,24825000.0,119100.0,1258.0,6.0,2007.8334,2007,2007,11,Thursday,4,3928.875
Beaumont,2007,12,2007-12-01,174.0,25340000.0,123500.0,1249.0,6.0,2007.9166,2007,2007,12,Saturday,4,8328.875
Beaumont,2008,1,2008-01-01,122.0,18145000.0,134300.0,1321.0,6.4,2008.0,2008,2008,1,Tuesday,1,19128.875
Beaumont,2008,2,2008-02-01,153.0,21225000.0,120600.0,1322.0,6.5,2008.0834,2008,2008,2,Friday,1,5428.875
Beaumont,2008,3,2008-03-01,178.0,25915000.0,121100.0,1388.0,7.0,2008.1666,2008,2008,3,Saturday,1,5928.875
Beaumont,2008,4,2008-04-01,210.0,29975000.0,126700.0,1411.0,7.1,2008.25,2008,2008,4,Tuesday,2,11528.875
Beaumont,2008,5,2008-05-01,211.0,30935000.0,127600.0,1425.0,7.4,2008.3334,2008,2008,5,Thursday,2,12428.875
Beaumont,2008,6,2008-06-01,215.0,30505000.0,127700.0,1488.0,7.7,2008.4166,2008,2008,6,Sunday,2,12528.875
Beaumont,2008,7,2008-07-01,239.0,38825000.0,138600.0,1512.0,7.8,2008.5,2008,2008,7,Tuesday,3,23428.875
Beaumont,2008,8,2008-08-01,190.0,28220000.0,121900.0,1429.0,7.6,2008.5834,2008,2008,8,Friday,3,6728.875
Beaumont,2008,9,2008-09-01,83.0,13010000.0,135500.0,1369.0,7.7,2008.6666,2008,2008,9,Monday,3,20328.875
Beaumont,2008,10,2008-10-01,178.0,28240000.0,139000.0,1370.0,7.7,2008.75,2008,2008,10,Wednesday,4,23828.875
Beaumont,2008,11,2008-11-01,153.0,23125000.0,134400.0,1260.0,7.2,2008.8334,2008,2008,11,Saturday,4,19228.875
Beaumont,2008,12,2008-12-01,175.0,23065000.0,128100.0,1208.0,6.9,2008.9166,2008,2008,12,Monday,4,12928.875
Beaumont,2009,1,2009-01-01,129.0,19020000.0,126000.0,1261.0,7.2,2009.0,2009,2009,1,Thursday,1,10828.875
Beaumont,2009,2,2009-02-01,139.0,21040000.0,132800.0,1293.0,7.4,2009.0834,2009,2009,2,Sunday,1,17628.875
Beaumont,2009,3,2009-03-01,183.0,26200000.0,137400.0,1345.0,7.7,2009.1666,2009,2009,3,Sunday,1,22228.875
Beaumont,2009,4,2009-04-01,175.0,24135000.0,131200.0,1376.0,8.0,2009.25,2009,2009,4,Wednesday,2,16028.875
Beaumont,2009,5,2009-05-01,182.0,30395000.0,139200.0,1418.0,8.3,2009.3334,2009,2009,5,Friday,2,24028.875
Beaumont,2009,6,2009-06-01,191.0,30035000.0,144800.0,1418.0,8.4,2009.4166,2009,2009,6,Monday,2,29628.875
Beaumont,2009,7,2009-07-01,207.0,30435000.0,126500.0,1514.0,9.2,2009.5,2009,2009,7,Wednesday,3,11328.875
Beaumont,2009,8,2009-08-01,187.0,28820000.0,138100.0,1511.0,9.1,2009.5834,2009,2009,8,Saturday,3,22928.875
Beaumont,2009,9,2009-09-01,146.0,20905000.0,131400.0,1510.0,8.9,2009.6666,2009,2009,9,Tuesday,3,16228.875
Beaumont,2009,10,2009-10-01,165.0,23253297.0,130900.0,1546.0,9.1,2009.75,2009,2009,10,Thursday,4,15728.875
Beaumont,2009,11,2009-11-01,137.0,19300926.0,124700.0,1520.0,9.0,2009.8334,2009,2009,11,Sunday,4,9528.875
Beaumont,2009,12,2009-12-01,148.0,20251478.0,121100.0,1472.0,8.9,2009.9166,2009,2009,12,Tuesday,4,5928.875
Beaumont,2010,1,2010-01-01,83.0,14161924.0,163800.0,1533.0,9.5,2010.0,2010,2010,1,Friday,1,48628.875
Beaumont,2010,2,2010-02-01,108.0,17690323.0,138200.0,1586.0,10.0,2010.0834,2010,2010,2,Monday,1,23028.875
Beaumont,2010,3,2010-03-01,182.0,28700876.0,122400.0,1689.0,10.6,2010.1666,2010,2010,3,Monday,1,7228.875
Beaumont,2010,4,2010-04-01,200.0,26818968.0,123200.0,1708.0,10.6,2010.25,2010,2010,4,Thursday,2,8028.875
Beaumont,2010,5,2010-05-01,202.0,28832506.0,123100.0,1771.0,10.9,2010.3334,2010,2010,5,Saturday,2,7928.875
Beaumont,2010,6,2010-06-01,189.0,27218893.0,122800.0,1803.0,11.1,2010.4166,2010,2010,6,Tuesday,2,7628.875
Beaumont,2010,7,2010-07-01,164.0,22705979.0,124300.0,1857.0,11.7,2010.5,2010,2010,7,Thursday,3,9128.875
Beaumont,2010,8,2010-08-01,174.0,25236825.0,136800.0,1830.0,11.6,2010.5834,2010,2010,8,Sunday,3,21628.875
Beaumont,2010,9,2010-09-01,124.0,17233313.0,121100.0,1829.0,11.7,2010.6666,2010,2010,9,Wednesday,3,5928.875
Beaumont,2010,10,2010-10-01,150.0,23904149.0,138500.0,1779.0,11.5,2010.75,2010,2010,10,Friday,4,23328.875
Beaumont,2010,11,2010-11-01,150.0,18106895.0,150700.0,1742.0,11.2,2010.8334,2010,2010,11,Monday,4,35528.875
Beaumont,2010,12,2010-12-01,148.0,21234653.0,132500.0,1646.0,10.5,2010.9166,2010,2010,12,Wednesday,4,17328.875
Beaumont,2011,1,2011-01-01,108.0,16199760.0,130700.0,1677.0,10.6,2011.0,2011,2011,1,Saturday,1,15528.875
Beaumont,2011,2,2011-02-01,108.0,16186572.0,116700.0,1691.0,10.7,2011.0834,2011,2011,2,Tuesday,1,1528.875
Beaumont,2011,3,2011-03-01,146.0,22183468.0,120000.0,1762.0,11.3,2011.1666,2011,2011,3,Tuesday,1,4828.875
Beaumont,2011,4,2011-04-01,166.0,24086772.0,130000.0,1767.0,11.6,2011.25,2011,2011,4,Friday,2,14828.875
Beaumont,2011,5,2011-05-01,143.0,19684333.0,120700.0,1832.0,12.4,2011.3334,2011,2011,5,Sunday,2,5528.875
Beaumont,2011,6,2011-06-01,177.0,25859565.0,131200.0,1845.0,12.6,2011.4166,2011,2011,6,Wednesday,2,16028.875
Beaumont,2011,7,2011-07-01,163.0,28480251.0,132800.0,1822.0,12.4,2011.5,2011,2011,7,Friday,3,17628.875
Beaumont,2011,8,2011-08-01,160.0,24920835.0,144600.0,1789.0,12.3,2011.5834,2011,2011,8,Monday,3,29428.875
Beaumont,2011,9,2011-09-01,127.0,16907506.0,123800.0,1785.0,12.3,2011.6666,2011,2011,9,Thursday,3,8628.875
Beaumont,2011,10,2011-10-01,155.0,22563502.0,132100.0,1722.0,11.8,2011.75,2011,2011,10,Saturday,4,16928.875
Beaumont,2011,11,2011-11-01,124.0,15488857.0,111100.0,1687.0,11.7,2011.8334,2011,2011,11,Tuesday,4,-4071.125
Beaumont,2011,12,2011-12-01,151.0,20580188.0,114000.0,1596.0,11.1,2011.9166,2011,2011,12,Thursday,4,-1171.125
Beaumont,2012,1,2012-01-01,110.0,13496168.0,110000.0,1647.0,11.4,2012.0,2012,2012,1,Sunday,1,-5171.125
Beaumont,2012,2,2012-02-01,135.0,17211846.0,117500.0,1666.0,11.4,2012.0834,2012,2012,2,Wednesday,1,2328.875
Beaumont,2012,3,2012-03-01,175.0,25358523.0,129600.0,1730.0,11.6,2012.1666,2012,2012,3,Thursday,1,14428.875
Beaumont,2012,4,2012-04-01,176.0,24956123.0,126200.0,1735.0,11.6,2012.25,2012,2012,4,Sunday,2,11028.875
Beaumont,2012,5,2012-05-01,197.0,30159002.0,134100.0,1765.0,11.4,2012.3334,2012,2012,5,Tuesday,2,18928.875
Beaumont,2012,6,2012-06-01,173.0,25281117.0,130800.0,1724.0,11.2,2012.4166,2012,2012,6,Friday,2,15628.875
Beaumont,2012,7,2012-07-01,182.0,25980626.0,127000.0,1749.0,11.3,2012.5,2012,2012,7,Sunday,3,11828.875
Beaumont,2012,8,2012-08-01,218.0,31145689.0,133600.0,1683.0,10.5,2012.5834,2012,2012,8,Wednesday,3,18428.875
Beaumont,2012,9,2012-09-01,182.0,24051767.0,118800.0,1704.0,10.3,2012.6666,2012,2012,9,Saturday,3,3628.875
Beaumont,2012,10,2012-10-01,193.0,27350251.0,121800.0,1671.0,9.9,2012.75,2012,2012,10,Monday,4,6628.875
Beaumont,2012,11,2012-11-01,162.0,22905813.0,134300.0,1652.0,9.7,2012.8334,2012,2012,11,Thursday,4,19128.875
Beaumont,2012,12,2012-12-01,160.0,25714275.0,134700.0,1570.0,9.1,2012.9166,2012,2012,12,Saturday,4,19528.875
Beaumont,2013,1,2013-01-01,159.0,23028515.0,126100.0,1581.0,9.0,2013.0,2013,2013,1,Tuesday,1,10928.875
Beaumont,2013,2,2013-02-01,140.0,20341632.0,130000.0,1620.0,9.2,2013.0834,2013,2013,2,Friday,1,14828.875
Beaumont,2013,3,2013-03-01,170.0,25551327.0,121200.0,1567.0,8.9,2013.1666,2013,2013,3,Friday,1,6028.875
Beaumont,2013,4,2013-04-01,198.0,29432968.0,131400.0,1696.0,9.5,2013.25,2013,2013,4,Monday,2,16228.875
Beaumont,2013,5,2013-05-01,246.0,37279685.0,134200.0,1659.0,9.1,2013.3334,2013,2013,5,Wednesday,2,19028.875
Beaumont,2013,6,2013-06-01,232.0,36275117.0,134100.0,1675.0,9.0,2013.4166,2013,2013,6,Saturday,2,18928.875
Beaumont,2013,7,2013-07-01,206.0,30817961.0,128200.0,1708.0,9.0,2013.5,2013,2013,7,Monday,3,13028.875
Beaumont,2013,8,2013-08-01,273.0,42027963.0,135000.0,1675.0,8.7,2013.5834,2013,2013,8,Thursday,3,19828.875
Beaumont,2013,9,2013-09-01,213.0,34359319.0,147000.0,1681.0,8.6,2013.6666,2013,2013,9,Sunday,3,31828.875
Beaumont,2013,10,2013-10-01,188.0,25685677.0,121100.0,1655.0,8.5,2013.75,2013,2013,10,Tuesday,4,5928.875
Beaumont,2013,11,2013-11-01,177.0,26371036.0,140500.0,1624.0,8.3,2013.8334,2013,2013,11,Friday,4,25328.875
Beaumont,2013,12,2013-12-01,212.0,32538192.0,140000.0,1534.0,7.6,2013.9166,2013,2013,12,Sunday,4,24828.875
Beaumont,2014,1,2014-01-01,148.0,18076788.0,106700.0,1575.0,7.9,2014.0,2014,2014,1,Wednesday,1,-8471.125
Beaumont,2014,2,2014-02-01,186.0,27164059.0,132500.0,1636.0,8.0,2014.0834,2014,2014,2,Saturday,1,17328.875
Beaumont,2014,3,2014-03-01,182.0,26343961.0,129100.0,1539.0,7.5,2014.1666,2014,2014,3,Saturday,1,13928.875
Beaumont,2014,4,2014-04-01,208.0,30181350.0,138300.0,1604.0,7.8,2014.25,2014,2014,4,Tuesday,2,23128.875
Beaumont,2014,5,2014-05-01,246.0,36738840.0,134500.0,1620.0,7.9,2014.3334,2014,2014,5,Thursday,2,19328.875
Beaumont,2014,6,2014-06-01,254.0,38188521.0,134500.0,1672.0,8.0,2014.4166,2014,2014,6,Sunday,2,19328.875
Beaumont,2014,7,2014-07-01,212.0,34860532.0,142200.0,1657.0,8.0,2014.5,2014,2014,7,Tuesday,3,27028.875
Beaumont,2014,8,2014-08-01,262.0,41190822.0,142400.0,1617.0,7.8,2014.5834,2014,2014,8,Friday,3,27228.875
Beaumont,2014,9,2014-09-01,224.0,35335349.0,128100.0,1501.0,7.2,2014.6666,2014,2014,9,Monday,3,12928.875
Beaumont,2014,10,2014-10-01,260.0,40922785.0,140600.0,1575.0,7.4,2014.75,2014,2014,10,Wednesday,4,25428.875
Beaumont,2014,11,2014-11-01,180.0,24925170.0,124300.0,1544.0,7.2,2014.8334,2014,2014,11,Saturday,4,9128.875
Beaumont,2014,12,2014-12-01,202.0,31656001.0,133800.0,1500.0,7.0,2014.9166,2014,2014,12,Monday,4,18628.875
Beaumont,2015,1,2015-01-01,151.0,21656222.0,122000.0,1558.0,7.3,2015.0,2015,2015,1,Thursday,1,6828.875
Beaumont,2015,2,2015-02-01,210.0,30877782.0,126700.0,1503.0,7.0,2015.0834,2015,2015,2,Sunday,1,11528.875
Beaumont,2015,3,2015-03-01,275.0,41454519.0,134500.0,1569.0,7.0,2015.1666,2015,2015,3,Sunday,1,19328.875
Beaumont,2015,4,2015-04-01,255.0,40459640.0,138800.0,1548.0,6.8,2015.25,2015,2015,4,Wednesday,2,23628.875
Beaumont,2015,5,2015-05-01,283.0,42246222.0,132400.0,1555.0,6.7,2015.3334,2015,2015,5,Friday,2,17228.875
Beaumont,2015,6,2015-06-01,296.0,48007961.0,145200.0,1567.0,6.7,2015.4166,2015,2015,6,Monday,2,30028.875
Beaumont,2015,7,2015-07-01,318.0,52882965.0,139300.0,1561.0,6.4,2015.5,2015,2015,7,Wednesday,3,24128.875
Brazoria County,2000,1,2000-01-01,55.0,5245000.0,74400.0,512.0,5.9,2000.0,2000,2000,1,Saturday,1,-42277.453
Brazoria County,2000,2,2000-02-01,76.0,6690000.0,82500.0,423.0,4.8,2000.0834,2000,2000,2,Tuesday,1,-34177.453
Brazoria County,2000,3,2000-03-01,95.0,8895000.0,80500.0,467.0,5.4,2000.1666,2000,2000,3,Wednesday,1,-36177.453
Brazoria County,2000,4,2000-04-01,87.0,8315000.0,81900.0,470.0,5.4,2000.25,2000,2000,4,Saturday,2,-34777.453
Brazoria County,2000,5,2000-05-01,121.0,12630000.0,85300.0,470.0,5.3,2000.3334,2000,2000,5,Monday,2,-31377.453
Brazoria County,2000,6,2000-06-01,110.0,12215000.0,85400.0,460.0,5.1,2000.4166,2000,2000,6,Thursday,2,-31277.453
Brazoria County,2000,7,2000-07-01,116.0,14095000.0,88800.0,451.0,5.0,2000.5,2000,2000,7,Saturday,3,-27877.453
Brazoria County,2000,8,2000-08-01,97.0,11085000.0,97500.0,442.0,4.9,2000.5834,2000,2000,8,Tuesday,3,-19177.453
Brazoria County,2000,9,2000-09-01,84.0,8075000.0,84500.0,438.0,4.9,2000.6666,2000,2000,9,Friday,3,-32177.453
Brazoria County,2000,10,2000-10-01,85.0,8180000.0,75000.0,438.0,4.9,2000.75,2000,2000,10,Sunday,4,-41677.453
Brazoria County,2000,11,2000-11-01,59.0,6180000.0,78900.0,410.0,4.6,2000.8334,2000,2000,11,Wednesday,4,-37777.453
Brazoria County,2000,12,2000-12-01,75.0,8650000.0,85000.0,410.0,4.6,2000.9166,2000,2000,12,Friday,4,-31677.453
Brazoria County,2001,1,2001-01-01,54.0,5895000.0,87800.0,423.0,4.8,2001.0,2001,2001,1,Monday,1,-28877.453
Brazoria County,2001,2,2001-02-01,76.0,6690000.0,82500.0,423.0,4.8,2001.0834,2001,2001,2,Thursday,1,-34177.453
Brazoria County,2001,3,2001-03-01,95.0,8560000.0,77100.0,,,2001.1666,2001,2001,3,Thursday,1,-39577.453
Brazoria County,2001,4,2001-04-01,87.0,8685000.0,81700.0,459.0,5.2,2001.25,2001,2001,4,Sunday,2,-34977.453
Brazoria County,2001,5,2001-05-01,104.0,10840000.0,88300.0,493.0,5.7,2001.3334,2001,2001,5,Tuesday,2,-28377.453
Brazoria County,2001,6,2001-06-01,115.0,13105000.0,89600.0,,,2001.4166,2001,2001,6,Friday,2,-27077.453
Brazoria County,2001,7,2001-07-01,84.0,9210000.0,98300.0,503.0,5.9,2001.5,2001,2001,7,Sunday,3,-18377.453
Brazoria County,2001,8,2001-08-01,112.0,13125000.0,92000.0,477.0,5.6,2001.5834,2001,2001,8,Wednesday,3,-24677.453
Brazoria County,2001,9,2001-09-01,84.0,8455000.0,84000.0,477.0,5.6,2001.6666,2001,2001,9,Saturday,3,-32677.453
Brazoria County,2001,10,2001-10-01,,,,,,2001.75,2001,2001,10,Monday,4,
Brazoria County,2001,11,2001-11-01,75.0,7590000.0,89000.0,448.0,5.1,2001.8334,2001,2001,11,Thursday,4,-27677.453
Brazoria County,2001,12,2001-12-01,68.0,8470000.0,100000.0,457.0,5.3,2001.9166,2001,2001,12,Saturday,4,-16677.453
Brazoria County,2002,1,2002-01-01,57.0,5220000.0,76400.0,477.0,5.5,2002.0,2002,2002,1,Tuesday,1,-40277.453
Brazoria County,2002,2,2002-02-01,59.0,6565000.0,91200.0,450.0,5.3,2002.0834,2002,2002,2,Friday,1,-25477.453
Brazoria County,2002,3,2002-03-01,86.0,9540000.0,86000.0,450.0,5.3,2002.1666,2002,2002,3,Friday,1,-30677.453
Brazoria County,2002,4,2002-04-01,93.0,10560000.0,92500.0,472.0,5.5,2002.25,2002,2002,4,Monday,2,-24177.453
Brazoria County,2002,5,2002-05-01,113.0,12235000.0,92500.0,471.0,5.5,2002.3334,2002,2002,5,Wednesday,2,-24177.453
Brazoria County,2002,6,2002-06-01,111.0,12350000.0,86800.0,512.0,6.0,2002.4166,2002,2002,6,Saturday,2,-29877.453
Brazoria County,2002,7,2002-07-01,96.0,11125000.0,101400.0,480.0,5.5,2002.5,2002,2002,7,Monday,3,-15277.453
Brazoria County,2002,8,2002-08-01,96.0,11125000.0,101400.0,480.0,5.6,2002.5834,2002,2002,8,Thursday,3,-15277.453
Brazoria County,2002,9,2002-09-01,76.0,9185000.0,100000.0,453.0,5.4,2002.6666,2002,2002,9,Sunday,3,-16677.453
Brazoria County,2002,10,2002-10-01,99.0,10835000.0,92500.0,469.0,5.5,2002.75,2002,2002,10,Tuesday,4,-24177.453
Brazoria County,2002,11,2002-11-01,60.0,7040000.0,102500.0,490.0,5.8,2002.8334,2002,2002,11,Friday,4,-14177.453
Brazoria County,2002,12,2002-12-01,88.0,9870000.0,90000.0,490.0,5.7,2002.9166,2002,2002,12,Sunday,4,-26677.453
Brazoria County,2003,1,2003-01-01,,,,,,2003.0,2003,2003,1,Wednesday,1,
Brazoria County,2003,2,2003-02-01,,,,,,2003.0834,2003,2003,2,Saturday,1,
Brazoria County,2003,3,2003-03-01,,,,,,2003.1666,2003,2003,3,Saturday,1,
Brazoria County,2003,4,2003-04-01,,,,,,2003.25,2003,2003,4,Tuesday,2,
Brazoria County,2003,5,2003-05-01,,,,,,2003.3334,2003,2003,5,Thursday,2,
Brazoria County,2003,6,2003-06-01,,,,,,2003.4166,2003,2003,6,Sunday,2,
Brazoria County,2003,7,2003-07-01,,,,,,2003.5,2003,2003,7,Tuesday,3,
Brazoria County,2003,8,2003-08-01,,,,,,2003.5834,2003,2003,8,Friday,3,
Brazoria County,2003,9,2003-09-01,,,,,,2003.6666,2003,2003,9,Monday,3,
Brazoria County,2003,10,2003-10-01,,,,,,2003.75,2003,2003,10,Wednesday,4,
Brazoria County,2003,11,2003-11-01,,,,,,2003.8334,2003,2003,11,Saturday,4,
Brazoria County,2003,12,2003-12-01,,,,,,2003.9166,2003,2003,12,Monday,4,
Brazoria County,2004,1,2004-01-01,51.0,5935000.0,98800.0,636.0,,2004.0,2004,2004,1,Thursday,1,-17877.453
Brazoria County,2004,2,2004-02-01,57.0,5700000.0,89000.0,651.0,,2004.0834,2004,2004,2,Sunday,1,-27677.453
Brazoria County,2004,3,2004-03-01,110.0,11115000.0,91700.0,,,2004.1666,2004,2004,3,Monday,1,-24977.453
Brazoria County,2004,4,2004-04-01,117.0,13810000.0,95000.0,,,2004.25,2004,2004,4,Thursday,2,-21677.453
Brazoria County,2004,5,2004-05-01,94.0,10660000.0,100000.0,,,2004.3334,2004,2004,5,Saturday,2,-16677.453
Brazoria County,2004,6,2004-06-01,95.0,10980000.0,93100.0,,,2004.4166,2004,2004,6,Tuesday,2,-23577.453
Brazoria County,2004,7,2004-07-01,100.0,11725000.0,100000.0,,,2004.5,2004,2004,7,Thursday,3,-16677.453
Brazoria County,2004,8,2004-08-01,123.0,15220000.0,99700.0,,,2004.5834,2004,2004,8,Sunday,3,-16977.453
Brazoria County,2004,9,2004-09-01,99.0,11485000.0,91700.0,,,2004.6666,2004,2004,9,Wednesday,3,-24977.453
Brazoria County,2004,10,2004-10-01,108.0,13430000.0,108600.0,,,2004.75,2004,2004,10,Friday,4,-8077.453
Brazoria County,2004,11,2004-11-01,85.0,11080000.0,111500.0,,,2004.8334,2004,2004,11,Monday,4,-5177.453
Brazoria County,2004,12,2004-12-01,76.0,10215000.0,120000.0,,,2004.9166,2004,2004,12,Wednesday,4,3322.5469
Brazoria County,2005,1,2005-01-01,76.0,9515000.0,98000.0,704.0,7.4,2005.0,2005,2005,1,Saturday,1,-18677.453
Brazoria County,2005,2,2005-02-01,72.0,8395000.0,106700.0,665.0,6.9,2005.0834,2005,2005,2,Tuesday,1,-9977.453
Brazoria County,2005,3,2005-03-01,108.0,13290000.0,107300.0,665.0,6.9,2005.1666,2005,2005,3,Tuesday,1,-9377.453
Brazoria County,2005,4,2005-04-01,95.0,11005000.0,99400.0,689.0,7.3,2005.25,2005,2005,4,Friday,2,-17277.453
Brazoria County,2005,5,2005-05-01,104.0,13080000.0,107500.0,689.0,7.2,2005.3334,2005,2005,5,Sunday,2,-9177.453
Brazoria County,2005,6,2005-06-01,138.0,18040000.0,114100.0,,,2005.4166,2005,2005,6,Wednesday,2,-2577.4531
Brazoria County,2005,7,2005-07-01,153.0,19590000.0,117700.0,,,2005.5,2005,2005,7,Friday,3,1022.5469
Brazoria County,2005,8,2005-08-01,126.0,15330000.0,107800.0,,,2005.5834,2005,2005,8,Monday,3,-8877.453
Brazoria County,2005,9,2005-09-01,90.0,10880000.0,100000.0,,,2005.6666,2005,2005,9,Thursday,3,-16677.453
Brazoria County,2005,10,2005-10-01,108.0,13715000.0,112700.0,,,2005.75,2005,2005,10,Saturday,4,-3977.4531
Brazoria County,2005,11,2005-11-01,111.0,13315000.0,104100.0,,,2005.8334,2005,2005,11,Tuesday,4,-12577.453
Brazoria County,2005,12,2005-12-01,101.0,13290000.0,127200.0,,,2005.9166,2005,2005,12,Thursday,4,10522.547
Brazoria County,2006,1,2006-01-01,94.0,12735000.0,115600.0,718.0,6.6,2006.0,2006,2006,1,Sunday,1,-1077.4531
Brazoria County,2006,2,2006-02-01,95.0,12060000.0,108500.0,,,2006.0834,2006,2006,2,Wednesday,1,-8177.453
Brazoria County,2006,3,2006-03-01,125.0,16945000.0,115600.0,,,2006.1666,2006,2006,3,Wednesday,1,-1077.4531
Brazoria County,2006,4,2006-04-01,113.0,14055000.0,100600.0,,,2006.25,2006,2006,4,Saturday,2,-16077.453
Brazoria County,2006,5,2006-05-01,152.0,20735000.0,114500.0,,,2006.3334,2006,2006,5,Monday,2,-2177.4531
Brazoria County,2006,6,2006-06-01,139.0,19300000.0,118400.0,,,2006.4166,2006,2006,6,Thursday,2,1722.5469
Brazoria County,2006,7,2006-07-01,141.0,19665000.0,122100.0,,,2006.5,2006,2006,7,Saturday,3,5422.547
Brazoria County,2006,8,2006-08-01,112.0,14840000.0,124000.0,,,2006.5834,2006,2006,8,Tuesday,3,7322.547
Brazoria County,2006,9,2006-09-01,113.0,13930000.0,111100.0,,,2006.6666,2006,2006,9,Friday,3,-5577.453
Brazoria County,2006,10,2006-10-01,117.0,15255000.0,105600.0,,,2006.75,2006,2006,10,Sunday,4,-11077.453
Brazoria County,2006,11,2006-11-01,102.0,13210000.0,108000.0,,,2006.8334,2006,2006,11,Wednesday,4,-8677.453
Brazoria County,2006,12,2006-12-01,122.0,16650000.0,120000.0,,,2006.9166,2006,2006,12,Friday,4,3322.5469
Brazoria County,2007,1,2007-01-01,88.0,12060000.0,123100.0,674.0,5.7,2007.0,2007,2007,1,Monday,1,6422.547
Brazoria County,2007,2,2007-02-01,98.0,13500000.0,112900.0,,,2007.0834,2007,2007,2,Thursday,1,-3777.4531
Brazoria County,2007,3,2007-03-01,135.0,17095000.0,113200.0,735.0,6.2,2007.1666,2007,2007,3,Thursday,1,-3477.4531
Brazoria County,2007,4,2007-04-01,117.0,16525000.0,123100.0,,,2007.25,2007,2007,4,Sunday,2,6422.547
Brazoria County,2007,5,2007-05-01,147.0,20830000.0,125300.0,,,2007.3334,2007,2007,5,Tuesday,2,8622.547
Brazoria County,2007,6,2007-06-01,127.0,18095000.0,125800.0,,,2007.4166,2007,2007,6,Friday,2,9122.547
Brazoria County,2007,7,2007-07-01,134.0,19455000.0,133300.0,,,2007.5,2007,2007,7,Sunday,3,16622.547
Brazoria County,2007,8,2007-08-01,138.0,20065000.0,119200.0,,,2007.5834,2007,2007,8,Wednesday,3,2522.5469
Brazoria County,2007,9,2007-09-01,110.0,15315000.0,112900.0,,,2007.6666,2007,2007,9,Saturday,3,-3777.4531
Brazoria County,2007,10,2007-10-01,102.0,13615000.0,118000.0,,,2007.75,2007,2007,10,Monday,4,1322.5469
Brazoria County,2007,11,2007-11-01,93.0,13435000.0,119200.0,,,2007.8334,2007,2007,11,Thursday,4,2522.5469
Brazoria County,2007,12,2007-12-01,78.0,11595000.0,140000.0,,,2007.9166,2007,2007,12,Saturday,4,23322.547
Brazoria County,2008,1,2008-01-01,55.0,7835000.0,128200.0,669.0,6.0,2008.0,2008,2008,1,Tuesday,1,11522.547
Brazoria County,2008,2,2008-02-01,83.0,11055000.0,119000.0,669.0,6.1,2008.0834,2008,2008,2,Friday,1,2322.5469
Brazoria County,2008,3,2008-03-01,92.0,12995000.0,126000.0,654.0,6.2,2008.1666,2008,2008,3,Saturday,1,9322.547
Brazoria County,2008,4,2008-04-01,100.0,14645000.0,128000.0,659.0,6.3,2008.25,2008,2008,4,Tuesday,2,11322.547
Brazoria County,2008,5,2008-05-01,115.0,15775000.0,125500.0,715.0,7.0,2008.3334,2008,2008,5,Thursday,2,8822.547
Brazoria County,2008,6,2008-06-01,101.0,15545000.0,137700.0,730.0,7.3,2008.4166,2008,2008,6,Sunday,2,21022.547
Brazoria County,2008,7,2008-07-01,165.0,24750000.0,132300.0,,,2008.5,2008,2008,7,Tuesday,3,15622.547
Brazoria County,2008,8,2008-08-01,107.0,16215000.0,132900.0,730.0,7.3,2008.5834,2008,2008,8,Friday,3,16222.547
Brazoria County,2008,9,2008-09-01,77.0,10325000.0,122500.0,688.0,7.1,2008.6666,2008,2008,9,Monday,3,5822.547
Brazoria County,2008,10,2008-10-01,86.0,10820000.0,121800.0,695.0,7.2,2008.75,2008,2008,10,Wednesday,4,5122.547
Brazoria County,2008,11,2008-11-01,66.0,8530000.0,117100.0,661.0,7.1,2008.8334,2008,2008,11,Saturday,4,422.54688
Brazoria County,2008,12,2008-12-01,70.0,9880000.0,120000.0,633.0,6.8,2008.9166,2008,2008,12,Monday,4,3322.5469
Brazoria County,2009,1,2009-01-01,38.0,4720000.0,110000.0,650.0,7.1,2009.0,2009,2009,1,Thursday,1,-6677.453
Brazoria County,2009,2,2009-02-01,49.0,6445000.0,128500.0,678.0,7.6,2009.0834,2009,2009,2,Sunday,1,11822.547
Brazoria County,2009,3,2009-03-01,70.0,8970000.0,122900.0,630.0,7.2,2009.1666,2009,2009,3,Sunday,1,6222.547
Brazoria County,2009,4,2009-04-01,66.0,9380000.0,132000.0,667.0,7.9,2009.25,2009,2009,4,Wednesday,2,15322.547
Brazoria County,2009,5,2009-05-01,112.0,16070000.0,134300.0,676.0,8.1,2009.3334,2009,2009,5,Friday,2,17622.547
Brazoria County,2009,6,2009-06-01,89.0,12210000.0,127500.0,689.0,8.3,2009.4166,2009,2009,6,Monday,2,10822.547
Brazoria County,2009,7,2009-07-01,76.0,10905000.0,130000.0,713.0,9.4,2009.5,2009,2009,7,Wednesday,3,13322.547
Brazoria County,2009,8,2009-08-01,71.0,10690000.0,143300.0,692.0,9.5,2009.5834,2009,2009,8,Saturday,3,26622.547
Brazoria County,2009,9,2009-09-01,78.0,10600000.0,128000.0,685.0,9.4,2009.6666,2009,2009,9,Tuesday,3,11322.547
Brazoria County,2009,10,2009-10-01,95.0,12666174.0,127000.0,670.0,9.1,2009.75,2009,2009,10,Thursday,4,10322.547
Brazoria County,2009,11,2009-11-01,78.0,9602660.0,118200.0,672.0,9.0,2009.8334,2009,2009,11,Sunday,4,1522.5469
Brazoria County,2009,12,2009-12-01,76.0,9860603.0,113800.0,648.0,8.7,2009.9166,2009,2009,12,Tuesday,4,-2877.4531
Brazoria County,2010,1,2010-01-01,31.0,3496900.0,103300.0,685.0,9.2,2010.0,2010,2010,1,Friday,1,-13377.453
Brazoria County,2010,2,2010-02-01,65.0,8751795.0,122700.0,687.0,9.1,2010.0834,2010,2010,2,Monday,1,6022.547
Brazoria County,2010,3,2010-03-01,92.0,13038339.0,123600.0,707.0,9.1,2010.1666,2010,2010,3,Monday,1,6922.547
Brazoria County,2010,4,2010-04-01,93.0,12067420.0,119100.0,682.0,8.6,2010.25,2010,2010,4,Thursday,2,2422.5469
Brazoria County,2010,5,2010-05-01,100.0,13560462.0,124000.0,703.0,8.9,2010.3334,2010,2010,5,Saturday,2,7322.547
Brazoria County,2010,6,2010-06-01,82.0,10790835.0,118200.0,717.0,9.2,2010.4166,2010,2010,6,Tuesday,2,1522.5469
Brazoria County,2010,7,2010-07-01,99.0,13152565.0,125900.0,765.0,9.6,2010.5,2010,2010,7,Thursday,3,9222.547
Brazoria County,2010,8,2010-08-01,76.0,10490185.0,125000.0,800.0,9.9,2010.5834,2010,2010,8,Sunday,3,8322.547
Brazoria County,2010,9,2010-09-01,77.0,10779850.0,135300.0,801.0,10.0,2010.6666,2010,2010,9,Wednesday,3,18622.547
Brazoria County,2010,10,2010-10-01,77.0,10532870.0,123600.0,803.0,10.2,2010.75,2010,2010,10,Friday,4,6922.547
Brazoria County,2010,11,2010-11-01,54.0,7409600.0,131400.0,804.0,10.5,2010.8334,2010,2010,11,Monday,4,14722.547
Brazoria County,2010,12,2010-12-01,76.0,10372589.0,111400.0,704.0,9.2,2010.9166,2010,2010,12,Wednesday,4,-5277.453
Brazoria County,2011,1,2011-01-01,61.0,7776731.0,121700.0,764.0,9.6,2011.0,2011,2011,1,Saturday,1,5022.547
Brazoria County,2011,2,2011-02-01,54.0,6854595.0,115000.0,762.0,9.7,2011.0834,2011,2011,2,Tuesday,1,-1677.4531
Brazoria County,2011,3,2011-03-01,75.0,9868135.0,117900.0,781.0,10.1,2011.1666,2011,2011,3,Tuesday,1,1222.5469
Brazoria County,2011,4,2011-04-01,87.0,13193661.0,130000.0,781.0,10.2,2011.25,2011,2011,4,Friday,2,13322.547
Brazoria County,2011,5,2011-05-01,103.0,14320294.0,120800.0,773.0,10.1,2011.3334,2011,2011,5,Sunday,2,4122.547
Brazoria County,2011,6,2011-06-01,81.0,12012759.0,129000.0,773.0,10.1,2011.4166,2011,2011,6,Wednesday,2,12322.547
Brazoria County,2011,7,2011-07-01,76.0,11348915.0,124000.0,760.0,10.2,2011.5,2011,2011,7,Friday,3,7322.547
Brazoria County,2011,8,2011-08-01,99.0,13745248.0,126900.0,789.0,10.3,2011.5834,2011,2011,8,Monday,3,10222.547
Brazoria County,2011,9,2011-09-01,70.0,9488710.0,125500.0,760.0,10.0,2011.6666,2011,2011,9,Thursday,3,8822.547
Brazoria County,2011,10,2011-10-01,66.0,7973581.0,100000.0,735.0,9.8,2011.75,2011,2011,10,Saturday,4,-16677.453
Brazoria County,2011,11,2011-11-01,65.0,9178879.0,133800.0,690.0,9.1,2011.8334,2011,2011,11,Tuesday,4,17122.547
Brazoria County,2011,12,2011-12-01,69.0,10968360.0,128800.0,635.0,8.4,2011.9166,2011,2011,12,Thursday,4,12122.547
Brazoria County,2012,1,2012-01-01,51.0,5721754.0,102500.0,657.0,8.8,2012.0,2012,2012,1,Sunday,1,-14177.453
Brazoria County,2012,2,2012-02-01,76.0,10100540.0,116000.0,639.0,8.4,2012.0834,2012,2012,2,Wednesday,1,-677.4531
Brazoria County,2012,3,2012-03-01,100.0,13186348.0,120000.0,672.0,8.6,2012.1666,2012,2012,3,Thursday,1,3322.5469
Brazoria County,2012,4,2012-04-01,96.0,13574180.0,130000.0,666.0,8.4,2012.25,2012,2012,4,Sunday,2,13322.547
Brazoria County,2012,5,2012-05-01,119.0,15878833.0,121200.0,651.0,8.1,2012.3334,2012,2012,5,Tuesday,2,4522.547
Brazoria County,2012,6,2012-06-01,113.0,17678694.0,141100.0,678.0,8.1,2012.4166,2012,2012,6,Friday,2,24422.547
Brazoria County,2012,7,2012-07-01,91.0,13577028.0,130000.0,613.0,7.2,2012.5,2012,2012,7,Sunday,3,13322.547
Brazoria County,2012,8,2012-08-01,126.0,18127086.0,126200.0,594.0,6.8,2012.5834,2012,2012,8,Wednesday,3,9522.547
Brazoria County,2012,9,2012-09-01,89.0,12170480.0,129200.0,585.0,6.6,2012.6666,2012,2012,9,Saturday,3,12522.547
Brazoria County,2012,10,2012-10-01,86.0,12621326.0,135000.0,553.0,6.1,2012.75,2012,2012,10,Monday,4,18322.547
Brazoria County,2012,11,2012-11-01,95.0,13334879.0,124700.0,564.0,6.1,2012.8334,2012,2012,11,Thursday,4,8022.547
Brazoria County,2012,12,2012-12-01,81.0,11862897.0,133800.0,510.0,5.4,2012.9166,2012,2012,12,Saturday,4,17122.547
Brazoria County,2013,1,2013-01-01,66.0,8288129.0,126200.0,521.0,5.5,2013.0,2013,2013,1,Tuesday,1,9522.547
Brazoria County,2013,2,2013-02-01,80.0,10824392.0,125700.0,518.0,5.4,2013.0834,2013,2013,2,Friday,1,9022.547
Brazoria County,2013,3,2013-03-01,94.0,13488119.0,123300.0,492.0,5.2,2013.1666,2013,2013,3,Friday,1,6622.547
Brazoria County,2013,4,2013-04-01,123.0,17983086.0,135300.0,462.0,4.8,2013.25,2013,2013,4,Monday,2,18622.547
Brazoria County,2013,5,2013-05-01,123.0,18948518.0,137200.0,468.0,4.8,2013.3334,2013,2013,5,Wednesday,2,20522.547
Brazoria County,2013,6,2013-06-01,125.0,20162420.0,148500.0,515.0,5.2,2013.4166,2013,2013,6,Saturday,2,31822.547
Brazoria County,2013,7,2013-07-01,109.0,17176340.0,139400.0,497.0,5.0,2013.5,2013,2013,7,Monday,3,22722.547
Brazoria County,2013,8,2013-08-01,124.0,22019827.0,134700.0,522.0,5.2,2013.5834,2013,2013,8,Thursday,3,18022.547
Brazoria County,2013,9,2013-09-01,108.0,18432380.0,155000.0,453.0,4.5,2013.6666,2013,2013,9,Sunday,3,38322.547
Brazoria County,2013,10,2013-10-01,72.0,10522088.0,118600.0,456.0,4.6,2013.75,2013,2013,10,Tuesday,4,1922.5469
Brazoria County,2013,11,2013-11-01,83.0,12686494.0,135700.0,447.0,4.5,2013.8334,2013,2013,11,Friday,4,19022.547
Brazoria County,2013,12,2013-12-01,68.0,9850020.0,132000.0,428.0,4.4,2013.9166,2013,2013,12,Sunday,4,15322.547
Brazoria County,2014,1,2014-01-01,55.0,7482478.0,123000.0,444.0,4.6,2014.0,2014,2014,1,Wednesday,1,6322.547
Brazoria County,2014,2,2014-02-01,83.0,12377021.0,131200.0,434.0,4.5,2014.0834,2014,2014,2,Saturday,1,14522.547
Brazoria County,2014,3,2014-03-01,95.0,15470381.0,153800.0,435.0,4.5,2014.1666,2014,2014,3,Saturday,1,37122.547
Brazoria County,2014,4,2014-04-01,93.0,13458240.0,131300.0,420.0,4.4,2014.25,2014,2014,4,Tuesday,2,14622.547
Brazoria County,2014,5,2014-05-01,119.0,18271289.0,131200.0,389.0,4.1,2014.3334,2014,2014,5,Thursday,2,14522.547
Brazoria County,2014,6,2014-06-01,140.0,23433180.0,148200.0,401.0,4.2,2014.4166,2014,2014,6,Sunday,2,31522.547
Brazoria County,2014,7,2014-07-01,109.0,19302364.0,159200.0,402.0,4.2,2014.5,2014,2014,7,Tuesday,3,42522.547
Brazoria County,2014,8,2014-08-01,123.0,22835334.0,165000.0,389.0,4.1,2014.5834,2014,2014,8,Friday,3,48322.547
Brazoria County,2014,9,2014-09-01,105.0,19001245.0,160900.0,369.0,3.9,2014.6666,2014,2014,9,Monday,3,44222.547
Brazoria County,2014,10,2014-10-01,150.0,24429364.0,142500.0,,,2014.75,2014,2014,10,Wednesday,4,25822.547
Brazoria County,2014,11,2014-11-01,96.0,16856389.0,164400.0,307.0,3.0,2014.8334,2014,2014,11,Saturday,4,47722.547
Brazoria County,2014,12,2014-12-01,110.0,17302000.0,146700.0,309.0,2.9,2014.9166,2014,2014,12,Monday,4,30022.547
Brazoria County,2015,1,2015-01-01,69.0,10382931.0,146000.0,301.0,2.8,2015.0,2015,2015,1,Thursday,1,29322.547
Brazoria County,2015,2,2015-02-01,81.0,12882865.0,144500.0,281.0,2.6,2015.0834,2015,2015,2,Sunday,1,27822.547
Brazoria County,2015,3,2015-03-01,111.0,18991755.0,153000.0,275.0,2.5,2015.1666,2015,2015,3,Sunday,1,36322.547
Brazoria County,2015,4,2015-04-01,125.0,21020995.0,152700.0,275.0,2.5,2015.25,2015,2015,4,Wednesday,2,36022.547
Brazoria County,2015,5,2015-05-01,123.0,22328344.0,159000.0,283.0,2.5,2015.3334,2015,2015,5,Friday,2,42322.547
Brazoria County,2015,6,2015-06-01,137.0,25772571.0,173100.0,285.0,2.6,2015.4166,2015,2015,6,Monday,2,56422.547
Brazoria County,2015,7,2015-07-01,,,,,,2015.5,2015,2015,7,Wednesday,3,
Brownsville,2000,1,2000-01-01,,,,400.0,9.1,2000.0,2000,2000,1,Saturday,1,
Brownsville,2000,2,2000-02-01,40.0,3390000.0,66700.0,368.0,8.1,2000.0834,2000,2000,2,Tuesday,1,-28746.484
Brownsville,2000,3,2000-03-01,41.0,3530000.0,67500.0,431.0,9.7,2000.1666,2000,2000,3,Wednesday,1,-27946.484
Brownsville,2000,4,2000-04-01,23.0,1260000.0,55800.0,425.0,10.0,2000.25,2000,2000,4,Saturday,2,-39646.484
Brownsville,2000,5,2000-05-01,53.0,4725000.0,80500.0,423.0,9.9,2000.3334,2000,2000,5,Monday,2,-14946.484
Brownsville,2000,6,2000-06-01,64.0,6020000.0,84400.0,400.0,9.1,2000.4166,2000,2000,6,Thursday,2,-11046.484
Brownsville,2000,7,2000-07-01,39.0,3440000.0,63800.0,375.0,8.7,2000.5,2000,2000,7,Saturday,3,-31646.484
Brownsville,2000,8,2000-08-01,62.0,6125000.0,83300.0,332.0,7.4,2000.5834,2000,2000,8,Tuesday,3,-12146.484
Brownsville,2000,9,2000-09-01,50.0,4180000.0,70000.0,363.0,8.1,2000.6666,2000,2000,9,Friday,3,-25446.484
Brownsville,2000,10,2000-10-01,38.0,3980000.0,76000.0,450.0,10.2,2000.75,2000,2000,10,Sunday,4,-19446.484
Brownsville,2000,11,2000-11-01,41.0,3695000.0,83900.0,381.0,8.5,2000.8334,2000,2000,11,Wednesday,4,-11546.484
Brownsville,2000,12,2000-12-01,35.0,3355000.0,77500.0,417.0,9.4,2000.9166,2000,2000,12,Friday,4,-17946.484
Brownsville,2001,1,2001-01-01,34.0,3032200.0,73800.0,410.0,9.5,2001.0,2001,2001,1,Monday,1,-21646.484
Brownsville,2001,2,2001-02-01,40.0,3730000.0,72900.0,318.0,7.3,2001.0834,2001,2001,2,Thursday,1,-22546.484
Brownsville,2001,3,2001-03-01,54.0,5080000.0,70000.0,350.0,7.9,2001.1666,2001,2001,3,Thursday,1,-25446.484
Brownsville,2001,4,2001-04-01,33.0,3720000.0,75000.0,321.0,7.1,2001.25,2001,2001,4,Sunday,2,-20446.484
Brownsville,2001,5,2001-05-01,39.0,3570000.0,77000.0,392.0,8.9,2001.3334,2001,2001,5,Tuesday,2,-18446.484
Brownsville,2001,6,2001-06-01,60.0,5795000.0,73800.0,404.0,9.2,2001.4166,2001,2001,6,Friday,2,-21646.484
Brownsville,2001,7,2001-07-01,43.0,4395000.0,88300.0,504.0,11.4,2001.5,2001,2001,7,Sunday,3,-7146.4844
Brownsville,2001,8,2001-08-01,54.0,6255000.0,80000.0,355.0,8.2,2001.5834,2001,2001,8,Wednesday,3,-15446.484
Brownsville,2001,9,2001-09-01,43.0,4510000.0,89000.0,371.0,8.7,2001.6666,2001,2001,9,Saturday,3,-6446.4844
Brownsville,2001,10,2001-10-01,49.0,4445000.0,87500.0,416.0,9.5,2001.75,2001,2001,10,Monday,4,-7946.4844
Brownsville,2001,11,2001-11-01,33.0,3315000.0,69400.0,377.0,8.8,2001.8334,2001,2001,11,Thursday,4,-26046.484
Brownsville,2001,12,2001-12-01,29.0,2970000.0,91200.0,382.0,9.0,2001.9166,2001,2001,12,Saturday,4,-4246.4844
Brownsville,2002,1,2002-01-01,40.0,3270000.0,77500.0,,,2002.0,2002,2002,1,Tuesday,1,-17946.484
Brownsville,2002,2,2002-02-01,50.0,4965000.0,80000.0,412.0,9.4,2002.0834,2002,2002,2,Friday,1,-15446.484
Brownsville,2002,3,2002-03-01,57.0,5255000.0,81000.0,438.0,9.9,2002.1666,2002,2002,3,Friday,1,-14446.484
Brownsville,2002,4,2002-04-01,54.0,5725000.0,87500.0,,,2002.25,2002,2002,4,Monday,2,-7946.4844
Brownsville,2002,5,2002-05-01,73.0,7540000.0,91200.0,,,2002.3334,2002,2002,5,Wednesday,2,-4246.4844
Brownsville,2002,6,2002-06-01,62.0,5510000.0,74000.0,,,2002.4166,2002,2002,6,Saturday,2,-21446.484
Brownsville,2002,7,2002-07-01,62.0,6280000.0,85000.0,,,2002.5,2002,2002,7,Monday,3,-10446.484
Brownsville,2002,8,2002-08-01,56.0,6400000.0,98300.0,,,2002.5834,2002,2002,8,Thursday,3,2853.5156
Brownsville,2002,9,2002-09-01,56.0,5990000.0,92500.0,,,2002.6666,2002,2002,9,Sunday,3,-2946.4844
Brownsville,2002,10,2002-10-01,70.0,6895000.0,78000.0,,,2002.75,2002,2002,10,Tuesday,4,-17446.484
Brownsville,2002,11,2002-11-01,43.0,4365000.0,85000.0,,,2002.8334,2002,2002,11,Friday,4,-10446.484
Brownsville,2002,12,2002-12-01,42.0,4410000.0,82000.0,,,2002.9166,2002,2002,12,Sunday,4,-13446.484
Brownsville,2003,1,2003-01-01,43.0,5060000.0,92500.0,,,2003.0,2003,2003,1,Wednesday,1,-2946.4844
Brownsville,2003,2,2003-02-01,39.0,4495000.0,85000.0,,,2003.0834,2003,2003,2,Saturday,1,-10446.484
Brownsville,2003,3,2003-03-01,67.0,6705000.0,90700.0,,,2003.1666,2003,2003,3,Saturday,1,-4746.4844
Brownsville,2003,4,2003-04-01,55.0,5840000.0,81200.0,,,2003.25,2003,2003,4,Tuesday,2,-14246.484
Brownsville,2003,5,2003-05-01,57.0,5975000.0,88800.0,,,2003.3334,2003,2003,5,Thursday,2,-6646.4844
Brownsville,2003,6,2003-06-01,53.0,5370000.0,75800.0,,,2003.4166,2003,2003,6,Sunday,2,-19646.484
Brownsville,2003,7,2003-07-01,77.0,9570000.0,98300.0,,,2003.5,2003,2003,7,Tuesday,3,2853.5156
Brownsville,2003,8,2003-08-01,67.0,6640000.0,77500.0,497.0,8.9,2003.5834,2003,2003,8,Friday,3,-17946.484
Brownsville,2003,9,2003-09-01,68.0,7075000.0,87100.0,,,2003.6666,2003,2003,9,Monday,3,-8346.484
Brownsville,2003,10,2003-10-01,64.0,6380000.0,82500.0,523.0,9.3,2003.75,2003,2003,10,Wednesday,4,-12946.484
Brownsville,2003,11,2003-11-01,38.0,4325000.0,86700.0,,,2003.8334,2003,2003,11,Saturday,4,-8746.484
Brownsville,2003,12,2003-12-01,43.0,4930000.0,95000.0,,,2003.9166,2003,2003,12,Monday,4,-446.48438
Brownsville,2004,1,2004-01-01,47.0,5230000.0,81700.0,,,2004.0,2004,2004,1,Thursday,1,-13746.484
Brownsville,2004,2,2004-02-01,48.0,5065000.0,74000.0,,,2004.0834,2004,2004,2,Sunday,1,-21446.484
Brownsville,2004,3,2004-03-01,67.0,6885000.0,87500.0,,,2004.1666,2004,2004,3,Monday,1,-7946.4844
Brownsville,2004,4,2004-04-01,67.0,9295000.0,103300.0,,,2004.25,2004,2004,4,Thursday,2,7853.5156
Brownsville,2004,5,2004-05-01,75.0,9455000.0,98100.0,,,2004.3334,2004,2004,5,Saturday,2,2653.5156
Brownsville,2004,6,2004-06-01,92.0,8985000.0,86700.0,,,2004.4166,2004,2004,6,Tuesday,2,-8746.484
Brownsville,2004,7,2004-07-01,68.0,7490000.0,90000.0,,,2004.5,2004,2004,7,Thursday,3,-5446.4844
Brownsville,2004,8,2004-08-01,87.0,11915000.0,106000.0,,,2004.5834,2004,2004,8,Sunday,3,10553.516
Brownsville,2004,9,2004-09-01,58.0,6550000.0,100000.0,,,2004.6666,2004,2004,9,Wednesday,3,4553.5156
Brownsville,2004,10,2004-10-01,58.0,6095000.0,93000.0,,,2004.75,2004,2004,10,Friday,4,-2446.4844
Brownsville,2004,11,2004-11-01,61.0,7175000.0,86200.0,,,2004.8334,2004,2004,11,Monday,4,-9246.484
Brownsville,2004,12,2004-12-01,56.0,5905000.0,76700.0,,,2004.9166,2004,2004,12,Wednesday,4,-18746.484
Brownsville,2005,1,2005-01-01,59.0,6815000.0,91700.0,,,2005.0,2005,2005,1,Saturday,1,-3746.4844
Brownsville,2005,2,2005-02-01,52.0,6775000.0,87500.0,,,2005.0834,2005,2005,2,Tuesday,1,-7946.4844
Brownsville,2005,3,2005-03-01,78.0,8980000.0,88800.0,,,2005.1666,2005,2005,3,Tuesday,1,-6646.4844
Brownsville,2005,4,2005-04-01,70.0,8100000.0,89100.0,,,2005.25,2005,2005,4,Friday,2,-6346.4844
Brownsville,2005,5,2005-05-01,81.0,9640000.0,95000.0,,,2005.3334,2005,2005,5,Sunday,2,-446.48438
Brownsville,2005,6,2005-06-01,80.0,11770000.0,127300.0,,,2005.4166,2005,2005,6,Wednesday,2,31853.516
Brownsville,2005,7,2005-07-01,76.0,9260000.0,96000.0,,,2005.5,2005,2005,7,Friday,3,553.5156
Brownsville,2005,8,2005-08-01,90.0,12105000.0,106700.0,,,2005.5834,2005,2005,8,Monday,3,11253.516
Brownsville,2005,9,2005-09-01,84.0,13035000.0,120000.0,,,2005.6666,2005,2005,9,Thursday,3,24553.516
Brownsville,2005,10,2005-10-01,74.0,10090000.0,107300.0,,,2005.75,2005,2005,10,Saturday,4,11853.516
Brownsville,2005,11,2005-11-01,90.0,14460000.0,133300.0,,,2005.8334,2005,2005,11,Tuesday,4,37853.516
Brownsville,2005,12,2005-12-01,84.0,12445000.0,112000.0,,,2005.9166,2005,2005,12,Thursday,4,16553.516
Brownsville,2006,1,2006-01-01,81.0,10355000.0,110600.0,,,2006.0,2006,2006,1,Sunday,1,15153.516
Brownsville,2006,2,2006-02-01,99.0,14645000.0,121400.0,,,2006.0834,2006,2006,2,Wednesday,1,25953.516
Brownsville,2006,3,2006-03-01,130.0,15610000.0,105000.0,,,2006.1666,2006,2006,3,Wednesday,1,9553.516
Brownsville,2006,4,2006-04-01,108.0,13515000.0,100000.0,,,2006.25,2006,2006,4,Saturday,2,4553.5156
Brownsville,2006,5,2006-05-01,117.0,19095000.0,126400.0,,,2006.3334,2006,2006,5,Monday,2,30953.516
Brownsville,2006,6,2006-06-01,94.0,14510000.0,112500.0,,,2006.4166,2006,2006,6,Thursday,2,17053.516
Brownsville,2006,7,2006-07-01,103.0,12425000.0,96400.0,,,2006.5,2006,2006,7,Saturday,3,953.5156
Brownsville,2006,8,2006-08-01,120.0,18245000.0,102900.0,,,2006.5834,2006,2006,8,Tuesday,3,7453.5156
Brownsville,2006,9,2006-09-01,83.0,11005000.0,95800.0,,,2006.6666,2006,2006,9,Friday,3,353.51562
Brownsville,2006,10,2006-10-01,96.0,12030000.0,88600.0,,,2006.75,2006,2006,10,Sunday,4,-6846.4844
Brownsville,2006,11,2006-11-01,69.0,9875000.0,118300.0,,,2006.8334,2006,2006,11,Wednesday,4,22853.516
Brownsville,2006,12,2006-12-01,77.0,8850000.0,94500.0,,,2006.9166,2006,2006,12,Friday,4,-946.4844
Brownsville,2007,1,2007-01-01,81.0,10445000.0,98300.0,,,2007.0,2007,2007,1,Monday,1,2853.5156
Brownsville,2007,2,2007-02-01,67.0,7170000.0,87700.0,,,2007.0834,2007,2007,2,Thursday,1,-7746.4844
Brownsville,2007,3,2007-03-01,102.0,15080000.0,115000.0,,,2007.1666,2007,2007,3,Thursday,1,19553.516
Brownsville,2007,4,2007-04-01,76.0,10940000.0,110000.0,,,2007.25,2007,2007,4,Sunday,2,14553.516
Brownsville,2007,5,2007-05-01,93.0,14465000.0,117500.0,,,2007.3334,2007,2007,5,Tuesday,2,22053.516
Brownsville,2007,6,2007-06-01,127.0,23515000.0,161700.0,,,2007.4166,2007,2007,6,Friday,2,66253.516
Brownsville,2007,7,2007-07-01,93.0,14785000.0,133000.0,,,2007.5,2007,2007,7,Sunday,3,37553.516
Brownsville,2007,8,2007-08-01,112.0,19450000.0,131400.0,,,2007.5834,2007,2007,8,Wednesday,3,35953.516
Brownsville,2007,9,2007-09-01,87.0,12440000.0,114600.0,,,2007.6666,2007,2007,9,Saturday,3,19153.516
Brownsville,2007,10,2007-10-01,88.0,12035000.0,90000.0,,,2007.75,2007,2007,10,Monday,4,-5446.4844
Brownsville,2007,11,2007-11-01,93.0,15795000.0,118800.0,,,2007.8334,2007,2007,11,Thursday,4,23353.516
Brownsville,2007,12,2007-12-01,65.0,7640000.0,88300.0,,,2007.9166,2007,2007,12,Saturday,4,-7146.4844
Brownsville,2008,1,2008-01-01,56.0,7020000.0,101800.0,,,2008.0,2008,2008,1,Tuesday,1,6353.5156
Brownsville,2008,2,2008-02-01,82.0,11130000.0,90000.0,,,2008.0834,2008,2008,2,Friday,1,-5446.4844
Brownsville,2008,3,2008-03-01,96.0,11645000.0,90000.0,,,2008.1666,2008,2008,3,Saturday,1,-5446.4844
Brownsville,2008,4,2008-04-01,100.0,12390000.0,88800.0,,,2008.25,2008,2008,4,Tuesday,2,-6646.4844
Brownsville,2008,5,2008-05-01,72.0,9910000.0,96000.0,,,2008.3334,2008,2008,5,Thursday,2,553.5156
Brownsville,2008,6,2008-06-01,75.0,10490000.0,105000.0,,,2008.4166,2008,2008,6,Sunday,2,9553.516
Brownsville,2008,7,2008-07-01,75.0,10170000.0,96400.0,,,2008.5,2008,2008,7,Tuesday,3,953.5156
Brownsville,2008,8,2008-08-01,92.0,12255000.0,102500.0,,,2008.5834,2008,2008,8,Friday,3,7053.5156
Brownsville,2008,9,2008-09-01,71.0,9700000.0,87900.0,,,2008.6666,2008,2008,9,Monday,3,-7546.4844
Brownsville,2008,10,2008-10-01,69.0,8255000.0,103300.0,,,2008.75,2008,2008,10,Wednesday,4,7853.5156
Brownsville,2008,11,2008-11-01,56.0,5675000.0,88000.0,,,2008.8334,2008,2008,11,Saturday,4,-7446.4844
Brownsville,2008,12,2008-12-01,64.0,6620000.0,75000.0,,,2008.9166,2008,2008,12,Monday,4,-20446.484
Brownsville,2009,1,2009-01-01,48.0,5700000.0,83300.0,,,2009.0,2009,2009,1,Thursday,1,-12146.484
Brownsville,2009,2,2009-02-01,55.0,5795000.0,85000.0,,,2009.0834,2009,2009,2,Sunday,1,-10446.484
Brownsville,2009,3,2009-03-01,62.0,5900000.0,83300.0,,,2009.1666,2009,2009,3,Sunday,1,-12146.484
Brownsville,2009,4,2009-04-01,106.0,9600000.0,77500.0,,,2009.25,2009,2009,4,Wednesday,2,-17946.484
Brownsville,2009,5,2009-05-01,62.0,5800000.0,86000.0,,,2009.3334,2009,2009,5,Friday,2,-9446.484
Brownsville,2009,6,2009-06-01,58.0,6525000.0,86700.0,,,2009.4166,2009,2009,6,Monday,2,-8746.484
Brownsville,2009,7,2009-07-01,80.0,10970000.0,108600.0,,,2009.5,2009,2009,7,Wednesday,3,13153.516
Brownsville,2009,8,2009-08-01,46.0,5700000.0,105700.0,,,2009.5834,2009,2009,8,Saturday,3,10253.516
Brownsville,2009,9,2009-09-01,43.0,4655000.0,94400.0,,,2009.6666,2009,2009,9,Tuesday,3,-1046.4844
Brownsville,2009,10,2009-10-01,69.0,7213477.0,86400.0,,,2009.75,2009,2009,10,Thursday,4,-9046.484
Brownsville,2009,11,2009-11-01,62.0,7338750.0,100000.0,,,2009.8334,2009,2009,11,Sunday,4,4553.5156
Brownsville,2009,12,2009-12-01,51.0,6380000.0,101700.0,,,2009.9166,2009,2009,12,Tuesday,4,6253.5156
Brownsville,2010,1,2010-01-01,57.0,5248050.0,72500.0,,,2010.0,2010,2010,1,Friday,1,-22946.484
Brownsville,2010,2,2010-02-01,60.0,5654129.0,85700.0,,,2010.0834,2010,2010,2,Monday,1,-9746.484
Brownsville,2010,3,2010-03-01,93.0,9682343.0,87700.0,,,2010.1666,2010,2010,3,Monday,1,-7746.4844
Brownsville,2010,4,2010-04-01,74.0,9238019.0,96700.0,,,2010.25,2010,2010,4,Thursday,2,1253.5156
Brownsville,2010,5,2010-05-01,84.0,9005711.0,94400.0,,,2010.3334,2010,2010,5,Saturday,2,-1046.4844
Brownsville,2010,6,2010-06-01,50.0,6311933.0,96000.0,,,2010.4166,2010,2010,6,Tuesday,2,553.5156
Brownsville,2010,7,2010-07-01,53.0,6922738.0,107100.0,,,2010.5,2010,2010,7,Thursday,3,11653.516
Brownsville,2010,8,2010-08-01,59.0,7444487.0,113800.0,,,2010.5834,2010,2010,8,Sunday,3,18353.516
Brownsville,2010,9,2010-09-01,73.0,11161291.0,110000.0,,,2010.6666,2010,2010,9,Wednesday,3,14553.516
Brownsville,2010,10,2010-10-01,44.0,4541148.0,95000.0,,,2010.75,2010,2010,10,Friday,4,-446.48438
Brownsville,2010,11,2010-11-01,49.0,5745904.0,95000.0,,,2010.8334,2010,2010,11,Monday,4,-446.48438
Brownsville,2010,12,2010-12-01,58.0,8369940.0,111400.0,740.0,11.8,2010.9166,2010,2010,12,Wednesday,4,15953.516
Brownsville,2011,1,2011-01-01,48.0,4974408.0,83300.0,784.0,12.6,2011.0,2011,2011,1,Saturday,1,-12146.484
Brownsville,2011,2,2011-02-01,47.0,5558575.0,101400.0,776.0,12.7,2011.0834,2011,2011,2,Tuesday,1,5953.5156
Brownsville,2011,3,2011-03-01,67.0,8479915.0,113800.0,797.0,13.5,2011.1666,2011,2011,3,Tuesday,1,18353.516
Brownsville,2011,4,2011-04-01,66.0,7316141.0,83300.0,773.0,13.3,2011.25,2011,2011,4,Friday,2,-12146.484
Brownsville,2011,5,2011-05-01,50.0,6222100.0,98300.0,810.0,14.6,2011.3334,2011,2011,5,Sunday,2,2853.5156
Brownsville,2011,6,2011-06-01,76.0,8432399.0,91200.0,803.0,14.0,2011.4166,2011,2011,6,Wednesday,2,-4246.4844
Brownsville,2011,7,2011-07-01,47.0,4807019.0,91200.0,749.0,13.1,2011.5,2011,2011,7,Friday,3,-4246.4844
Brownsville,2011,8,2011-08-01,78.0,11334939.0,117100.0,793.0,13.5,2011.5834,2011,2011,8,Monday,3,21653.516
Brownsville,2011,9,2011-09-01,72.0,7644485.0,85700.0,760.0,13.0,2011.6666,2011,2011,9,Thursday,3,-9746.484
Brownsville,2011,10,2011-10-01,53.0,5268850.0,85600.0,762.0,12.9,2011.75,2011,2011,10,Saturday,4,-9846.484
Brownsville,2011,11,2011-11-01,58.0,7013539.0,95000.0,768.0,12.8,2011.8334,2011,2011,11,Tuesday,4,-446.48438
Brownsville,2011,12,2011-12-01,39.0,4203440.0,86800.0,726.0,12.4,2011.9166,2011,2011,12,Thursday,4,-8646.484
Brownsville,2012,1,2012-01-01,43.0,3892348.0,85000.0,791.0,13.6,2012.0,2012,2012,1,Sunday,1,-10446.484
Brownsville,2012,2,2012-02-01,53.0,6276572.0,93800.0,773.0,13.2,2012.0834,2012,2012,2,Wednesday,1,-1646.4844
Brownsville,2012,3,2012-03-01,27.0,2976148.0,93800.0,734.0,13.3,2012.1666,2012,2012,3,Thursday,1,-1646.4844
Brownsville,2012,4,2012-04-01,84.0,9072450.0,87100.0,791.0,14.0,2012.25,2012,2012,4,Sunday,2,-8346.484
Brownsville,2012,5,2012-05-01,79.0,10671594.0,115000.0,803.0,13.6,2012.3334,2012,2012,5,Tuesday,2,19553.516
Brownsville,2012,6,2012-06-01,55.0,6298550.0,81700.0,812.0,14.2,2012.4166,2012,2012,6,Friday,2,-13746.484
Brownsville,2012,7,2012-07-01,61.0,6777114.0,90800.0,842.0,14.4,2012.5,2012,2012,7,Sunday,3,-4646.4844
Brownsville,2012,8,2012-08-01,78.0,9695653.0,104600.0,816.0,13.9,2012.5834,2012,2012,8,Wednesday,3,9153.516
Brownsville,2012,9,2012-09-01,57.0,6334975.0,99000.0,773.0,13.5,2012.6666,2012,2012,9,Saturday,3,3553.5156
Brownsville,2012,10,2012-10-01,74.0,10198193.0,107300.0,779.0,13.2,2012.75,2012,2012,10,Monday,4,11853.516
Brownsville,2012,11,2012-11-01,41.0,5115393.0,99000.0,807.0,14.0,2012.8334,2012,2012,11,Thursday,4,3553.5156
Brownsville,2012,12,2012-12-01,63.0,9449710.0,121400.0,785.0,13.2,2012.9166,2012,2012,12,Saturday,4,25953.516
Brownsville,2013,1,2013-01-01,59.0,6731346.0,101400.0,835.0,13.7,2013.0,2013,2013,1,Tuesday,1,5953.5156
Brownsville,2013,2,2013-02-01,50.0,5488160.0,92000.0,816.0,13.5,2013.0834,2013,2013,2,Friday,1,-3446.4844
Brownsville,2013,3,2013-03-01,67.0,8004982.0,100900.0,809.0,12.6,2013.1666,2013,2013,3,Friday,1,5453.5156
Brownsville,2013,4,2013-04-01,69.0,10085188.0,88300.0,832.0,13.3,2013.25,2013,2013,4,Monday,2,-7146.4844
Brownsville,2013,5,2013-05-01,74.0,9577111.0,116700.0,800.0,12.8,2013.3334,2013,2013,5,Wednesday,2,21253.516
Brownsville,2013,6,2013-06-01,88.0,10367770.0,100000.0,827.0,12.7,2013.4166,2013,2013,6,Saturday,2,4553.5156
Brownsville,2013,7,2013-07-01,67.0,8501702.0,89600.0,831.0,12.7,2013.5,2013,2013,7,Monday,3,-5846.4844
Brownsville,2013,8,2013-08-01,74.0,10201100.0,104400.0,837.0,12.8,2013.5834,2013,2013,8,Thursday,3,8953.516
Brownsville,2013,9,2013-09-01,57.0,7170871.0,93800.0,820.0,12.6,2013.6666,2013,2013,9,Sunday,3,-1646.4844
Brownsville,2013,10,2013-10-01,62.0,7339800.0,100000.0,840.0,13.1,2013.75,2013,2013,10,Tuesday,4,4553.5156
Brownsville,2013,11,2013-11-01,38.0,4824930.0,108000.0,859.0,13.4,2013.8334,2013,2013,11,Friday,4,12553.516
Brownsville,2013,12,2013-12-01,69.0,10672980.0,120900.0,790.0,12.2,2013.9166,2013,2013,12,Sunday,4,25453.516
Brownsville,2014,1,2014-01-01,50.0,4916200.0,86700.0,831.0,13.0,2014.0,2014,2014,1,Wednesday,1,-8746.484
Brownsville,2014,2,2014-02-01,58.0,7528256.0,109100.0,839.0,13.0,2014.0834,2014,2014,2,Saturday,1,13653.516
Brownsville,2014,3,2014-03-01,68.0,7819949.0,102700.0,786.0,12.2,2014.1666,2014,2014,3,Saturday,1,7253.5156
Brownsville,2014,4,2014-04-01,70.0,8181025.0,111400.0,806.0,12.5,2014.25,2014,2014,4,Tuesday,2,15953.516
Brownsville,2014,5,2014-05-01,81.0,13827340.0,107100.0,794.0,12.2,2014.3334,2014,2014,5,Thursday,2,11653.516
Brownsville,2014,6,2014-06-01,70.0,8675631.0,120000.0,788.0,12.4,2014.4166,2014,2014,6,Sunday,2,24553.516
Brownsville,2014,7,2014-07-01,88.0,12258066.0,120000.0,793.0,12.1,2014.5,2014,2014,7,Tuesday,3,24553.516
Brownsville,2014,8,2014-08-01,82.0,9679399.0,104400.0,752.0,11.4,2014.5834,2014,2014,8,Friday,3,8953.516
Brownsville,2014,9,2014-09-01,72.0,9332740.0,120000.0,761.0,11.3,2014.6666,2014,2014,9,Monday,3,24553.516
Brownsville,2014,10,2014-10-01,80.0,12055336.0,112000.0,750.0,10.9,2014.75,2014,2014,10,Wednesday,4,16553.516
Brownsville,2014,11,2014-11-01,55.0,7395731.0,121200.0,745.0,10.6,2014.8334,2014,2014,11,Saturday,4,25753.516
Brownsville,2014,12,2014-12-01,54.0,6913618.0,96700.0,696.0,10.1,2014.9166,2014,2014,12,Monday,4,1253.5156
Brownsville,2015,1,2015-01-01,41.0,5400796.0,97000.0,733.0,10.7,2015.0,2015,2015,1,Thursday,1,1553.5156
Brownsville,2015,2,2015-02-01,55.0,7338875.0,110000.0,735.0,10.8,2015.0834,2015,2015,2,Sunday,1,14553.516
Brownsville,2015,3,2015-03-01,67.0,7675775.0,97500.0,711.0,10.5,2015.1666,2015,2015,3,Sunday,1,2053.5156
Brownsville,2015,4,2015-04-01,82.0,9475527.0,94000.0,724.0,10.5,2015.25,2015,2015,4,Wednesday,2,-1446.4844
Brownsville,2015,5,2015-05-01,76.0,11895047.0,130000.0,725.0,10.6,2015.3334,2015,2015,5,Friday,2,34553.516
Brownsville,2015,6,2015-06-01,82.0,11833474.0,115000.0,744.0,10.7,2015.4166,2015,2015,6,Monday,2,19553.516
Brownsville,2015,7,2015-07-01,,,,,,2015.5,2015,2015,7,Wednesday,3,
Bryan-College Station,2000,1,2000-01-01,61.0,5615000.0,77900.0,498.0,4.2,2000.0,2000,2000,1,Saturday,1,-61572.188
Bryan-College Station,2000,2,2000-02-01,69.0,7300000.0,89500.0,534.0,4.6,2000.0834,2000,2000,2,Tuesday,1,-49972.188
Bryan-College Station,2000,3,2000-03-01,108.0,13600000.0,113300.0,561.0,4.8,2000.1666,2000,2000,3,Wednesday,1,-26172.188
Bryan-College Station,2000,4,2000-04-01,107.0,12555000.0,102800.0,573.0,5.0,2000.25,2000,2000,4,Saturday,2,-36672.188
Bryan-College Station,2000,5,2000-05-01,165.0,19195000.0,102800.0,585.0,5.1,2000.3334,2000,2000,5,Monday,2,-36672.188
Bryan-College Station,2000,6,2000-06-01,186.0,20270000.0,95600.0,585.0,5.0,2000.4166,2000,2000,6,Thursday,2,-43872.188
Bryan-College Station,2000,7,2000-07-01,160.0,20680000.0,110800.0,588.0,5.3,2000.5,2000,2000,7,Saturday,3,-28672.188
Bryan-College Station,2000,8,2000-08-01,176.0,20515000.0,94100.0,568.0,5.0,2000.5834,2000,2000,8,Tuesday,3,-45372.188
Bryan-College Station,2000,9,2000-09-01,93.0,12130000.0,113200.0,598.0,5.2,2000.6666,2000,2000,9,Friday,3,-26272.188
Bryan-College Station,2000,10,2000-10-01,64.0,8375000.0,108600.0,572.0,5.0,2000.75,2000,2000,10,Sunday,4,-30872.188
Bryan-College Station,2000,11,2000-11-01,77.0,9920000.0,119000.0,571.0,5.0,2000.8334,2000,2000,11,Wednesday,4,-20472.188
Bryan-College Station,2000,12,2000-12-01,90.0,10670000.0,106200.0,486.0,4.3,2000.9166,2000,2000,12,Friday,4,-33272.188
Bryan-College Station,2001,1,2001-01-01,55.0,7195000.0,121000.0,611.0,5.4,2001.0,2001,2001,1,Monday,1,-18472.188
Bryan-College Station,2001,2,2001-02-01,80.0,10875000.0,120000.0,644.0,5.7,2001.0834,2001,2001,2,Thursday,1,-19472.188
Bryan-College Station,2001,3,2001-03-01,108.0,13870000.0,115800.0,704.0,6.2,2001.1666,2001,2001,3,Thursday,1,-23672.188
Bryan-College Station,2001,4,2001-04-01,133.0,15800000.0,112600.0,801.0,6.9,2001.25,2001,2001,4,Sunday,2,-26872.188
Bryan-College Station,2001,5,2001-05-01,168.0,22305000.0,120600.0,689.0,5.9,2001.3334,2001,2001,5,Tuesday,2,-18872.188
Bryan-College Station,2001,6,2001-06-01,159.0,18920000.0,109600.0,826.0,7.3,2001.4166,2001,2001,6,Friday,2,-29872.188
Bryan-College Station,2001,7,2001-07-01,223.0,29890000.0,118100.0,761.0,6.4,2001.5,2001,2001,7,Sunday,3,-21372.188
Bryan-College Station,2001,8,2001-08-01,206.0,28130000.0,119000.0,716.0,5.9,2001.5834,2001,2001,8,Wednesday,3,-20472.188
Bryan-College Station,2001,9,2001-09-01,64.0,9480000.0,126700.0,710.0,6.0,2001.6666,2001,2001,9,Saturday,3,-12772.1875
Bryan-College Station,2001,10,2001-10-01,76.0,9570000.0,116700.0,708.0,5.9,2001.75,2001,2001,10,Monday,4,-22772.188
Bryan-College Station,2001,11,2001-11-01,103.0,13865000.0,113500.0,677.0,5.5,2001.8334,2001,2001,11,Thursday,4,-25972.188
Bryan-College Station,2001,12,2001-12-01,83.0,10670000.0,111000.0,670.0,5.5,2001.9166,2001,2001,12,Saturday,4,-28472.188
Bryan-College Station,2002,1,2002-01-01,86.0,11340000.0,118600.0,707.0,5.7,2002.0,2002,2002,1,Tuesday,1,-20872.188
Bryan-College Station,2002,2,2002-02-01,82.0,10925000.0,112900.0,739.0,5.9,2002.0834,2002,2002,2,Friday,1,-26572.188
Bryan-College Station,2002,3,2002-03-01,109.0,14745000.0,119600.0,826.0,6.6,2002.1666,2002,2002,3,Friday,1,-19872.188
Bryan-College Station,2002,4,2002-04-01,132.0,15950000.0,108600.0,811.0,6.5,2002.25,2002,2002,4,Monday,2,-30872.188
Bryan-College Station,2002,5,2002-05-01,222.0,26935000.0,111100.0,805.0,6.3,2002.3334,2002,2002,5,Wednesday,2,-28372.188
Bryan-College Station,2002,6,2002-06-01,180.0,25265000.0,115200.0,747.0,5.7,2002.4166,2002,2002,6,Saturday,2,-24272.188
Bryan-College Station,2002,7,2002-07-01,201.0,26070000.0,116800.0,768.0,6.0,2002.5,2002,2002,7,Monday,3,-22672.188
Bryan-College Station,2002,8,2002-08-01,224.0,28995000.0,115600.0,741.0,5.7,2002.5834,2002,2002,8,Thursday,3,-23872.188
Bryan-College Station,2002,9,2002-09-01,108.0,13460000.0,117300.0,800.0,6.0,2002.6666,2002,2002,9,Sunday,3,-22172.188
Bryan-College Station,2002,10,2002-10-01,74.0,10795000.0,129500.0,774.0,5.8,2002.75,2002,2002,10,Tuesday,4,-9972.1875
Bryan-College Station,2002,11,2002-11-01,77.0,10420000.0,126900.0,764.0,5.8,2002.8334,2002,2002,11,Friday,4,-12572.1875
Bryan-College Station,2002,12,2002-12-01,106.0,13860000.0,114100.0,733.0,5.5,2002.9166,2002,2002,12,Sunday,4,-25372.188
Bryan-College Station,2003,1,2003-01-01,77.0,10545000.0,126500.0,771.0,5.8,2003.0,2003,2003,1,Wednesday,1,-12972.1875
Bryan-College Station,2003,2,2003-02-01,99.0,14090000.0,125000.0,856.0,6.4,2003.0834,2003,2003,2,Saturday,1,-14472.1875
Bryan-College Station,2003,3,2003-03-01,109.0,14300000.0,126500.0,974.0,7.3,2003.1666,2003,2003,3,Saturday,1,-12972.1875
Bryan-College Station,2003,4,2003-04-01,133.0,17815000.0,123900.0,1005.0,7.5,2003.25,2003,2003,4,Tuesday,2,-15572.1875
Bryan-College Station,2003,5,2003-05-01,201.0,27040000.0,124100.0,1034.0,7.8,2003.3334,2003,2003,5,Thursday,2,-15372.1875
Bryan-College Station,2003,6,2003-06-01,228.0,31760000.0,121800.0,1024.0,7.5,2003.4166,2003,2003,6,Sunday,2,-17672.188
Bryan-College Station,2003,7,2003-07-01,253.0,34705000.0,118100.0,1035.0,7.4,2003.5,2003,2003,7,Tuesday,3,-21372.188
Bryan-College Station,2003,8,2003-08-01,259.0,35295000.0,124600.0,1011.0,7.0,2003.5834,2003,2003,8,Friday,3,-14872.1875
Bryan-College Station,2003,9,2003-09-01,145.0,19575000.0,122100.0,1030.0,7.0,2003.6666,2003,2003,9,Monday,3,-17372.188
Bryan-College Station,2003,10,2003-10-01,111.0,15125000.0,126800.0,1185.0,7.9,2003.75,2003,2003,10,Wednesday,4,-12672.1875
Bryan-College Station,2003,11,2003-11-01,125.0,17575000.0,121900.0,993.0,6.5,2003.8334,2003,2003,11,Saturday,4,-17572.188
Bryan-College Station,2003,12,2003-12-01,136.0,17405000.0,121800.0,990.0,6.3,2003.9166,2003,2003,12,Monday,4,-17672.188
Bryan-College Station,2004,1,2004-01-01,101.0,13205000.0,115300.0,1076.0,6.8,2004.0,2004,2004,1,Thursday,1,-24172.188
Bryan-College Station,2004,2,2004-02-01,104.0,13920000.0,122500.0,1177.0,7.4,2004.0834,2004,2004,2,Sunday,1,-16972.188
Bryan-College Station,2004,3,2004-03-01,135.0,18720000.0,122700.0,1252.0,7.8,2004.1666,2004,2004,3,Monday,1,-16772.188
Bryan-College Station,2004,4,2004-04-01,178.0,23055000.0,116600.0,1212.0,7.4,2004.25,2004,2004,4,Thursday,2,-22872.188
Bryan-College Station,2004,5,2004-05-01,245.0,35255000.0,129300.0,1190.0,7.1,2004.3334,2004,2004,5,Saturday,2,-10172.1875
Bryan-College Station,2004,6,2004-06-01,261.0,36455000.0,121300.0,1209.0,7.1,2004.4166,2004,2004,6,Tuesday,2,-18172.188
Bryan-College Station,2004,7,2004-07-01,292.0,40540000.0,121800.0,1150.0,6.6,2004.5,2004,2004,7,Thursday,3,-17672.188
Bryan-College Station,2004,8,2004-08-01,252.0,38990000.0,130000.0,1140.0,6.6,2004.5834,2004,2004,8,Sunday,3,-9472.1875
Bryan-College Station,2004,9,2004-09-01,140.0,18945000.0,122400.0,1128.0,6.5,2004.6666,2004,2004,9,Wednesday,3,-17072.188
Bryan-College Station,2004,10,2004-10-01,126.0,18070000.0,131100.0,1193.0,6.8,2004.75,2004,2004,10,Friday,4,-8372.1875
Bryan-College Station,2004,11,2004-11-01,134.0,18605000.0,126400.0,1109.0,6.3,2004.8334,2004,2004,11,Monday,4,-13072.1875
Bryan-College Station,2004,12,2004-12-01,149.0,19185000.0,119500.0,1048.0,5.9,2004.9166,2004,2004,12,Wednesday,4,-19972.188
Bryan-College Station,2005,1,2005-01-01,107.0,15050000.0,126400.0,1096.0,6.2,2005.0,2005,2005,1,Saturday,1,-13072.1875
Bryan-College Station,2005,2,2005-02-01,114.0,18070000.0,136400.0,1173.0,6.6,2005.0834,2005,2005,2,Tuesday,1,-3072.1875
Bryan-College Station,2005,3,2005-03-01,144.0,18595000.0,120000.0,1271.0,7.1,2005.1666,2005,2005,3,Tuesday,1,-19472.188
Bryan-College Station,2005,4,2005-04-01,216.0,27715000.0,121000.0,1281.0,7.1,2005.25,2005,2005,4,Friday,2,-18472.188
Bryan-College Station,2005,5,2005-05-01,240.0,33690000.0,125900.0,1255.0,6.9,2005.3334,2005,2005,5,Sunday,2,-13572.1875
Bryan-College Station,2005,6,2005-06-01,296.0,44235000.0,130900.0,1252.0,6.8,2005.4166,2005,2005,6,Wednesday,2,-8572.1875
Bryan-College Station,2005,7,2005-07-01,301.0,43995000.0,125900.0,1172.0,6.3,2005.5,2005,2005,7,Friday,3,-13572.1875
Bryan-College Station,2005,8,2005-08-01,269.0,40260000.0,134400.0,1126.0,6.0,2005.5834,2005,2005,8,Monday,3,-5072.1875
Bryan-College Station,2005,9,2005-09-01,148.0,22610000.0,134600.0,1072.0,5.7,2005.6666,2005,2005,9,Thursday,3,-4872.1875
Bryan-College Station,2005,10,2005-10-01,119.0,17075000.0,134200.0,1106.0,5.9,2005.75,2005,2005,10,Saturday,4,-5272.1875
Bryan-College Station,2005,11,2005-11-01,118.0,17260000.0,133300.0,1115.0,6.0,2005.8334,2005,2005,11,Tuesday,4,-6172.1875
Bryan-College Station,2005,12,2005-12-01,149.0,22875000.0,139500.0,1064.0,5.7,2005.9166,2005,2005,12,Thursday,4,27.8125
Bryan-College Station,2006,1,2006-01-01,104.0,15880000.0,132700.0,1178.0,6.4,2006.0,2006,2006,1,Sunday,1,-6772.1875
Bryan-College Station,2006,2,2006-02-01,115.0,16290000.0,133800.0,1213.0,6.6,2006.0834,2006,2006,2,Wednesday,1,-5672.1875
Bryan-College Station,2006,3,2006-03-01,206.0,29730000.0,125600.0,1327.0,7.0,2006.1666,2006,2006,3,Wednesday,1,-13872.1875
Bryan-College Station,2006,4,2006-04-01,239.0,33725000.0,133100.0,1300.0,6.8,2006.25,2006,2006,4,Saturday,2,-6372.1875
Bryan-College Station,2006,5,2006-05-01,328.0,47440000.0,129300.0,1326.0,6.7,2006.3334,2006,2006,5,Monday,2,-10172.1875
Bryan-College Station,2006,6,2006-06-01,324.0,52200000.0,138300.0,1308.0,6.5,2006.4166,2006,2006,6,Thursday,2,-1172.1875
Bryan-College Station,2006,7,2006-07-01,282.0,41845000.0,136100.0,1262.0,6.3,2006.5,2006,2006,7,Saturday,3,-3372.1875
Bryan-College Station,2006,8,2006-08-01,319.0,52095000.0,140200.0,1254.0,6.1,2006.5834,2006,2006,8,Tuesday,3,727.8125
Bryan-College Station,2006,9,2006-09-01,161.0,25610000.0,136300.0,1182.0,5.8,2006.6666,2006,2006,9,Friday,3,-3172.1875
Bryan-College Station,2006,10,2006-10-01,197.0,31175000.0,134200.0,1169.0,5.5,2006.75,2006,2006,10,Sunday,4,-5272.1875
Bryan-College Station,2006,11,2006-11-01,143.0,23570000.0,139500.0,1191.0,5.6,2006.8334,2006,2006,11,Wednesday,4,27.8125
Bryan-College Station,2006,12,2006-12-01,162.0,24665000.0,140000.0,1121.0,5.2,2006.9166,2006,2006,12,Friday,4,527.8125
Bryan-College Station,2007,1,2007-01-01,124.0,18170000.0,130800.0,1116.0,5.2,2007.0,2007,2007,1,Monday,1,-8672.1875
Bryan-College Station,2007,2,2007-02-01,142.0,23120000.0,133100.0,1190.0,5.4,2007.0834,2007,2007,2,Thursday,1,-6372.1875
Bryan-College Station,2007,3,2007-03-01,182.0,29200000.0,137100.0,1346.0,6.2,2007.1666,2007,2007,3,Thursday,1,-2372.1875
Bryan-College Station,2007,4,2007-04-01,230.0,37980000.0,147900.0,1356.0,6.3,2007.25,2007,2007,4,Sunday,2,8427.8125
Bryan-College Station,2007,5,2007-05-01,305.0,48480000.0,138800.0,1344.0,6.3,2007.3334,2007,2007,5,Tuesday,2,-672.1875
Bryan-College Station,2007,6,2007-06-01,332.0,53430000.0,140400.0,1297.0,6.0,2007.4166,2007,2007,6,Friday,2,927.8125
Bryan-College Station,2007,7,2007-07-01,303.0,49425000.0,137200.0,1161.0,5.4,2007.5,2007,2007,7,Sunday,3,-2272.1875
Bryan-College Station,2007,8,2007-08-01,318.0,52110000.0,144800.0,1217.0,5.6,2007.5834,2007,2007,8,Wednesday,3,5327.8125
Bryan-College Station,2007,9,2007-09-01,135.0,20925000.0,137100.0,1165.0,5.4,2007.6666,2007,2007,9,Saturday,3,-2372.1875
Bryan-College Station,2007,10,2007-10-01,126.0,20700000.0,137500.0,1243.0,6.0,2007.75,2007,2007,10,Monday,4,-1972.1875
Bryan-College Station,2007,11,2007-11-01,137.0,21640000.0,132500.0,1221.0,5.9,2007.8334,2007,2007,11,Thursday,4,-6972.1875
Bryan-College Station,2007,12,2007-12-01,180.0,29360000.0,138700.0,1085.0,5.2,2007.9166,2007,2007,12,Saturday,4,-772.1875
Bryan-College Station,2008,1,2008-01-01,115.0,17200000.0,134500.0,1165.0,5.6,2008.0,2008,2008,1,Tuesday,1,-4972.1875
Bryan-College Station,2008,2,2008-02-01,122.0,19875000.0,129600.0,1351.0,6.5,2008.0834,2008,2008,2,Friday,1,-9872.1875
Bryan-College Station,2008,3,2008-03-01,177.0,28845000.0,139700.0,1407.0,6.8,2008.1666,2008,2008,3,Saturday,1,227.8125
Bryan-College Station,2008,4,2008-04-01,253.0,42535000.0,143200.0,1355.0,6.5,2008.25,2008,2008,4,Tuesday,2,3727.8125
Bryan-College Station,2008,5,2008-05-01,333.0,52315000.0,139200.0,1333.0,6.3,2008.3334,2008,2008,5,Thursday,2,-272.1875
Bryan-College Station,2008,6,2008-06-01,308.0,51760000.0,144400.0,1181.0,5.7,2008.4166,2008,2008,6,Sunday,2,4927.8125
Bryan-College Station,2008,7,2008-07-01,358.0,61625000.0,154500.0,1218.0,5.7,2008.5,2008,2008,7,Tuesday,3,15027.8125
Bryan-College Station,2008,8,2008-08-01,293.0,52620000.0,150700.0,1139.0,5.4,2008.5834,2008,2008,8,Friday,3,11227.8125
Bryan-College Station,2008,9,2008-09-01,145.0,23850000.0,141300.0,1135.0,5.3,2008.6666,2008,2008,9,Monday,3,1827.8125
Bryan-College Station,2008,10,2008-10-01,126.0,20650000.0,148000.0,1057.0,5.0,2008.75,2008,2008,10,Wednesday,4,8527.8125
Bryan-College Station,2008,11,2008-11-01,105.0,16575000.0,139200.0,1051.0,5.0,2008.8334,2008,2008,11,Saturday,4,-272.1875
Bryan-College Station,2008,12,2008-12-01,136.0,24305000.0,148000.0,1031.0,5.0,2008.9166,2008,2008,12,Monday,4,8527.8125
Bryan-College Station,2009,1,2009-01-01,87.0,15145000.0,155500.0,1111.0,5.5,2009.0,2009,2009,1,Thursday,1,16027.8125
Bryan-College Station,2009,2,2009-02-01,91.0,15405000.0,139500.0,1188.0,5.9,2009.0834,2009,2009,2,Sunday,1,27.8125
Bryan-College Station,2009,3,2009-03-01,151.0,24400000.0,151200.0,1265.0,6.4,2009.1666,2009,2009,3,Sunday,1,11727.8125
Bryan-College Station,2009,4,2009-04-01,183.0,28425000.0,142800.0,1272.0,6.6,2009.25,2009,2009,4,Wednesday,2,3327.8125
Bryan-College Station,2009,5,2009-05-01,266.0,45105000.0,149400.0,1254.0,6.7,2009.3334,2009,2009,5,Friday,2,9927.8125
Bryan-College Station,2009,6,2009-06-01,300.0,50785000.0,149800.0,1253.0,6.7,2009.4166,2009,2009,6,Monday,2,10327.8125
Bryan-College Station,2009,7,2009-07-01,304.0,49725000.0,151000.0,1233.0,6.8,2009.5,2009,2009,7,Wednesday,3,11527.8125
Bryan-College Station,2009,8,2009-08-01,249.0,42585000.0,147900.0,1222.0,6.8,2009.5834,2009,2009,8,Saturday,3,8427.8125
Bryan-College Station,2009,9,2009-09-01,128.0,21920000.0,152500.0,1243.0,7.0,2009.6666,2009,2009,9,Tuesday,3,13027.8125
Bryan-College Station,2009,10,2009-10-01,144.0,25607134.0,148800.0,1216.0,6.8,2009.75,2009,2009,10,Thursday,4,9327.8125
Bryan-College Station,2009,11,2009-11-01,148.0,24835261.0,149300.0,1175.0,6.4,2009.8334,2009,2009,11,Sunday,4,9827.8125
Bryan-College Station,2009,12,2009-12-01,133.0,23518518.0,157200.0,1114.0,6.1,2009.9166,2009,2009,12,Tuesday,4,17727.812
Bryan-College Station,2010,1,2010-01-01,89.0,15151050.0,151900.0,1298.0,7.1,2010.0,2010,2010,1,Friday,1,12427.8125
Bryan-College Station,2010,2,2010-02-01,107.0,19685773.0,165300.0,1439.0,7.8,2010.0834,2010,2010,2,Monday,1,25827.812
Bryan-College Station,2010,3,2010-03-01,176.0,29116953.0,148300.0,1577.0,8.5,2010.1666,2010,2010,3,Monday,1,8827.8125
Bryan-College Station,2010,4,2010-04-01,233.0,38691043.0,151000.0,1984.0,10.5,2010.25,2010,2010,4,Thursday,2,11527.8125
Bryan-College Station,2010,5,2010-05-01,282.0,45529835.0,150200.0,1613.0,8.4,2010.3334,2010,2010,5,Saturday,2,10727.8125
Bryan-College Station,2010,6,2010-06-01,286.0,47453045.0,151700.0,1588.0,8.4,2010.4166,2010,2010,6,Tuesday,2,12227.8125
Bryan-College Station,2010,7,2010-07-01,189.0,30773396.0,152200.0,1646.0,9.1,2010.5,2010,2010,7,Thursday,3,12727.8125
Bryan-College Station,2010,8,2010-08-01,196.0,34057267.0,148500.0,1599.0,9.1,2010.5834,2010,2010,8,Sunday,3,9027.8125
Bryan-College Station,2010,9,2010-09-01,122.0,22982958.0,149300.0,1549.0,8.8,2010.6666,2010,2010,9,Wednesday,3,9827.8125
Bryan-College Station,2010,10,2010-10-01,100.0,17568112.0,161400.0,1530.0,8.9,2010.75,2010,2010,10,Friday,4,21927.812
Bryan-College Station,2010,11,2010-11-01,101.0,20301050.0,159300.0,1510.0,9.0,2010.8334,2010,2010,11,Monday,4,19827.812
Bryan-College Station,2010,12,2010-12-01,130.0,23463919.0,153300.0,1416.0,8.4,2010.9166,2010,2010,12,Wednesday,4,13827.8125
Bryan-College Station,2011,1,2011-01-01,94.0,15242335.0,147700.0,1480.0,8.8,2011.0,2011,2011,1,Saturday,1,8227.8125
Bryan-College Station,2011,2,2011-02-01,101.0,16125368.0,148500.0,1562.0,9.3,2011.0834,2011,2011,2,Tuesday,1,9027.8125
Bryan-College Station,2011,3,2011-03-01,162.0,26891333.0,152100.0,1723.0,10.4,2011.1666,2011,2011,3,Tuesday,1,12627.8125
Bryan-College Station,2011,4,2011-04-01,186.0,31683630.0,151200.0,1833.0,11.3,2011.25,2011,2011,4,Friday,2,11727.8125
Bryan-College Station,2011,5,2011-05-01,238.0,40305840.0,148900.0,1840.0,11.6,2011.3334,2011,2011,5,Sunday,2,9427.8125
Bryan-College Station,2011,6,2011-06-01,284.0,47776184.0,149400.0,1758.0,11.1,2011.4166,2011,2011,6,Wednesday,2,9927.8125
Bryan-College Station,2011,7,2011-07-01,244.0,42941203.0,148700.0,1662.0,10.2,2011.5,2011,2011,7,Friday,3,9227.8125
Bryan-College Station,2011,8,2011-08-01,196.0,31667153.0,146700.0,1581.0,9.7,2011.5834,2011,2011,8,Monday,3,7227.8125
Bryan-College Station,2011,9,2011-09-01,131.0,23916205.0,156400.0,1536.0,9.4,2011.6666,2011,2011,9,Thursday,3,16927.812
Bryan-College Station,2011,10,2011-10-01,114.0,21533990.0,157300.0,1492.0,9.0,2011.75,2011,2011,10,Saturday,4,17827.812
Bryan-College Station,2011,11,2011-11-01,124.0,24228294.0,156200.0,1445.0,8.7,2011.8334,2011,2011,11,Tuesday,4,16727.812
Bryan-College Station,2011,12,2011-12-01,135.0,24859758.0,153900.0,1362.0,8.1,2011.9166,2011,2011,12,Thursday,4,14427.8125
Bryan-College Station,2012,1,2012-01-01,115.0,20634783.0,140700.0,1486.0,8.8,2012.0,2012,2012,1,Sunday,1,1227.8125
Bryan-College Station,2012,2,2012-02-01,124.0,19788800.0,152000.0,1634.0,9.6,2012.0834,2012,2012,2,Wednesday,1,12527.8125
Bryan-College Station,2012,3,2012-03-01,149.0,26643942.0,154300.0,1806.0,10.6,2012.1666,2012,2012,3,Thursday,1,14827.8125
Bryan-College Station,2012,4,2012-04-01,193.0,35334793.0,156600.0,1834.0,10.8,2012.25,2012,2012,4,Sunday,2,17127.812
Bryan-College Station,2012,5,2012-05-01,294.0,51715769.0,153100.0,1793.0,10.2,2012.3334,2012,2012,5,Tuesday,2,13627.8125
Bryan-College Station,2012,6,2012-06-01,293.0,50348419.0,149300.0,1734.0,9.9,2012.4166,2012,2012,6,Friday,2,9827.8125
Bryan-College Station,2012,7,2012-07-01,292.0,52928291.0,154400.0,1669.0,9.3,2012.5,2012,2012,7,Sunday,3,14927.8125
Bryan-College Station,2012,8,2012-08-01,296.0,55447814.0,159700.0,1518.0,8.1,2012.5834,2012,2012,8,Wednesday,3,20227.812
Bryan-College Station,2012,9,2012-09-01,149.0,28433703.0,170000.0,1498.0,7.9,2012.6666,2012,2012,9,Saturday,3,30527.812
Bryan-College Station,2012,10,2012-10-01,163.0,31263079.0,155200.0,1458.0,7.5,2012.75,2012,2012,10,Monday,4,15727.8125
Bryan-College Station,2012,11,2012-11-01,159.0,28881595.0,149100.0,1442.0,7.3,2012.8334,2012,2012,11,Thursday,4,9627.8125
Bryan-College Station,2012,12,2012-12-01,134.0,22886684.0,148400.0,1442.0,7.3,2012.9166,2012,2012,12,Saturday,4,8927.8125
Bryan-College Station,2013,1,2013-01-01,141.0,26961175.0,155500.0,1486.0,7.5,2013.0,2013,2013,1,Tuesday,1,16027.8125
Bryan-College Station,2013,2,2013-02-01,125.0,18976762.0,146900.0,1599.0,8.0,2013.0834,2013,2013,2,Friday,1,7427.8125
Bryan-College Station,2013,3,2013-03-01,187.0,33859431.0,161000.0,1750.0,8.7,2013.1666,2013,2013,3,Friday,1,21527.812
Bryan-College Station,2013,4,2013-04-01,267.0,51056250.0,158200.0,1680.0,8.1,2013.25,2013,2013,4,Monday,2,18727.812
Bryan-College Station,2013,5,2013-05-01,341.0,68161256.0,161200.0,1581.0,7.4,2013.3334,2013,2013,5,Wednesday,2,21727.812
Bryan-College Station,2013,6,2013-06-01,357.0,69643093.0,163700.0,1462.0,6.7,2013.4166,2013,2013,6,Saturday,2,24227.812
Bryan-College Station,2013,7,2013-07-01,402.0,76115910.0,161000.0,1385.0,6.1,2013.5,2013,2013,7,Monday,3,21527.812
Bryan-College Station,2013,8,2013-08-01,328.0,63759360.0,166100.0,1385.0,6.0,2013.5834,2013,2013,8,Thursday,3,26627.812
Bryan-College Station,2013,9,2013-09-01,186.0,35220141.0,156500.0,1201.0,5.2,2013.6666,2013,2013,9,Sunday,3,17027.812
Bryan-College Station,2013,10,2013-10-01,164.0,32813858.0,167300.0,1155.0,5.0,2013.75,2013,2013,10,Tuesday,4,27827.812
Bryan-College Station,2013,11,2013-11-01,166.0,29754064.0,156500.0,1132.0,4.9,2013.8334,2013,2013,11,Friday,4,17027.812
Bryan-College Station,2013,12,2013-12-01,190.0,35168785.0,158800.0,1057.0,4.4,2013.9166,2013,2013,12,Sunday,4,19327.812
Bryan-College Station,2014,1,2014-01-01,152.0,29457300.0,155300.0,1199.0,5.0,2014.0,2014,2014,1,Wednesday,1,15827.8125
Bryan-College Station,2014,2,2014-02-01,171.0,33326264.0,168500.0,1218.0,5.0,2014.0834,2014,2014,2,Saturday,1,29027.812
Bryan-College Station,2014,3,2014-03-01,275.0,50403677.0,155300.0,1261.0,5.0,2014.1666,2014,2014,3,Saturday,1,15827.8125
Bryan-College Station,2014,4,2014-04-01,303.0,60581421.0,169500.0,1271.0,5.0,2014.25,2014,2014,4,Tuesday,2,30027.812
Bryan-College Station,2014,5,2014-05-01,353.0,71456404.0,165200.0,1212.0,4.8,2014.3334,2014,2014,5,Thursday,2,25727.812
Bryan-College Station,2014,6,2014-06-01,377.0,77983319.0,169600.0,1152.0,4.5,2014.4166,2014,2014,6,Sunday,2,30127.812
Bryan-College Station,2014,7,2014-07-01,403.0,83546871.0,172600.0,1041.0,4.1,2014.5,2014,2014,7,Tuesday,3,33127.812
Bryan-College Station,2014,8,2014-08-01,298.0,60638705.0,172200.0,1016.0,4.0,2014.5834,2014,2014,8,Friday,3,32727.812
Bryan-College Station,2014,9,2014-09-01,204.0,42420126.0,180000.0,1022.0,4.0,2014.6666,2014,2014,9,Monday,3,40527.812
Bryan-College Station,2014,10,2014-10-01,218.0,46484824.0,176100.0,1031.0,4.0,2014.75,2014,2014,10,Wednesday,4,36627.812
Bryan-College Station,2014,11,2014-11-01,169.0,34902867.0,172800.0,973.0,3.8,2014.8334,2014,2014,11,Saturday,4,33327.812
Bryan-College Station,2014,12,2014-12-01,200.0,42553034.0,177300.0,882.0,3.4,2014.9166,2014,2014,12,Monday,4,37827.812
Bryan-College Station,2015,1,2015-01-01,173.0,38204866.0,189300.0,988.0,3.8,2015.0,2015,2015,1,Thursday,1,49827.812
Bryan-College Station,2015,2,2015-02-01,202.0,41420584.0,173100.0,925.0,3.5,2015.0834,2015,2015,2,Sunday,1,33627.812
Bryan-College Station,2015,3,2015-03-01,321.0,67643518.0,179700.0,922.0,3.4,2015.1666,2015,2015,3,Sunday,1,40227.812
Bryan-College Station,2015,4,2015-04-01,285.0,66006889.0,183200.0,958.0,3.6,2015.25,2015,2015,4,Wednesday,2,43727.812
Bryan-College Station,2015,5,2015-05-01,387.0,78769642.0,177300.0,956.0,3.5,2015.3334,2015,2015,5,Friday,2,37827.812
Bryan-College Station,2015,6,2015-06-01,403.0,84025416.0,187400.0,939.0,3.5,2015.4166,2015,2015,6,Monday,2,47927.812
Bryan-College Station,2015,7,2015-07-01,414.0,90432362.0,190700.0,894.0,3.3,2015.5,2015,2015,7,Wednesday,3,51227.812
Collin County,2000,1,2000-01-01,464.0,94788821.0,158700.0,2844.0,4.0,2000.0,2000,2000,1,Saturday,1,-42912.83
Collin County,2000,2,2000-02-01,668.0,128636804.0,152300.0,2950.0,4.0,2000.0834,2000,2000,2,Tuesday,1,-49312.83
Collin County,2000,3,2000-03-01,849.0,166190923.0,156600.0,3092.0,4.2,2000.1666,2000,2000,3,Wednesday,1,-45012.83
Collin County,2000,4,2000-04-01,847.0,165262688.0,159500.0,3124.0,4.2,2000.25,2000,2000,4,Saturday,2,-42112.83
Collin County,2000,5,2000-05-01,1031.0,204977080.0,167600.0,3206.0,4.2,2000.3334,2000,2000,5,Monday,2,-34012.83
Collin County,2000,6,2000-06-01,1075.0,211016981.0,167600.0,3305.0,4.3,2000.4166,2000,2000,6,Thursday,2,-34012.83
Collin County,2000,7,2000-07-01,1007.0,204537519.0,169700.0,3242.0,4.2,2000.5,2000,2000,7,Saturday,3,-31912.828
Collin County,2000,8,2000-08-01,969.0,193039110.0,164000.0,3156.0,4.0,2000.5834,2000,2000,8,Tuesday,3,-37612.83
Collin County,2000,9,2000-09-01,797.0,156116915.0,162400.0,3274.0,4.1,2000.6666,2000,2000,9,Friday,3,-39212.83
Collin County,2000,10,2000-10-01,804.0,161510049.0,170500.0,3306.0,4.1,2000.75,2000,2000,10,Sunday,4,-31112.828
Collin County,2000,11,2000-11-01,745.0,154976371.0,168700.0,3169.0,3.8,2000.8334,2000,2000,11,Wednesday,4,-32912.83
Collin County,2000,12,2000-12-01,744.0,153922156.0,166700.0,3206.0,3.8,2000.9166,2000,2000,12,Friday,4,-34912.83
Collin County,2001,1,2001-01-01,534.0,102567674.0,165900.0,3494.0,4.2,2001.0,2001,2001,1,Monday,1,-35712.83
Collin County,2001,2,2001-02-01,750.0,153984966.0,166600.0,3579.0,4.2,2001.0834,2001,2001,2,Thursday,1,-35012.83
Collin County,2001,3,2001-03-01,1026.0,210545677.0,169700.0,3685.0,4.3,2001.1666,2001,2001,3,Thursday,1,-31912.828
Collin County,2001,4,2001-04-01,933.0,187839341.0,169200.0,3912.0,4.5,2001.25,2001,2001,4,Sunday,2,-32412.828
Collin County,2001,5,2001-05-01,1061.0,215090297.0,170800.0,4106.0,4.7,2001.3334,2001,2001,5,Tuesday,2,-30812.828
Collin County,2001,6,2001-06-01,1218.0,257026479.0,174600.0,4066.0,4.6,2001.4166,2001,2001,6,Friday,2,-27012.828
Collin County,2001,7,2001-07-01,1116.0,237504332.0,175900.0,4125.0,4.6,2001.5,2001,2001,7,Sunday,3,-25712.828
Collin County,2001,8,2001-08-01,1109.0,228798766.0,173400.0,4059.0,4.5,2001.5834,2001,2001,8,Wednesday,3,-28212.828
Collin County,2001,9,2001-09-01,820.0,171708750.0,175600.0,4242.0,4.7,2001.6666,2001,2001,9,Saturday,3,-26012.828
Collin County,2001,10,2001-10-01,775.0,154379784.0,169800.0,4340.0,4.8,2001.75,2001,2001,10,Monday,4,-31812.828
Collin County,2001,11,2001-11-01,784.0,159685906.0,173300.0,4208.0,4.6,2001.8334,2001,2001,11,Thursday,4,-28312.828
Collin County,2001,12,2001-12-01,793.0,161924267.0,173200.0,3930.0,4.3,2001.9166,2001,2001,12,Saturday,4,-28412.828
Collin County,2002,1,2002-01-01,668.0,141339256.0,174200.0,4081.0,4.4,2002.0,2002,2002,1,Tuesday,1,-27412.828
Collin County,2002,2,2002-02-01,816.0,169666943.0,174100.0,4337.0,4.7,2002.0834,2002,2002,2,Friday,1,-27512.828
Collin County,2002,3,2002-03-01,904.0,187091668.0,173900.0,4475.0,4.9,2002.1666,2002,2002,3,Friday,1,-27712.828
Collin County,2002,4,2002-04-01,950.0,205162970.0,176800.0,4770.0,5.2,2002.25,2002,2002,4,Monday,2,-24812.828
Collin County,2002,5,2002-05-01,1148.0,258215407.0,179100.0,5011.0,5.4,2002.3334,2002,2002,5,Wednesday,2,-22512.828
Collin County,2002,6,2002-06-01,1017.0,218997260.0,180300.0,5092.0,5.6,2002.4166,2002,2002,6,Saturday,2,-21312.828
Collin County,2002,7,2002-07-01,1019.0,222282465.0,177300.0,5454.0,6.1,2002.5,2002,2002,7,Monday,3,-24312.828
Collin County,2002,8,2002-08-01,960.0,205329191.0,175700.0,5438.0,6.1,2002.5834,2002,2002,8,Thursday,3,-25912.828
Collin County,2002,9,2002-09-01,818.0,171838403.0,175800.0,5687.0,6.4,2002.6666,2002,2002,9,Sunday,3,-25812.828
Collin County,2002,10,2002-10-01,849.0,175146594.0,173800.0,5577.0,6.2,2002.75,2002,2002,10,Tuesday,4,-27812.828
Collin County,2002,11,2002-11-01,798.0,166000357.0,172800.0,5405.0,6.0,2002.8334,2002,2002,11,Friday,4,-28812.828
Collin County,2002,12,2002-12-01,867.0,191060153.0,182500.0,5095.0,5.7,2002.9166,2002,2002,12,Sunday,4,-19112.828
Collin County,2003,1,2003-01-01,655.0,134186099.0,172100.0,5591.0,6.2,2003.0,2003,2003,1,Wednesday,1,-29512.828
Collin County,2003,2,2003-02-01,742.0,158794994.0,170700.0,5845.0,6.5,2003.0834,2003,2003,2,Saturday,1,-30912.828
Collin County,2003,3,2003-03-01,1031.0,217759837.0,171000.0,6032.0,6.7,2003.1666,2003,2003,3,Saturday,1,-30612.828
Collin County,2003,4,2003-04-01,912.0,192280785.0,172800.0,6367.0,7.1,2003.25,2003,2003,4,Tuesday,2,-28812.828
Collin County,2003,5,2003-05-01,1081.0,233979259.0,173700.0,6388.0,7.1,2003.3334,2003,2003,5,Thursday,2,-27912.828
Collin County,2003,6,2003-06-01,1250.0,274407394.0,180300.0,6337.0,6.9,2003.4166,2003,2003,6,Sunday,2,-21312.828
Collin County,2003,7,2003-07-01,1280.0,274639086.0,179000.0,6291.0,6.7,2003.5,2003,2003,7,Tuesday,3,-22612.828
Collin County,2003,8,2003-08-01,1189.0,254035889.0,178100.0,6064.0,6.3,2003.5834,2003,2003,8,Friday,3,-23512.828
Collin County,2003,9,2003-09-01,960.0,213150673.0,181900.0,5956.0,6.2,2003.6666,2003,2003,9,Monday,3,-19712.828
Collin County,2003,10,2003-10-01,930.0,195157140.0,175900.0,5726.0,5.9,2003.75,2003,2003,10,Wednesday,4,-25712.828
Collin County,2003,11,2003-11-01,762.0,162355237.0,174700.0,5566.0,5.7,2003.8334,2003,2003,11,Saturday,4,-26912.828
Collin County,2003,12,2003-12-01,1017.0,224578835.0,177400.0,5319.0,5.4,2003.9166,2003,2003,12,Monday,4,-24212.828
Collin County,2004,1,2004-01-01,647.0,130693649.0,169600.0,5638.0,5.7,2004.0,2004,2004,1,Thursday,1,-32012.828
Collin County,2004,2,2004-02-01,773.0,172253684.0,175400.0,5798.0,5.9,2004.0834,2004,2004,2,Sunday,1,-26212.828
Collin County,2004,3,2004-03-01,1130.0,244063982.0,175500.0,5993.0,6.0,2004.1666,2004,2004,3,Monday,1,-26112.828
Collin County,2004,4,2004-04-01,1182.0,260147814.0,174200.0,6224.0,6.1,2004.25,2004,2004,4,Thursday,2,-27412.828
Collin County,2004,5,2004-05-01,1259.0,283754094.0,175800.0,6407.0,6.2,2004.3334,2004,2004,5,Saturday,2,-25812.828
Collin County,2004,6,2004-06-01,1356.0,304792203.0,183200.0,6373.0,6.1,2004.4166,2004,2004,6,Tuesday,2,-18412.828
Collin County,2004,7,2004-07-01,1354.0,303770155.0,184200.0,6199.0,5.9,2004.5,2004,2004,7,Thursday,3,-17412.828
Collin County,2004,8,2004-08-01,1291.0,282120104.0,182600.0,6182.0,5.9,2004.5834,2004,2004,8,Sunday,3,-19012.828
Collin County,2004,9,2004-09-01,1041.0,228661767.0,177700.0,6066.0,5.7,2004.6666,2004,2004,9,Wednesday,3,-23912.828
Collin County,2004,10,2004-10-01,978.0,216006082.0,185900.0,5788.0,5.4,2004.75,2004,2004,10,Friday,4,-15712.828
Collin County,2004,11,2004-11-01,914.0,194556851.0,176300.0,5606.0,5.2,2004.8334,2004,2004,11,Monday,4,-25312.828
Collin County,2004,12,2004-12-01,1035.0,227909020.0,176600.0,5156.0,4.8,2004.9166,2004,2004,12,Wednesday,4,-25012.828
Collin County,2005,1,2005-01-01,667.0,139666893.0,170700.0,5582.0,5.2,2005.0,2005,2005,1,Saturday,1,-30912.828
Collin County,2005,2,2005-02-01,904.0,198061838.0,177700.0,5907.0,5.4,2005.0834,2005,2005,2,Tuesday,1,-23912.828
Collin County,2005,3,2005-03-01,1333.0,296226936.0,176600.0,6099.0,5.5,2005.1666,2005,2005,3,Tuesday,1,-25012.828
Collin County,2005,4,2005-04-01,1300.0,300809553.0,183500.0,6425.0,5.7,2005.25,2005,2005,4,Friday,2,-18112.828
Collin County,2005,5,2005-05-01,1351.0,309640859.0,183600.0,6499.0,5.8,2005.3334,2005,2005,5,Sunday,2,-18012.828
Collin County,2005,6,2005-06-01,1605.0,372382573.0,186400.0,6510.0,5.7,2005.4166,2005,2005,6,Wednesday,2,-15212.828
Collin County,2005,7,2005-07-01,1615.0,372359698.0,184900.0,6350.0,5.4,2005.5,2005,2005,7,Friday,3,-16712.828
Collin County,2005,8,2005-08-01,1578.0,372645154.0,191400.0,,,2005.5834,2005,2005,8,Monday,3,-10212.828
Collin County,2005,9,2005-09-01,1353.0,303837133.0,184200.0,5716.0,4.7,2005.6666,2005,2005,9,Thursday,3,-17412.828
Collin County,2005,10,2005-10-01,1230.0,277045260.0,177200.0,5574.0,4.5,2005.75,2005,2005,10,Saturday,4,-24412.828
Collin County,2005,11,2005-11-01,1139.0,267822168.0,192800.0,5381.0,4.3,2005.8334,2005,2005,11,Tuesday,4,-8812.828
Collin County,2005,12,2005-12-01,1133.0,268536367.0,188000.0,5003.0,3.9,2005.9166,2005,2005,12,Thursday,4,-13612.828
Collin County,2006,1,2006-01-01,806.0,191563021.0,186300.0,5372.0,4.2,2006.0,2006,2006,1,Sunday,1,-15312.828
Collin County,2006,2,2006-02-01,1083.0,248724121.0,184000.0,5607.0,4.3,2006.0834,2006,2006,2,Wednesday,1,-17612.828
Collin County,2006,3,2006-03-01,1417.0,325449634.0,183100.0,6082.0,4.7,2006.1666,2006,2006,3,Wednesday,1,-18512.828
Collin County,2006,4,2006-04-01,1270.0,287676517.0,186200.0,6429.0,5.0,2006.25,2006,2006,4,Saturday,2,-15412.828
Collin County,2006,5,2006-05-01,1678.0,401770417.0,198100.0,6563.0,5.0,2006.3334,2006,2006,5,Monday,2,-3512.8281
Collin County,2006,6,2006-06-01,1818.0,450257932.0,201600.0,6677.0,5.0,2006.4166,2006,2006,6,Thursday,2,-12.828125
Collin County,2006,7,2006-07-01,1553.0,375081509.0,200500.0,6891.0,5.1,2006.5,2006,2006,7,Saturday,3,-1112.8281
Collin County,2006,8,2006-08-01,1579.0,381813760.0,193400.0,6676.0,5.0,2006.5834,2006,2006,8,Tuesday,3,-8212.828
Collin County,2006,9,2006-09-01,1180.0,277673002.0,189800.0,6853.0,5.2,2006.6666,2006,2006,9,Friday,3,-11812.828
Collin County,2006,10,2006-10-01,1192.0,290060009.0,191500.0,6691.0,5.1,2006.75,2006,2006,10,Sunday,4,-10112.828
Collin County,2006,11,2006-11-01,1069.0,262129918.0,192800.0,6488.0,4.9,2006.8334,2006,2006,11,Wednesday,4,-8812.828
Collin County,2006,12,2006-12-01,1150.0,285056999.0,197200.0,6125.0,4.7,2006.9166,2006,2006,12,Friday,4,-4412.828
Collin County,2007,1,2007-01-01,830.0,198945910.0,188000.0,6446.0,4.9,2007.0,2007,2007,1,Monday,1,-13612.828
Collin County,2007,2,2007-02-01,1005.0,231755119.0,188100.0,6817.0,5.2,2007.0834,2007,2007,2,Thursday,1,-13512.828
Collin County,2007,3,2007-03-01,1366.0,332251913.0,196900.0,7468.0,5.7,2007.1666,2007,2007,3,Thursday,1,-4712.828
Collin County,2007,4,2007-04-01,1242.0,306587982.0,195900.0,7912.0,6.1,2007.25,2007,2007,4,Sunday,2,-5712.828
Collin County,2007,5,2007-05-01,1460.0,365270249.0,205800.0,8091.0,6.3,2007.3334,2007,2007,5,Tuesday,2,4187.172
Collin County,2007,6,2007-06-01,1625.0,432744140.0,213400.0,8152.0,6.4,2007.4166,2007,2007,6,Friday,2,11787.172
Collin County,2007,7,2007-07-01,1476.0,368794103.0,204200.0,7981.0,6.3,2007.5,2007,2007,7,Sunday,3,2587.1719
Collin County,2007,8,2007-08-01,1486.0,374291932.0,210000.0,7664.0,6.1,2007.5834,2007,2007,8,Wednesday,3,8387.172
Collin County,2007,9,2007-09-01,1011.0,243360411.0,197300.0,7695.0,6.2,2007.6666,2007,2007,9,Saturday,3,-4312.828
Collin County,2007,10,2007-10-01,1016.0,244180901.0,196000.0,7377.0,6.0,2007.75,2007,2007,10,Monday,4,-5612.828
Collin County,2007,11,2007-11-01,954.0,244750789.0,205900.0,6983.0,5.7,2007.8334,2007,2007,11,Thursday,4,4287.172
Collin County,2007,12,2007-12-01,908.0,224546524.0,196600.0,6218.0,5.2,2007.9166,2007,2007,12,Saturday,4,-5012.828
Collin County,2008,1,2008-01-01,733.0,173570438.0,195600.0,6526.0,5.5,2008.0,2008,2008,1,Tuesday,1,-6012.828
Collin County,2008,2,2008-02-01,928.0,223515378.0,197300.0,6759.0,5.7,2008.0834,2008,2008,2,Friday,1,-4312.828
Collin County,2008,3,2008-03-01,1143.0,291871904.0,203000.0,7106.0,6.1,2008.1666,2008,2008,3,Saturday,1,1387.1719
Collin County,2008,4,2008-04-01,1123.0,291164840.0,209500.0,7290.0,6.3,2008.25,2008,2008,4,Tuesday,2,7887.172
Collin County,2008,5,2008-05-01,1283.0,327837305.0,207200.0,7043.0,6.2,2008.3334,2008,2008,5,Thursday,2,5587.172
Collin County,2008,6,2008-06-01,1378.0,347502195.0,201800.0,7059.0,6.3,2008.4166,2008,2008,6,Sunday,2,187.17188
Collin County,2008,7,2008-07-01,1311.0,334103942.0,211300.0,6767.0,6.1,2008.5,2008,2008,7,Tuesday,3,9687.172
Collin County,2008,8,2008-08-01,1191.0,304556036.0,212200.0,6258.0,5.8,2008.5834,2008,2008,8,Friday,3,10587.172
Collin County,2008,9,2008-09-01,1013.0,244147070.0,194600.0,6045.0,5.6,2008.6666,2008,2008,9,Monday,3,-7012.828
Collin County,2008,10,2008-10-01,888.0,227426326.0,204400.0,5832.0,5.4,2008.75,2008,2008,10,Wednesday,4,2787.1719
Collin County,2008,11,2008-11-01,587.0,140401559.0,193000.0,5635.0,5.4,2008.8334,2008,2008,11,Saturday,4,-8612.828
Collin County,2008,12,2008-12-01,772.0,187907853.0,200300.0,5083.0,4.9,2008.9166,2008,2008,12,Monday,4,-1312.8281
Collin County,2009,1,2009-01-01,558.0,129641050.0,188600.0,5209.0,5.1,2009.0,2009,2009,1,Thursday,1,-13012.828
Collin County,2009,2,2009-02-01,716.0,176239743.0,199100.0,5457.0,5.5,2009.0834,2009,2009,2,Sunday,1,-2512.8281
Collin County,2009,3,2009-03-01,919.0,215896487.0,194200.0,5646.0,5.8,2009.1666,2009,2009,3,Sunday,1,-7412.828
Collin County,2009,4,2009-04-01,914.0,218686218.0,198000.0,5742.0,6.0,2009.25,2009,2009,4,Wednesday,2,-3612.8281
Collin County,2009,5,2009-05-01,1011.0,246984261.0,208100.0,5808.0,6.2,2009.3334,2009,2009,5,Friday,2,6487.172
Collin County,2009,6,2009-06-01,1253.0,310698010.0,207200.0,5201.0,5.6,2009.4166,2009,2009,6,Monday,2,5587.172
Collin County,2009,7,2009-07-01,1277.0,314347788.0,208700.0,5099.0,5.5,2009.5,2009,2009,7,Wednesday,3,7087.172
Collin County,2009,8,2009-08-01,1140.0,276611043.0,201800.0,4858.0,5.3,2009.5834,2009,2009,8,Saturday,3,187.17188
Collin County,2009,9,2009-09-01,1049.0,240633427.0,194300.0,4544.0,4.9,2009.6666,2009,2009,9,Tuesday,3,-7312.828
Collin County,2009,10,2009-10-01,1060.0,240641188.0,193600.0,4362.0,4.7,2009.75,2009,2009,10,Thursday,4,-8012.828
Collin County,2009,11,2009-11-01,901.0,201664155.0,186800.0,4260.0,4.4,2009.8334,2009,2009,11,Sunday,4,-14812.828
Collin County,2009,12,2009-12-01,803.0,194294120.0,206800.0,3993.0,4.1,2009.9166,2009,2009,12,Tuesday,4,5187.172
Collin County,2010,1,2010-01-01,485.0,118404909.0,193200.0,4331.0,4.5,2010.0,2010,2010,1,Friday,1,-8412.828
Collin County,2010,2,2010-02-01,666.0,159161574.0,196600.0,4658.0,4.9,2010.0834,2010,2010,2,Monday,1,-5012.828
Collin County,2010,3,2010-03-01,1036.0,243513483.0,197000.0,4967.0,5.1,2010.1666,2010,2010,3,Monday,1,-4612.828
Collin County,2010,4,2010-04-01,1254.0,290057387.0,193400.0,5041.0,5.1,2010.25,2010,2010,4,Thursday,2,-8212.828
Collin County,2010,5,2010-05-01,1208.0,288848795.0,198700.0,5331.0,5.3,2010.3334,2010,2010,5,Saturday,2,-2912.8281
Collin County,2010,6,2010-06-01,1160.0,303812397.0,223100.0,5623.0,5.6,2010.4166,2010,2010,6,Tuesday,2,21487.172
Collin County,2010,7,2010-07-01,919.0,235802350.0,224700.0,5925.0,6.1,2010.5,2010,2010,7,Thursday,3,23087.172
Collin County,2010,8,2010-08-01,919.0,227967945.0,217500.0,5755.0,6.0,2010.5834,2010,2010,8,Sunday,3,15887.172
Collin County,2010,9,2010-09-01,763.0,186949613.0,210300.0,5541.0,6.0,2010.6666,2010,2010,9,Wednesday,3,8687.172
Collin County,2010,10,2010-10-01,746.0,183144964.0,205700.0,5253.0,5.8,2010.75,2010,2010,10,Friday,4,4087.1719
Collin County,2010,11,2010-11-01,722.0,192187487.0,219000.0,4958.0,5.6,2010.8334,2010,2010,11,Monday,4,17387.172
Collin County,2010,12,2010-12-01,825.0,206850539.0,210400.0,4467.0,5.0,2010.9166,2010,2010,12,Wednesday,4,8787.172
Collin County,2011,1,2011-01-01,560.0,134388537.0,196200.0,4461.0,5.0,2011.0,2011,2011,1,Saturday,1,-5412.828
Collin County,2011,2,2011-02-01,647.0,162549808.0,207100.0,4546.0,5.1,2011.0834,2011,2011,2,Tuesday,1,5487.172
Collin County,2011,3,2011-03-01,924.0,229609824.0,201100.0,4730.0,5.3,2011.1666,2011,2011,3,Tuesday,1,-512.8281
Collin County,2011,4,2011-04-01,1022.0,250282362.0,212700.0,5044.0,5.8,2011.25,2011,2011,4,Friday,2,11087.172
Collin County,2011,5,2011-05-01,1017.0,255923386.0,207700.0,5012.0,5.9,2011.3334,2011,2011,5,Sunday,2,6087.172
Collin County,2011,6,2011-06-01,1273.0,323629919.0,213100.0,5060.0,5.9,2011.4166,2011,2011,6,Wednesday,2,11487.172
Collin County,2011,7,2011-07-01,1103.0,282570620.0,218100.0,4837.0,5.5,2011.5,2011,2011,7,Friday,3,16487.172
Collin County,2011,8,2011-08-01,1211.0,307435388.0,214600.0,4416.0,4.9,2011.5834,2011,2011,8,Monday,3,12987.172
Collin County,2011,9,2011-09-01,938.0,235191630.0,214800.0,4143.0,4.5,2011.6666,2011,2011,9,Thursday,3,13187.172
Collin County,2011,10,2011-10-01,834.0,201251421.0,205700.0,3942.0,4.3,2011.75,2011,2011,10,Saturday,4,4087.1719
Collin County,2011,11,2011-11-01,771.0,182294552.0,194400.0,3665.0,4.0,2011.8334,2011,2011,11,Tuesday,4,-7212.828
Collin County,2011,12,2011-12-01,864.0,216697246.0,207000.0,3228.0,3.5,2011.9166,2011,2011,12,Thursday,4,5387.172
Collin County,2012,1,2012-01-01,653.0,162853194.0,203700.0,3255.0,3.5,2012.0,2012,2012,1,Sunday,1,2087.1719
Collin County,2012,2,2012-02-01,780.0,190639691.0,208300.0,3452.0,3.6,2012.0834,2012,2012,2,Wednesday,1,6687.172
Collin County,2012,3,2012-03-01,1079.0,254906858.0,202300.0,3577.0,3.7,2012.1666,2012,2012,3,Thursday,1,687.1719
Collin County,2012,4,2012-04-01,1096.0,282426327.0,218500.0,3552.0,3.7,2012.25,2012,2012,4,Sunday,2,16887.172
Collin County,2012,5,2012-05-01,1360.0,360611091.0,217000.0,3598.0,3.6,2012.3334,2012,2012,5,Tuesday,2,15387.172
Collin County,2012,6,2012-06-01,1484.0,392822643.0,221200.0,3596.0,3.5,2012.4166,2012,2012,6,Friday,2,19587.172
Collin County,2012,7,2012-07-01,1330.0,339340039.0,223900.0,3605.0,3.5,2012.5,2012,2012,7,Sunday,3,22287.172
Collin County,2012,8,2012-08-01,1374.0,352918790.0,219000.0,3423.0,3.3,2012.5834,2012,2012,8,Wednesday,3,17387.172
Collin County,2012,9,2012-09-01,1111.0,287612024.0,220300.0,3251.0,3.1,2012.6666,2012,2012,9,Saturday,3,18687.172
Collin County,2012,10,2012-10-01,1076.0,278440575.0,213000.0,2978.0,2.8,2012.75,2012,2012,10,Monday,4,11387.172
Collin County,2012,11,2012-11-01,1006.0,254902309.0,212200.0,2633.0,2.4,2012.8334,2012,2012,11,Thursday,4,10587.172
Collin County,2012,12,2012-12-01,1015.0,261728642.0,224200.0,2324.0,2.1,2012.9166,2012,2012,12,Saturday,4,22587.172
Collin County,2013,1,2013-01-01,774.0,197746311.0,224100.0,2303.0,2.0,2013.0,2013,2013,1,Tuesday,1,22487.172
Collin County,2013,2,2013-02-01,867.0,228942851.0,222100.0,2351.0,2.1,2013.0834,2013,2013,2,Friday,1,20487.172
Collin County,2013,3,2013-03-01,1342.0,358199071.0,228700.0,2372.0,2.1,2013.1666,2013,2013,3,Friday,1,27087.172
Collin County,2013,4,2013-04-01,1539.0,427409160.0,240200.0,2391.0,2.0,2013.25,2013,2013,4,Monday,2,38587.17
Collin County,2013,5,2013-05-01,1697.0,486754799.0,243300.0,2487.0,2.0,2013.3334,2013,2013,5,Wednesday,2,41687.17
Collin County,2013,6,2013-06-01,1724.0,505828885.0,252600.0,2635.0,2.1,2013.4166,2013,2013,6,Saturday,2,50987.17
Collin County,2013,7,2013-07-01,1779.0,497531661.0,241100.0,2748.0,2.2,2013.5,2013,2013,7,Monday,3,39487.17
Collin County,2013,8,2013-08-01,1707.0,490240078.0,246000.0,2753.0,2.1,2013.5834,2013,2013,8,Thursday,3,44387.17
Collin County,2013,9,2013-09-01,1369.0,383242216.0,239700.0,2577.0,1.9,2013.6666,2013,2013,9,Sunday,3,38087.17
Collin County,2013,10,2013-10-01,1167.0,323625072.0,238800.0,2384.0,1.8,2013.75,2013,2013,10,Tuesday,4,37187.17
Collin County,2013,11,2013-11-01,1066.0,302281356.0,242600.0,2179.0,1.6,2013.8334,2013,2013,11,Friday,4,40987.17
Collin County,2013,12,2013-12-01,1126.0,320528906.0,251100.0,1892.0,1.4,2013.9166,2013,2013,12,Sunday,4,49487.17
Collin County,2014,1,2014-01-01,785.0,208055429.0,233500.0,1961.0,1.5,2014.0,2014,2014,1,Wednesday,1,31887.172
Collin County,2014,2,2014-02-01,974.0,284595888.0,257000.0,2026.0,1.5,2014.0834,2014,2014,2,Saturday,1,55387.17
Collin County,2014,3,2014-03-01,1200.0,364274831.0,259500.0,2048.0,1.5,2014.1666,2014,2014,3,Saturday,1,57887.17
Collin County,2014,4,2014-04-01,1314.0,402425346.0,257400.0,2219.0,1.7,2014.25,2014,2014,4,Tuesday,2,55787.17
Collin County,2014,5,2014-05-01,1585.0,475265082.0,261500.0,2417.0,1.8,2014.3334,2014,2014,5,Thursday,2,59887.17
Collin County,2014,6,2014-06-01,1786.0,553500560.0,271600.0,2417.0,1.8,2014.4166,2014,2014,6,Sunday,2,69987.17
Collin County,2014,7,2014-07-01,1784.0,557122394.0,271500.0,2518.0,1.9,2014.5,2014,2014,7,Tuesday,3,69887.17
Collin County,2014,8,2014-08-01,1689.0,524952374.0,268500.0,2493.0,1.9,2014.5834,2014,2014,8,Friday,3,66887.17
Collin County,2014,9,2014-09-01,1381.0,413231117.0,256500.0,2345.0,1.8,2014.6666,2014,2014,9,Monday,3,54887.17
Collin County,2014,10,2014-10-01,1318.0,405247577.0,263400.0,2250.0,1.7,2014.75,2014,2014,10,Wednesday,4,61787.17
Collin County,2014,11,2014-11-01,1033.0,320549660.0,267000.0,2038.0,1.5,2014.8334,2014,2014,11,Saturday,4,65387.17
Collin County,2014,12,2014-12-01,1235.0,381109772.0,272200.0,1788.0,1.3,2014.9166,2014,2014,12,Monday,4,70587.17
Collin County,2015,1,2015-01-01,776.0,242496585.0,268000.0,1780.0,1.3,2015.0,2015,2015,1,Thursday,1,66387.17
Collin County,2015,2,2015-02-01,938.0,300904769.0,283400.0,1817.0,1.4,2015.0834,2015,2015,2,Sunday,1,81787.17
Collin County,2015,3,2015-03-01,1258.0,413242198.0,285800.0,1811.0,1.4,2015.1666,2015,2015,3,Sunday,1,84187.17
Collin County,2015,4,2015-04-01,1391.0,456997967.0,291400.0,2018.0,1.5,2015.25,2015,2015,4,Wednesday,2,89787.17
Collin County,2015,5,2015-05-01,1572.0,544545110.0,304200.0,2220.0,1.6,2015.3334,2015,2015,5,Friday,2,102587.17
Collin County,2015,6,2015-06-01,1789.0,614959441.0,300400.0,2314.0,1.7,2015.4166,2015,2015,6,Monday,2,98787.17
Collin County,2015,7,2015-07-01,1861.0,613669702.0,292600.0,2809.0,2.1,2015.5,2015,2015,7,Wednesday,3,90987.17
Corpus Christi,2000,1,2000-01-01,182.0,17665000.0,78500.0,2510.0,9.3,2000.0,2000,2000,1,Saturday,1,-48584.78
Corpus Christi,2000,2,2000-02-01,219.0,20240000.0,78700.0,2534.0,9.4,2000.0834,2000,2000,2,Tuesday,1,-48384.78
Corpus Christi,2000,3,2000-03-01,351.0,36255000.0,85500.0,2591.0,9.4,2000.1666,2000,2000,3,Wednesday,1,-41584.78
Corpus Christi,2000,4,2000-04-01,288.0,28915000.0,80000.0,2631.0,9.6,2000.25,2000,2000,4,Saturday,2,-47084.78
Corpus Christi,2000,5,2000-05-01,317.0,34565000.0,90200.0,2651.0,9.7,2000.3334,2000,2000,5,Monday,2,-36884.78
Corpus Christi,2000,6,2000-06-01,339.0,37750000.0,93600.0,2632.0,9.6,2000.4166,2000,2000,6,Thursday,2,-33484.78
Corpus Christi,2000,7,2000-07-01,287.0,31185000.0,90700.0,2687.0,9.9,2000.5,2000,2000,7,Saturday,3,-36384.78
Corpus Christi,2000,8,2000-08-01,398.0,40670000.0,85400.0,2232.0,8.0,2000.5834,2000,2000,8,Tuesday,3,-41684.78
Corpus Christi,2000,9,2000-09-01,307.0,31300000.0,86100.0,2529.0,8.9,2000.6666,2000,2000,9,Friday,3,-40984.78
Corpus Christi,2000,10,2000-10-01,274.0,26645000.0,82600.0,2471.0,8.5,2000.75,2000,2000,10,Sunday,4,-44484.78
Corpus Christi,2000,11,2000-11-01,259.0,25415411.0,,2051.0,7.0,2000.8334,2000,2000,11,Wednesday,4,
Corpus Christi,2000,12,2000-12-01,220.0,24130000.0,90000.0,2360.0,8.2,2000.9166,2000,2000,12,Friday,4,-37084.78
Corpus Christi,2001,1,2001-01-01,202.0,19335000.0,86500.0,2490.0,8.6,2001.0,2001,2001,1,Monday,1,-40584.78
Corpus Christi,2001,2,2001-02-01,277.0,29210000.0,85300.0,2524.0,8.6,2001.0834,2001,2001,2,Thursday,1,-41784.78
Corpus Christi,2001,3,2001-03-01,297.0,30045000.0,84600.0,2550.0,8.8,2001.1666,2001,2001,3,Thursday,1,-42484.78
Corpus Christi,2001,4,2001-04-01,332.0,34435000.0,85200.0,2607.0,8.9,2001.25,2001,2001,4,Sunday,2,-41884.78
Corpus Christi,2001,5,2001-05-01,317.0,34565000.0,90100.0,2529.0,8.6,2001.3334,2001,2001,5,Tuesday,2,-36984.78
Corpus Christi,2001,6,2001-06-01,384.0,42100000.0,91200.0,2482.0,8.4,2001.4166,2001,2001,6,Friday,2,-35884.78
Corpus Christi,2001,7,2001-07-01,326.0,35040000.0,89100.0,2433.0,8.1,2001.5,2001,2001,7,Sunday,3,-37984.78
Corpus Christi,2001,8,2001-08-01,373.0,40570000.0,92100.0,2310.0,7.8,2001.5834,2001,2001,8,Wednesday,3,-34984.78
Corpus Christi,2001,9,2001-09-01,255.0,26275000.0,88400.0,1827.0,6.2,2001.6666,2001,2001,9,Saturday,3,-38684.78
Corpus Christi,2001,10,2001-10-01,213.0,26295000.0,92800.0,1760.0,6.1,2001.75,2001,2001,10,Monday,4,-34284.78
Corpus Christi,2001,11,2001-11-01,277.0,30375000.0,89500.0,1665.0,5.8,2001.8334,2001,2001,11,Thursday,4,-37584.78
Corpus Christi,2001,12,2001-12-01,264.0,30125000.0,93300.0,1570.0,5.4,2001.9166,2001,2001,12,Saturday,4,-33784.78
Corpus Christi,2002,1,2002-01-01,243.0,25905000.0,92300.0,1586.0,5.3,2002.0,2002,2002,1,Tuesday,1,-34784.78
Corpus Christi,2002,2,2002-02-01,271.0,29555000.0,91300.0,1531.0,5.2,2002.0834,2002,2002,2,Friday,1,-35784.78
Corpus Christi,2002,3,2002-03-01,270.0,27070000.0,85000.0,1475.0,5.0,2002.1666,2002,2002,3,Friday,1,-42084.78
Corpus Christi,2002,4,2002-04-01,310.0,34805000.0,93000.0,1550.0,5.3,2002.25,2002,2002,4,Monday,2,-34084.78
Corpus Christi,2002,5,2002-05-01,405.0,43905000.0,90900.0,,,2002.3334,2002,2002,5,Wednesday,2,-36184.78
Corpus Christi,2002,6,2002-06-01,332.0,38020000.0,95800.0,1467.0,5.0,2002.4166,2002,2002,6,Saturday,2,-31284.781
Corpus Christi,2002,7,2002-07-01,363.0,40015000.0,95600.0,1397.0,4.7,2002.5,2002,2002,7,Monday,3,-31484.781
Corpus Christi,2002,8,2002-08-01,353.0,40345000.0,93300.0,1370.0,4.6,2002.5834,2002,2002,8,Thursday,3,-33784.78
Corpus Christi,2002,9,2002-09-01,320.0,34910000.0,93600.0,1472.0,4.9,2002.6666,2002,2002,9,Sunday,3,-33484.78
Corpus Christi,2002,10,2002-10-01,306.0,34500000.0,93900.0,1515.0,4.9,2002.75,2002,2002,10,Tuesday,4,-33184.78
Corpus Christi,2002,11,2002-11-01,275.0,31335000.0,95600.0,1530.0,4.9,2002.8334,2002,2002,11,Friday,4,-31484.781
Corpus Christi,2002,12,2002-12-01,322.0,37405000.0,100000.0,1428.0,4.5,2002.9166,2002,2002,12,Sunday,4,-27084.781
Corpus Christi,2003,1,2003-01-01,234.0,25655000.0,93300.0,,,2003.0,2003,2003,1,Wednesday,1,-33784.78
Corpus Christi,2003,2,2003-02-01,294.0,32970000.0,93300.0,1503.0,4.8,2003.0834,2003,2003,2,Saturday,1,-33784.78
Corpus Christi,2003,3,2003-03-01,336.0,39295000.0,99200.0,1544.0,4.8,2003.1666,2003,2003,3,Saturday,1,-27884.781
Corpus Christi,2003,4,2003-04-01,379.0,42720000.0,98800.0,1624.0,5.0,2003.25,2003,2003,4,Tuesday,2,-28284.781
Corpus Christi,2003,5,2003-05-01,361.0,45130000.0,103200.0,1684.0,5.2,2003.3334,2003,2003,5,Thursday,2,-23884.781
Corpus Christi,2003,6,2003-06-01,400.0,52690000.0,107000.0,1664.0,5.1,2003.4166,2003,2003,6,Sunday,2,-20084.781
Corpus Christi,2003,7,2003-07-01,396.0,48250000.0,107600.0,1681.0,5.1,2003.5,2003,2003,7,Tuesday,3,-19484.781
Corpus Christi,2003,8,2003-08-01,446.0,56195000.0,108200.0,1646.0,4.9,2003.5834,2003,2003,8,Friday,3,-18884.781
Corpus Christi,2003,9,2003-09-01,371.0,44455000.0,102300.0,1662.0,4.8,2003.6666,2003,2003,9,Monday,3,-24784.781
Corpus Christi,2003,10,2003-10-01,364.0,42470000.0,97600.0,1731.0,5.0,2003.75,2003,2003,10,Wednesday,4,-29484.781
Corpus Christi,2003,11,2003-11-01,288.0,34950000.0,104800.0,1758.0,5.0,2003.8334,2003,2003,11,Saturday,4,-22284.781
Corpus Christi,2003,12,2003-12-01,329.0,42015000.0,104700.0,1693.0,4.8,2003.9166,2003,2003,12,Monday,4,-22384.781
Corpus Christi,2004,1,2004-01-01,255.0,29970000.0,99100.0,1727.0,4.9,2004.0,2004,2004,1,Thursday,1,-27984.781
Corpus Christi,2004,2,2004-02-01,320.0,38180000.0,98900.0,1712.0,4.8,2004.0834,2004,2004,2,Sunday,1,-28184.781
Corpus Christi,2004,3,2004-03-01,454.0,59805000.0,112900.0,1753.0,4.8,2004.1666,2004,2004,3,Monday,1,-14184.781
Corpus Christi,2004,4,2004-04-01,417.0,52300000.0,104800.0,1710.0,4.7,2004.25,2004,2004,4,Thursday,2,-22284.781
Corpus Christi,2004,5,2004-05-01,421.0,56860000.0,116800.0,1727.0,4.6,2004.3334,2004,2004,5,Saturday,2,-10284.781
Corpus Christi,2004,6,2004-06-01,468.0,65745000.0,118600.0,1751.0,4.6,2004.4166,2004,2004,6,Tuesday,2,-8484.781
Corpus Christi,2004,7,2004-07-01,465.0,60420000.0,116700.0,1821.0,4.8,2004.5,2004,2004,7,Thursday,3,-10384.781
Corpus Christi,2004,8,2004-08-01,463.0,63050000.0,114400.0,1756.0,4.6,2004.5834,2004,2004,8,Sunday,3,-12684.781
Corpus Christi,2004,9,2004-09-01,398.0,53620000.0,118900.0,1783.0,4.6,2004.6666,2004,2004,9,Wednesday,3,-8184.7812
Corpus Christi,2004,10,2004-10-01,383.0,51525000.0,116600.0,1791.0,4.6,2004.75,2004,2004,10,Friday,4,-10484.781
Corpus Christi,2004,11,2004-11-01,336.0,47135000.0,120000.0,1628.0,4.1,2004.8334,2004,2004,11,Monday,4,-7084.7812
Corpus Christi,2004,12,2004-12-01,365.0,47970000.0,113900.0,1728.0,4.4,2004.9166,2004,2004,12,Wednesday,4,-13184.781
Corpus Christi,2005,1,2005-01-01,272.0,37205000.0,112600.0,1793.0,4.5,2005.0,2005,2005,1,Saturday,1,-14484.781
Corpus Christi,2005,2,2005-02-01,336.0,48375000.0,120000.0,2440.0,6.1,2005.0834,2005,2005,2,Tuesday,1,-7084.7812
Corpus Christi,2005,3,2005-03-01,389.0,54310000.0,116800.0,2542.0,6.5,2005.1666,2005,2005,3,Tuesday,1,-10284.781
Corpus Christi,2005,4,2005-04-01,385.0,51550000.0,115800.0,1750.0,4.5,2005.25,2005,2005,4,Friday,2,-11284.781
Corpus Christi,2005,5,2005-05-01,457.0,66160000.0,122900.0,1809.0,4.6,2005.3334,2005,2005,5,Sunday,2,-4184.7812
Corpus Christi,2005,6,2005-06-01,527.0,81105000.0,129300.0,1783.0,4.5,2005.4166,2005,2005,6,Wednesday,2,2215.2188
Corpus Christi,2005,7,2005-07-01,515.0,77795000.0,127400.0,1823.0,4.5,2005.5,2005,2005,7,Friday,3,315.21875
Corpus Christi,2005,8,2005-08-01,498.0,78340000.0,130900.0,1830.0,4.5,2005.5834,2005,2005,8,Monday,3,3815.2188
Corpus Christi,2005,9,2005-09-01,396.0,58895000.0,127000.0,1923.0,4.7,2005.6666,2005,2005,9,Thursday,3,-84.78125
Corpus Christi,2005,10,2005-10-01,410.0,60315000.0,127900.0,2058.0,5.1,2005.75,2005,2005,10,Saturday,4,815.21875
Corpus Christi,2005,11,2005-11-01,315.0,49485000.0,136300.0,2016.0,5.0,2005.8334,2005,2005,11,Tuesday,4,9215.219
Corpus Christi,2005,12,2005-12-01,394.0,57455000.0,130200.0,2082.0,5.1,2005.9166,2005,2005,12,Thursday,4,3115.2188
Corpus Christi,2006,1,2006-01-01,277.0,40265000.0,126900.0,2089.0,5.1,2006.0,2006,2006,1,Sunday,1,-184.78125
Corpus Christi,2006,2,2006-02-01,377.0,58390000.0,125600.0,2193.0,5.3,2006.0834,2006,2006,2,Wednesday,1,-1484.7812
Corpus Christi,2006,3,2006-03-01,477.0,69005000.0,127900.0,2308.0,5.5,2006.1666,2006,2006,3,Wednesday,1,815.21875
Corpus Christi,2006,4,2006-04-01,431.0,69265000.0,131600.0,2756.0,6.5,2006.25,2006,2006,4,Saturday,2,4515.2188
Corpus Christi,2006,5,2006-05-01,513.0,79550000.0,132000.0,2581.0,6.0,2006.3334,2006,2006,5,Monday,2,4915.2188
Corpus Christi,2006,6,2006-06-01,565.0,88945000.0,136300.0,2727.0,6.3,2006.4166,2006,2006,6,Thursday,2,9215.219
Corpus Christi,2006,7,2006-07-01,455.0,72620000.0,134300.0,2818.0,6.6,2006.5,2006,2006,7,Saturday,3,7215.2188
Corpus Christi,2006,8,2006-08-01,506.0,78820000.0,128600.0,2862.0,6.7,2006.5834,2006,2006,8,Tuesday,3,1515.2188
Corpus Christi,2006,9,2006-09-01,430.0,65090000.0,127600.0,2833.0,6.6,2006.6666,2006,2006,9,Friday,3,515.21875
Corpus Christi,2006,10,2006-10-01,408.0,59570000.0,125600.0,2826.0,6.6,2006.75,2006,2006,10,Sunday,4,-1484.7812
Corpus Christi,2006,11,2006-11-01,365.0,54940000.0,129800.0,2762.0,6.4,2006.8334,2006,2006,11,Wednesday,4,2715.2188
Corpus Christi,2006,12,2006-12-01,388.0,59380000.0,135000.0,2718.0,6.3,2006.9166,2006,2006,12,Friday,4,7915.2188
Corpus Christi,2007,1,2007-01-01,280.0,42858267.0,132700.0,2713.0,6.3,2007.0,2007,2007,1,Monday,1,5615.2188
Corpus Christi,2007,2,2007-02-01,358.0,52133866.0,122000.0,2781.0,6.4,2007.0834,2007,2007,2,Thursday,1,-5084.7812
Corpus Christi,2007,3,2007-03-01,443.0,74619940.0,136400.0,2953.0,6.9,2007.1666,2007,2007,3,Thursday,1,9315.219
Corpus Christi,2007,4,2007-04-01,380.0,57996494.0,133300.0,3091.0,7.3,2007.25,2007,2007,4,Sunday,2,6215.2188
Corpus Christi,2007,5,2007-05-01,442.0,71270252.0,132700.0,3159.0,7.6,2007.3334,2007,2007,5,Tuesday,2,5615.2188
Corpus Christi,2007,6,2007-06-01,433.0,72881251.0,143200.0,2425.0,6.0,2007.4166,2007,2007,6,Friday,2,16115.219
Corpus Christi,2007,7,2007-07-01,473.0,79533597.0,141000.0,3245.0,7.9,2007.5,2007,2007,7,Sunday,3,13915.219
Corpus Christi,2007,8,2007-08-01,425.0,72398917.0,146400.0,3243.0,8.1,2007.5834,2007,2007,8,Wednesday,3,19315.219
Corpus Christi,2007,9,2007-09-01,298.0,46080545.0,134900.0,3276.0,8.4,2007.6666,2007,2007,9,Saturday,3,7815.2188
Corpus Christi,2007,10,2007-10-01,365.0,61560750.0,143300.0,3192.0,8.2,2007.75,2007,2007,10,Monday,4,16215.219
Corpus Christi,2007,11,2007-11-01,324.0,51639406.0,130000.0,3084.0,8.0,2007.8334,2007,2007,11,Thursday,4,2915.2188
Corpus Christi,2007,12,2007-12-01,289.0,47815670.0,139300.0,2951.0,7.9,2007.9166,2007,2007,12,Saturday,4,12215.219
Corpus Christi,2008,1,2008-01-01,248.0,37913488.0,127700.0,2891.0,7.7,2008.0,2008,2008,1,Tuesday,1,615.21875
Corpus Christi,2008,2,2008-02-01,284.0,45098053.0,136700.0,3007.0,8.2,2008.0834,2008,2008,2,Friday,1,9615.219
Corpus Christi,2008,3,2008-03-01,320.0,55165185.0,144300.0,3121.0,8.7,2008.1666,2008,2008,3,Saturday,1,17215.219
Corpus Christi,2008,4,2008-04-01,353.0,58883327.0,147900.0,3110.0,8.8,2008.25,2008,2008,4,Tuesday,2,20815.219
Corpus Christi,2008,5,2008-05-01,386.0,65589576.0,,3258.0,9.3,2008.3334,2008,2008,5,Thursday,2,
Corpus Christi,2008,6,2008-06-01,393.0,65130000.0,143500.0,3150.0,9.1,2008.4166,2008,2008,6,Sunday,2,16415.219
Corpus Christi,2008,7,2008-07-01,372.0,62105000.0,146800.0,3071.0,9.1,2008.5,2008,2008,7,Tuesday,3,19715.219
Corpus Christi,2008,8,2008-08-01,377.0,60640000.0,135800.0,3115.0,9.3,2008.5834,2008,2008,8,Friday,3,8715.219
Corpus Christi,2008,9,2008-09-01,309.0,50974182.0,138100.0,3102.0,9.3,2008.6666,2008,2008,9,Monday,3,11015.219
Corpus Christi,2008,10,2008-10-01,255.0,42967125.0,139200.0,3056.0,9.4,2008.75,2008,2008,10,Wednesday,4,12115.219
Corpus Christi,2008,11,2008-11-01,223.0,33321310.0,130500.0,3000.0,9.5,2008.8334,2008,2008,11,Saturday,4,3415.2188
Corpus Christi,2008,12,2008-12-01,253.0,36922702.0,133100.0,2971.0,9.4,2008.9166,2008,2008,12,Monday,4,6015.2188
Corpus Christi,2009,1,2009-01-01,178.0,26518789.0,129600.0,2842.0,9.2,2009.0,2009,2009,1,Thursday,1,2515.2188
Corpus Christi,2009,2,2009-02-01,235.0,34090000.0,133800.0,2842.0,9.3,2009.0834,2009,2009,2,Sunday,1,6715.2188
Corpus Christi,2009,3,2009-03-01,283.0,41741772.0,122200.0,2850.0,9.5,2009.1666,2009,2009,3,Sunday,1,-4884.7812
Corpus Christi,2009,4,2009-04-01,283.0,41315000.0,122200.0,2900.0,9.8,2009.25,2009,2009,4,Wednesday,2,-4884.7812
Corpus Christi,2009,5,2009-05-01,298.0,48473022.0,133700.0,2939.0,10.2,2009.3334,2009,2009,5,Friday,2,6615.2188
Corpus Christi,2009,6,2009-06-01,372.0,59297003.0,140000.0,2967.0,10.4,2009.4166,2009,2009,6,Monday,2,12915.219
Corpus Christi,2009,7,2009-07-01,306.0,48870874.0,138700.0,2991.0,10.6,2009.5,2009,2009,7,Wednesday,3,11615.219
Corpus Christi,2009,8,2009-08-01,318.0,50840000.0,138100.0,3168.0,11.5,2009.5834,2009,2009,8,Saturday,3,11015.219
Corpus Christi,2009,9,2009-09-01,271.0,43168802.0,144100.0,3005.0,11.0,2009.6666,2009,2009,9,Tuesday,3,17015.219
Corpus Christi,2009,10,2009-10-01,317.0,47219137.0,135300.0,3005.0,10.8,2009.75,2009,2009,10,Thursday,4,8215.219
Corpus Christi,2009,11,2009-11-01,310.0,48185362.0,138400.0,2969.0,10.4,2009.8334,2009,2009,11,Sunday,4,11315.219
Corpus Christi,2009,12,2009-12-01,273.0,45841766.0,136900.0,2895.0,10.1,2009.9166,2009,2009,12,Tuesday,4,9815.219
Corpus Christi,2010,1,2010-01-01,158.0,22214818.0,125900.0,2688.0,9.4,2010.0,2010,2010,1,Friday,1,-1184.7812
Corpus Christi,2010,2,2010-02-01,231.0,32738198.0,119700.0,2768.0,9.7,2010.0834,2010,2010,2,Monday,1,-7384.7812
Corpus Christi,2010,3,2010-03-01,302.0,47526182.0,137600.0,2816.0,9.8,2010.1666,2010,2010,3,Monday,1,10515.219
Corpus Christi,2010,4,2010-04-01,351.0,52816305.0,138000.0,,,2010.25,2010,2010,4,Thursday,2,10915.219
Corpus Christi,2010,5,2010-05-01,339.0,57297054.0,133100.0,2966.0,10.0,2010.3334,2010,2010,5,Saturday,2,6015.2188
Corpus Christi,2010,6,2010-06-01,361.0,56136687.0,143000.0,3085.0,10.5,2010.4166,2010,2010,6,Tuesday,2,15915.219
Corpus Christi,2010,7,2010-07-01,276.0,45479194.0,135000.0,3146.0,10.8,2010.5,2010,2010,7,Thursday,3,7915.2188
Corpus Christi,2010,8,2010-08-01,317.0,52966363.0,148500.0,3266.0,11.2,2010.5834,2010,2010,8,Sunday,3,21415.219
Corpus Christi,2010,9,2010-09-01,256.0,39326777.0,137100.0,3213.0,11.0,2010.6666,2010,2010,9,Wednesday,3,10015.219
Corpus Christi,2010,10,2010-10-01,238.0,35254886.0,134200.0,2990.0,10.5,2010.75,2010,2010,10,Friday,4,7115.2188
Corpus Christi,2010,11,2010-11-01,348.0,36810227.0,138400.0,2990.0,10.4,2010.8334,2010,2010,11,Monday,4,11315.219
Corpus Christi,2010,12,2010-12-01,268.0,46232126.0,138400.0,2942.0,10.2,2010.9166,2010,2010,12,Wednesday,4,11315.219
Corpus Christi,2011,1,2011-01-01,175.0,24560371.0,128500.0,2834.0,9.8,2011.0,2011,2011,1,Saturday,1,1415.2188
Corpus Christi,2011,2,2011-02-01,181.0,27313203.0,143900.0,2814.0,9.9,2011.0834,2011,2011,2,Tuesday,1,16815.219
Corpus Christi,2011,3,2011-03-01,283.0,47001404.0,132400.0,2820.0,10.0,2011.1666,2011,2011,3,Tuesday,1,5315.2188
Corpus Christi,2011,4,2011-04-01,285.0,44589025.0,133600.0,,,2011.25,2011,2011,4,Friday,2,6515.2188
Corpus Christi,2011,5,2011-05-01,289.0,43664332.0,130800.0,2958.0,10.8,2011.3334,2011,2011,5,Sunday,2,3715.2188
Corpus Christi,2011,6,2011-06-01,347.0,54172618.0,139700.0,2904.0,10.7,2011.4166,2011,2011,6,Wednesday,2,12615.219
Corpus Christi,2011,7,2011-07-01,329.0,54068445.0,145900.0,2764.0,10.0,2011.5,2011,2011,7,Friday,3,18815.219
Corpus Christi,2011,8,2011-08-01,383.0,60754506.0,135100.0,2508.0,8.9,2011.5834,2011,2011,8,Monday,3,8015.2188
Corpus Christi,2011,9,2011-09-01,293.0,43455045.0,134600.0,2647.0,9.3,2011.6666,2011,2011,9,Thursday,3,7515.2188
Corpus Christi,2011,10,2011-10-01,267.0,40988405.0,128900.0,2619.0,9.1,2011.75,2011,2011,10,Saturday,4,1815.2188
Corpus Christi,2011,11,2011-11-01,270.0,44667590.0,141500.0,2300.0,8.2,2011.8334,2011,2011,11,Tuesday,4,14415.219
Corpus Christi,2011,12,2011-12-01,294.0,49745084.0,138100.0,2357.0,8.3,2011.9166,2011,2011,12,Thursday,4,11015.219
Corpus Christi,2012,1,2012-01-01,204.0,28911687.0,127100.0,2186.0,7.7,2012.0,2012,2012,1,Sunday,1,15.21875
Corpus Christi,2012,2,2012-02-01,261.0,41689138.0,137900.0,2209.0,7.6,2012.0834,2012,2012,2,Wednesday,1,10815.219
Corpus Christi,2012,3,2012-03-01,344.0,52866536.0,132200.0,2232.0,7.5,2012.1666,2012,2012,3,Thursday,1,5115.2188
Corpus Christi,2012,4,2012-04-01,337.0,63414940.0,139800.0,2186.0,7.3,2012.25,2012,2012,4,Sunday,2,12715.219
Corpus Christi,2012,5,2012-05-01,371.0,68647528.0,147600.0,2079.0,6.7,2012.3334,2012,2012,5,Tuesday,2,20515.219
Corpus Christi,2012,6,2012-06-01,437.0,77838239.0,144600.0,2095.0,6.6,2012.4166,2012,2012,6,Friday,2,17515.219
Corpus Christi,2012,7,2012-07-01,356.0,60952371.0,148900.0,2285.0,7.2,2012.5,2012,2012,7,Sunday,3,21815.219
Corpus Christi,2012,8,2012-08-01,429.0,75170429.0,144100.0,2269.0,7.0,2012.5834,2012,2012,8,Wednesday,3,17015.219
Corpus Christi,2012,9,2012-09-01,339.0,55490787.0,143600.0,2329.0,7.1,2012.6666,2012,2012,9,Saturday,3,16515.219
Corpus Christi,2012,10,2012-10-01,327.0,51094389.0,139800.0,2291.0,6.9,2012.75,2012,2012,10,Monday,4,12715.219
Corpus Christi,2012,11,2012-11-01,325.0,57002796.0,154200.0,2267.0,6.8,2012.8334,2012,2012,11,Thursday,4,27115.219
Corpus Christi,2012,12,2012-12-01,328.0,56334875.0,142100.0,2099.0,6.2,2012.9166,2012,2012,12,Saturday,4,15015.219
Corpus Christi,2013,1,2013-01-01,250.0,40959582.0,135900.0,1792.0,5.2,2013.0,2013,2013,1,Tuesday,1,8815.219
Corpus Christi,2013,2,2013-02-01,289.0,48134035.0,140400.0,2004.0,5.8,2013.0834,2013,2013,2,Friday,1,13315.219
Corpus Christi,2013,3,2013-03-01,392.0,69450191.0,143700.0,2016.0,5.8,2013.1666,2013,2013,3,Friday,1,16615.219
Corpus Christi,2013,4,2013-04-01,401.0,66964938.0,143600.0,1968.0,5.6,2013.25,2013,2013,4,Monday,2,16515.219
Corpus Christi,2013,5,2013-05-01,462.0,85268037.0,154800.0,1979.0,5.5,2013.3334,2013,2013,5,Wednesday,2,27715.219
Corpus Christi,2013,6,2013-06-01,454.0,84759840.0,160500.0,1901.0,5.2,2013.4166,2013,2013,6,Saturday,2,33415.22
Corpus Christi,2013,7,2013-07-01,476.0,90271448.0,163800.0,1932.0,5.2,2013.5,2013,2013,7,Monday,3,36715.22
Corpus Christi,2013,8,2013-08-01,443.0,81177010.0,154100.0,1988.0,5.3,2013.5834,2013,2013,8,Thursday,3,27015.219
Corpus Christi,2013,9,2013-09-01,368.0,66221747.0,156400.0,1787.0,4.7,2013.6666,2013,2013,9,Sunday,3,29315.219
Corpus Christi,2013,10,2013-10-01,380.0,68394597.0,156700.0,1976.0,5.2,2013.75,2013,2013,10,Tuesday,4,29615.219
Corpus Christi,2013,11,2013-11-01,324.0,61721526.0,156400.0,1965.0,5.2,2013.8334,2013,2013,11,Friday,4,29315.219
Corpus Christi,2013,12,2013-12-01,350.0,65702376.0,144000.0,1898.0,5.0,2013.9166,2013,2013,12,Sunday,4,16915.219
Corpus Christi,2014,1,2014-01-01,255.0,45407833.0,155000.0,1748.0,4.6,2014.0,2014,2014,1,Wednesday,1,27915.219
Corpus Christi,2014,2,2014-02-01,322.0,61363819.0,168600.0,1764.0,4.6,2014.0834,2014,2014,2,Saturday,1,41515.22
Corpus Christi,2014,3,2014-03-01,388.0,75123249.0,164400.0,1470.0,3.8,2014.1666,2014,2014,3,Saturday,1,37315.22
Corpus Christi,2014,4,2014-04-01,404.0,76475125.0,160600.0,1573.0,4.1,2014.25,2014,2014,4,Tuesday,2,33515.22
Corpus Christi,2014,5,2014-05-01,395.0,80066895.0,169500.0,1280.0,3.4,2014.3334,2014,2014,5,Thursday,2,42415.22
Corpus Christi,2014,6,2014-06-01,483.0,95154634.0,170800.0,1948.0,5.1,2014.4166,2014,2014,6,Sunday,2,43715.22
Corpus Christi,2014,7,2014-07-01,481.0,95883057.0,175000.0,1851.0,4.8,2014.5,2014,2014,7,Tuesday,3,47915.22
Corpus Christi,2014,8,2014-08-01,454.0,90630093.0,172900.0,1815.0,4.7,2014.5834,2014,2014,8,Friday,3,45815.22
Corpus Christi,2014,9,2014-09-01,454.0,90229967.0,164600.0,1815.0,4.6,2014.6666,2014,2014,9,Monday,3,37515.22
Corpus Christi,2014,10,2014-10-01,420.0,83531149.0,168000.0,1859.0,4.7,2014.75,2014,2014,10,Wednesday,4,40915.22
Corpus Christi,2014,11,2014-11-01,290.0,58716060.0,172600.0,1794.0,4.6,2014.8334,2014,2014,11,Saturday,4,45515.22
Corpus Christi,2014,12,2014-12-01,375.0,77891401.0,174900.0,1870.0,4.8,2014.9166,2014,2014,12,Monday,4,47815.22
Corpus Christi,2015,1,2015-01-01,241.0,45291485.0,162800.0,1872.0,4.8,2015.0,2015,2015,1,Thursday,1,35715.22
Corpus Christi,2015,2,2015-02-01,308.0,63256153.0,174500.0,1861.0,4.8,2015.0834,2015,2015,2,Sunday,1,47415.22
Corpus Christi,2015,3,2015-03-01,404.0,78345229.0,173200.0,1870.0,4.8,2015.1666,2015,2015,3,Sunday,1,46115.22
Corpus Christi,2015,4,2015-04-01,436.0,87577428.0,175000.0,1911.0,4.8,2015.25,2015,2015,4,Wednesday,2,47915.22
Corpus Christi,2015,5,2015-05-01,425.0,85776743.0,186100.0,2036.0,5.1,2015.3334,2015,2015,5,Friday,2,59015.22
Corpus Christi,2015,6,2015-06-01,493.0,104904076.0,189600.0,2133.0,5.4,2015.4166,2015,2015,6,Monday,2,62515.22
Corpus Christi,2015,7,2015-07-01,,,,,,2015.5,2015,2015,7,Wednesday,3,
Dallas,2000,1,2000-01-01,2286.0,375389865.0,124400.0,13316.0,3.7,2000.0,2000,2000,1,Saturday,1,-36383.42
Dallas,2000,2,2000-02-01,3247.0,555124812.0,127700.0,13495.0,3.7,2000.0834,2000,2000,2,Tuesday,1,-33083.42
Dallas,2000,3,2000-03-01,4244.0,702148377.0,128500.0,13752.0,3.7,2000.1666,2000,2000,3,Wednesday,1,-32283.422
Dallas,2000,4,2000-04-01,3977.0,667331427.0,132000.0,13752.0,3.7,2000.25,2000,2000,4,Saturday,2,-28783.422
Dallas,2000,5,2000-05-01,4545.0,783197806.0,137100.0,14018.0,3.7,2000.3334,2000,2000,5,Monday,2,-23683.422
Dallas,2000,6,2000-06-01,4738.0,846254912.0,138800.0,14392.0,3.8,2000.4166,2000,2000,6,Thursday,2,-21983.422
Dallas,2000,7,2000-07-01,4276.0,763793916.0,139600.0,14705.0,3.9,2000.5,2000,2000,7,Saturday,3,-21183.422
Dallas,2000,8,2000-08-01,4373.0,770735708.0,134500.0,14607.0,3.9,2000.5834,2000,2000,8,Tuesday,3,-26283.422
Dallas,2000,9,2000-09-01,3654.0,643046932.0,136000.0,15109.0,4.0,2000.6666,2000,2000,9,Friday,3,-24783.422
Dallas,2000,10,2000-10-01,3601.0,626302634.0,134600.0,15212.0,4.0,2000.75,2000,2000,10,Sunday,4,-26183.422
Dallas,2000,11,2000-11-01,3407.0,589401171.0,133200.0,14565.0,3.8,2000.8334,2000,2000,11,Wednesday,4,-27583.422
Dallas,2000,12,2000-12-01,3098.0,554774879.0,138700.0,13762.0,3.6,2000.9166,2000,2000,12,Friday,4,-22083.422
Dallas,2001,1,2001-01-01,2542.0,426059934.0,130300.0,14931.0,3.9,2001.0,2001,2001,1,Monday,1,-30483.422
Dallas,2001,2,2001-02-01,3257.0,578096015.0,139300.0,15389.0,4.0,2001.0834,2001,2001,2,Thursday,1,-21483.422
Dallas,2001,3,2001-03-01,4306.0,766269442.0,142400.0,16063.0,4.2,2001.1666,2001,2001,3,Thursday,1,-18383.422
Dallas,2001,4,2001-04-01,3976.0,700310163.0,140800.0,17059.0,4.5,2001.25,2001,2001,4,Sunday,2,-19983.422
Dallas,2001,5,2001-05-01,4633.0,832516238.0,141700.0,17814.0,4.7,2001.3334,2001,2001,5,Tuesday,2,-19083.422
Dallas,2001,6,2001-06-01,5065.0,941310414.0,146300.0,18372.0,4.8,2001.4166,2001,2001,6,Friday,2,-14483.422
Dallas,2001,7,2001-07-01,4745.0,866755946.0,144300.0,18741.0,4.8,2001.5,2001,2001,7,Sunday,3,-16483.422
Dallas,2001,8,2001-08-01,4603.0,839224430.0,141400.0,18584.0,4.8,2001.5834,2001,2001,8,Wednesday,3,-19383.422
Dallas,2001,9,2001-09-01,3551.0,630982262.0,144500.0,18998.0,4.9,2001.6666,2001,2001,9,Saturday,3,-16283.422
Dallas,2001,10,2001-10-01,3449.0,564356982.0,136000.0,19403.0,5.0,2001.75,2001,2001,10,Monday,4,-24783.422
Dallas,2001,11,2001-11-01,3373.0,582425484.0,142300.0,18495.0,4.8,2001.8334,2001,2001,11,Thursday,4,-18483.422
Dallas,2001,12,2001-12-01,3492.0,624519434.0,142600.0,17290.0,4.4,2001.9166,2001,2001,12,Saturday,4,-18183.422
Dallas,2002,1,2002-01-01,2862.0,502970859.0,140700.0,18240.0,4.6,2002.0,2002,2002,1,Tuesday,1,-20083.422
Dallas,2002,2,2002-02-01,3461.0,616881882.0,143700.0,18927.0,4.8,2002.0834,2002,2002,2,Friday,1,-17083.422
Dallas,2002,3,2002-03-01,4021.0,731728110.0,145200.0,19367.0,4.9,2002.1666,2002,2002,3,Friday,1,-15583.422
Dallas,2002,4,2002-04-01,4185.0,766278911.0,144900.0,20139.0,5.1,2002.25,2002,2002,4,Monday,2,-15883.422
Dallas,2002,5,2002-05-01,4769.0,913391794.0,145600.0,21153.0,5.3,2002.3334,2002,2002,5,Wednesday,2,-15183.422
Dallas,2002,6,2002-06-01,4423.0,817899695.0,148400.0,22043.0,5.6,2002.4166,2002,2002,6,Saturday,2,-12383.422
Dallas,2002,7,2002-07-01,4559.0,857727953.0,145100.0,23165.0,5.9,2002.5,2002,2002,7,Monday,3,-15683.422
Dallas,2002,8,2002-08-01,4386.0,811329118.0,145500.0,23056.0,5.9,2002.5834,2002,2002,8,Thursday,3,-15283.422
Dallas,2002,9,2002-09-01,3716.0,653244332.0,142800.0,23551.0,6.1,2002.6666,2002,2002,9,Sunday,3,-17983.422
Dallas,2002,10,2002-10-01,3672.0,657676258.0,143700.0,23458.0,6.0,2002.75,2002,2002,10,Tuesday,4,-17083.422
Dallas,2002,11,2002-11-01,3415.0,611752816.0,143400.0,22758.0,5.8,2002.8334,2002,2002,11,Friday,4,-17383.422
Dallas,2002,12,2002-12-01,3730.0,698773428.0,148100.0,21559.0,5.5,2002.9166,2002,2002,12,Sunday,4,-12683.422
Dallas,2003,1,2003-01-01,2795.0,495512434.0,141900.0,23586.0,6.0,2003.0,2003,2003,1,Wednesday,1,-18883.422
Dallas,2003,2,2003-02-01,2994.0,549263980.0,145600.0,24381.0,6.3,2003.0834,2003,2003,2,Saturday,1,-15183.422
Dallas,2003,3,2003-03-01,4245.0,775700960.0,146100.0,25382.0,6.5,2003.1666,2003,2003,3,Saturday,1,-14683.422
Dallas,2003,4,2003-04-01,4077.0,752063142.0,146800.0,26210.0,6.7,2003.25,2003,2003,4,Tuesday,2,-13983.422
Dallas,2003,5,2003-05-01,4655.0,883859330.0,150600.0,26824.0,6.9,2003.3334,2003,2003,5,Thursday,2,-10183.422
Dallas,2003,6,2003-06-01,4847.0,920352540.0,154000.0,27169.0,6.9,2003.4166,2003,2003,6,Sunday,2,-6783.422
Dallas,2003,7,2003-07-01,5085.0,988546517.0,153400.0,27286.0,6.9,2003.5,2003,2003,7,Tuesday,3,-7383.422
Dallas,2003,8,2003-08-01,5003.0,957387591.0,153300.0,26604.0,6.6,2003.5834,2003,2003,8,Friday,3,-7483.422
Dallas,2003,9,2003-09-01,4267.0,819435447.0,148300.0,26372.0,6.5,2003.6666,2003,2003,9,Monday,3,-12483.422
Dallas,2003,10,2003-10-01,4136.0,772657281.0,143600.0,25757.0,6.3,2003.75,2003,2003,10,Wednesday,4,-17183.422
Dallas,2003,11,2003-11-01,3225.0,614476976.0,144500.0,25093.0,6.1,2003.8334,2003,2003,11,Saturday,4,-16283.422
Dallas,2003,12,2003-12-01,3949.0,757974150.0,147200.0,24013.0,5.8,2003.9166,2003,2003,12,Monday,4,-13583.422
Dallas,2004,1,2004-01-01,2904.0,523105156.0,138900.0,25365.0,6.2,2004.0,2004,2004,1,Thursday,1,-21883.422
Dallas,2004,2,2004-02-01,3409.0,643892110.0,146700.0,25849.0,6.2,2004.0834,2004,2004,2,Sunday,1,-14083.422
Dallas,2004,3,2004-03-01,4835.0,924268970.0,146600.0,26821.0,6.4,2004.1666,2004,2004,3,Monday,1,-14183.422
Dallas,2004,4,2004-04-01,5006.0,985509075.0,148900.0,27938.0,6.5,2004.25,2004,2004,4,Thursday,2,-11883.422
Dallas,2004,5,2004-05-01,5116.0,997391985.0,149600.0,28496.0,6.6,2004.3334,2004,2004,5,Saturday,2,-11183.422
Dallas,2004,6,2004-06-01,5511.0,1134082858.0,159300.0,28725.0,6.6,2004.4166,2004,2004,6,Tuesday,2,-1483.4219
Dallas,2004,7,2004-07-01,5398.0,1073634588.0,154500.0,28842.0,6.6,2004.5,2004,2004,7,Thursday,3,-6283.422
Dallas,2004,8,2004-08-01,5222.0,1038300840.0,152400.0,28612.0,6.5,2004.5834,2004,2004,8,Sunday,3,-8383.422
Dallas,2004,9,2004-09-01,4444.0,834310868.0,146300.0,28055.0,6.3,2004.6666,2004,2004,9,Wednesday,3,-14483.422
Dallas,2004,10,2004-10-01,4184.0,802557736.0,148900.0,27386.0,6.2,2004.75,2004,2004,10,Friday,4,-11883.422
Dallas,2004,11,2004-11-01,3996.0,754389601.0,148900.0,26079.0,5.8,2004.8334,2004,2004,11,Monday,4,-11883.422
Dallas,2004,12,2004-12-01,4489.0,870957702.0,148100.0,24190.0,5.3,2004.9166,2004,2004,12,Wednesday,4,-12683.422
Dallas,2005,1,2005-01-01,2981.0,547637034.0,140200.0,25873.0,5.7,2005.0,2005,2005,1,Saturday,1,-20583.422
Dallas,2005,2,2005-02-01,3762.0,728884739.0,147600.0,26794.0,5.9,2005.0834,2005,2005,2,Tuesday,1,-13183.422
Dallas,2005,3,2005-03-01,5349.0,1074448492.0,151700.0,27751.0,6.0,2005.1666,2005,2005,3,Tuesday,1,-9083.422
Dallas,2005,4,2005-04-01,5261.0,1046087320.0,152000.0,28745.0,6.2,2005.25,2005,2005,4,Friday,2,-8783.422
Dallas,2005,5,2005-05-01,5681.0,1140244812.0,154400.0,28790.0,6.1,2005.3334,2005,2005,5,Sunday,2,-6383.422
Dallas,2005,6,2005-06-01,6416.0,1352136392.0,158900.0,28875.0,6.1,2005.4166,2005,2005,6,Wednesday,2,-1883.4219
Dallas,2005,7,2005-07-01,5808.0,1191501494.0,159800.0,29103.0,6.1,2005.5,2005,2005,7,Friday,3,-983.4219
Dallas,2005,8,2005-08-01,6006.0,1231779356.0,158000.0,,,2005.5834,2005,2005,8,Monday,3,-2783.4219
Dallas,2005,9,2005-09-01,5086.0,1013634502.0,154500.0,27562.0,5.6,2005.6666,2005,2005,9,Thursday,3,-6283.422
Dallas,2005,10,2005-10-01,4696.0,943709896.0,155100.0,27113.0,5.5,2005.75,2005,2005,10,Saturday,4,-5683.422
Dallas,2005,11,2005-11-01,4413.0,911211915.0,158500.0,26468.0,5.3,2005.8334,2005,2005,11,Tuesday,4,-2283.4219
Dallas,2005,12,2005-12-01,4521.0,952447451.0,157100.0,24860.0,5.0,2005.9166,2005,2005,12,Thursday,4,-3683.4219
Dallas,2006,1,2006-01-01,3457.0,681032359.0,149600.0,26232.0,5.2,2006.0,2006,2006,1,Sunday,1,-11183.422
Dallas,2006,2,2006-02-01,4311.0,860515451.0,154100.0,26793.0,5.3,2006.0834,2006,2006,2,Wednesday,1,-6683.422
Dallas,2006,3,2006-03-01,5883.0,1199917590.0,154900.0,27795.0,5.4,2006.1666,2006,2006,3,Wednesday,1,-5883.422
Dallas,2006,4,2006-04-01,5332.0,1079456628.0,154800.0,29147.0,5.7,2006.25,2006,2006,4,Saturday,2,-5983.422
Dallas,2006,5,2006-05-01,6410.0,1407381438.0,164500.0,29775.0,5.7,2006.3334,2006,2006,5,Monday,2,3716.5781
Dallas,2006,6,2006-06-01,7117.0,1546598624.0,163400.0,30323.0,5.8,2006.4166,2006,2006,6,Thursday,2,2616.5781
Dallas,2006,7,2006-07-01,5965.0,1283170506.0,164000.0,31191.0,5.9,2006.5,2006,2006,7,Saturday,3,3216.5781
Dallas,2006,8,2006-08-01,6344.0,1336466287.0,158300.0,30770.0,5.8,2006.5834,2006,2006,8,Tuesday,3,-2483.4219
Dallas,2006,9,2006-09-01,5052.0,982886817.0,150200.0,31030.0,5.9,2006.6666,2006,2006,9,Friday,3,-10583.422
Dallas,2006,10,2006-10-01,5033.0,1010810885.0,152300.0,30258.0,5.7,2006.75,2006,2006,10,Sunday,4,-8483.422
Dallas,2006,11,2006-11-01,4585.0,940142663.0,154900.0,29060.0,5.4,2006.8334,2006,2006,11,Wednesday,4,-5883.422
Dallas,2006,12,2006-12-01,4737.0,993052385.0,156300.0,27369.0,5.1,2006.9166,2006,2006,12,Friday,4,-4483.422
Dallas,2007,1,2007-01-01,3626.0,731573846.0,149300.0,28328.0,5.3,2007.0,2007,2007,1,Monday,1,-11483.422
Dallas,2007,2,2007-02-01,4248.0,861440268.0,153500.0,29121.0,5.4,2007.0834,2007,2007,2,Thursday,1,-7283.422
Dallas,2007,3,2007-03-01,5726.0,1235307617.0,158200.0,31281.0,5.8,2007.1666,2007,2007,3,Thursday,1,-2583.4219
Dallas,2007,4,2007-04-01,5252.0,1165180158.0,164100.0,32787.0,6.1,2007.25,2007,2007,4,Sunday,2,3316.5781
Dallas,2007,5,2007-05-01,6092.0,1370682102.0,163000.0,33283.0,6.3,2007.3334,2007,2007,5,Tuesday,2,2216.5781
Dallas,2007,6,2007-06-01,6207.0,1432055051.0,169100.0,33624.0,6.4,2007.4166,2007,2007,6,Friday,2,8316.578
Dallas,2007,7,2007-07-01,6111.0,1330935156.0,163700.0,33414.0,6.4,2007.5,2007,2007,7,Sunday,3,2916.5781
Dallas,2007,8,2007-08-01,6041.0,1353660825.0,165700.0,32915.0,6.3,2007.5834,2007,2007,8,Wednesday,3,4916.578
Dallas,2007,9,2007-09-01,4069.0,847151558.0,157500.0,32907.0,6.4,2007.6666,2007,2007,9,Saturday,3,-3283.4219
Dallas,2007,10,2007-10-01,4396.0,903923726.0,153500.0,32079.0,6.3,2007.75,2007,2007,10,Monday,4,-7283.422
Dallas,2007,11,2007-11-01,4124.0,888702214.0,155400.0,30563.0,6.0,2007.8334,2007,2007,11,Thursday,4,-5383.422
Dallas,2007,12,2007-12-01,3803.0,814393850.0,153700.0,27649.0,5.6,2007.9166,2007,2007,12,Saturday,4,-7083.422
Dallas,2008,1,2008-01-01,3210.0,630240854.0,146100.0,28933.0,5.9,2008.0,2008,2008,1,Tuesday,1,-14683.422
Dallas,2008,2,2008-02-01,3869.0,773134573.0,147400.0,29206.0,6.0,2008.0834,2008,2008,2,Friday,1,-13383.422
Dallas,2008,3,2008-03-01,4495.0,962729451.0,159600.0,30124.0,6.3,2008.1666,2008,2008,3,Saturday,1,-1183.4219
Dallas,2008,4,2008-04-01,4764.0,1028613369.0,157600.0,30471.0,6.4,2008.25,2008,2008,4,Tuesday,2,-3183.4219
Dallas,2008,5,2008-05-01,5198.0,1144397358.0,162100.0,30340.0,6.5,2008.3334,2008,2008,5,Thursday,2,1316.5781
Dallas,2008,6,2008-06-01,5180.0,1134394581.0,164400.0,30340.0,6.6,2008.4166,2008,2008,6,Sunday,2,3616.5781
Dallas,2008,7,2008-07-01,5125.0,1130066358.0,163500.0,29724.0,6.6,2008.5,2008,2008,7,Tuesday,3,2716.5781
Dallas,2008,8,2008-08-01,4912.0,1062012827.0,159300.0,28367.0,6.4,2008.5834,2008,2008,8,Friday,3,-1483.4219
Dallas,2008,9,2008-09-01,4293.0,875314057.0,150100.0,27406.0,6.2,2008.6666,2008,2008,9,Monday,3,-10683.422
Dallas,2008,10,2008-10-01,3709.0,772075592.0,154300.0,26563.0,6.1,2008.75,2008,2008,10,Wednesday,4,-6483.422
Dallas,2008,11,2008-11-01,2801.0,557480064.0,144000.0,26573.0,6.2,2008.8334,2008,2008,11,Saturday,4,-16783.422
Dallas,2008,12,2008-12-01,3292.0,664006859.0,147600.0,24321.0,5.7,2008.9166,2008,2008,12,Monday,4,-13183.422
Dallas,2009,1,2009-01-01,2346.0,417085333.0,138300.0,25070.0,6.0,2009.0,2009,2009,1,Thursday,1,-22483.422
Dallas,2009,2,2009-02-01,2979.0,564485187.0,147200.0,25641.0,6.3,2009.0834,2009,2009,2,Sunday,1,-13583.422
Dallas,2009,3,2009-03-01,3631.0,694327912.0,147900.0,26346.0,6.6,2009.1666,2009,2009,3,Sunday,1,-12883.422
Dallas,2009,4,2009-04-01,3694.0,709506666.0,149100.0,26782.0,6.8,2009.25,2009,2009,4,Wednesday,2,-11683.422
Dallas,2009,5,2009-05-01,4119.0,851097758.0,164300.0,26918.0,7.0,2009.3334,2009,2009,5,Friday,2,3516.5781
Dallas,2009,6,2009-06-01,4691.0,1001824336.0,166600.0,24677.0,6.5,2009.4166,2009,2009,6,Monday,2,5816.578
Dallas,2009,7,2009-07-01,4865.0,1004407059.0,163400.0,24387.0,6.5,2009.5,2009,2009,7,Wednesday,3,2616.5781
Dallas,2009,8,2009-08-01,4193.0,874205286.0,159600.0,23827.0,6.4,2009.5834,2009,2009,8,Saturday,3,-1183.4219
Dallas,2009,9,2009-09-01,4045.0,809693379.0,155700.0,22979.0,6.2,2009.6666,2009,2009,9,Tuesday,3,-5083.422
Dallas,2009,10,2009-10-01,4150.0,806442505.0,152700.0,22128.0,5.9,2009.75,2009,2009,10,Thursday,4,-8083.422
Dallas,2009,11,2009-11-01,3773.0,741958892.0,151200.0,21552.0,5.6,2009.8334,2009,2009,11,Sunday,4,-9583.422
Dallas,2009,12,2009-12-01,3405.0,691986697.0,149800.0,20260.0,5.3,2009.9166,2009,2009,12,Tuesday,4,-10983.422
Dallas,2010,1,2010-01-01,2210.0,420140118.0,140800.0,21825.0,5.7,2010.0,2010,2010,1,Friday,1,-19983.422
Dallas,2010,2,2010-02-01,2774.0,548903564.0,149800.0,22991.0,6.1,2010.0834,2010,2010,2,Monday,1,-10983.422
Dallas,2010,3,2010-03-01,4082.0,824662535.0,156800.0,24125.0,6.3,2010.1666,2010,2010,3,Monday,1,-3983.4219
Dallas,2010,4,2010-04-01,4791.0,1005356810.0,160100.0,24290.0,6.2,2010.25,2010,2010,4,Thursday,2,-683.4219
Dallas,2010,5,2010-05-01,4891.0,1025677623.0,161900.0,25680.0,6.4,2010.3334,2010,2010,5,Saturday,2,1116.5781
Dallas,2010,6,2010-06-01,4658.0,1055526309.0,166700.0,26812.0,6.7,2010.4166,2010,2010,6,Tuesday,2,5916.578
Dallas,2010,7,2010-07-01,3363.0,782294206.0,167800.0,27709.0,7.2,2010.5,2010,2010,7,Thursday,3,7016.578
Dallas,2010,8,2010-08-01,3476.0,738748272.0,164900.0,27346.0,7.2,2010.5834,2010,2010,8,Sunday,3,4116.578
Dallas,2010,9,2010-09-01,3151.0,651529718.0,155200.0,26745.0,7.2,2010.6666,2010,2010,9,Wednesday,3,-5583.422
Dallas,2010,10,2010-10-01,2977.0,606133350.0,154100.0,25688.0,7.1,2010.75,2010,2010,10,Friday,4,-6683.422
Dallas,2010,11,2010-11-01,2795.0,608685059.0,154900.0,24254.0,6.8,2010.8334,2010,2010,11,Monday,4,-5883.422
Dallas,2010,12,2010-12-01,3215.0,743761990.0,161900.0,22557.0,6.4,2010.9166,2010,2010,12,Wednesday,4,1116.5781
Dallas,2011,1,2011-01-01,2194.0,440255555.0,149900.0,22432.0,6.4,2011.0,2011,2011,1,Saturday,1,-10883.422
Dallas,2011,2,2011-02-01,2494.0,536086749.0,156700.0,22868.0,6.5,2011.0834,2011,2011,2,Tuesday,1,-4083.4219
Dallas,2011,3,2011-03-01,3603.0,765050217.0,152400.0,23641.0,6.8,2011.1666,2011,2011,3,Tuesday,1,-8383.422
Dallas,2011,4,2011-04-01,3804.0,834184034.0,158200.0,24218.0,7.2,2011.25,2011,2011,4,Friday,2,-2583.4219
Dallas,2011,5,2011-05-01,4099.0,912861330.0,163600.0,24258.0,7.3,2011.3334,2011,2011,5,Sunday,2,2816.5781
Dallas,2011,6,2011-06-01,4541.0,1009183879.0,165700.0,23968.0,7.2,2011.4166,2011,2011,6,Wednesday,2,4916.578
Dallas,2011,7,2011-07-01,4063.0,879245704.0,164000.0,23300.0,6.9,2011.5,2011,2011,7,Friday,3,3216.5781
Dallas,2011,8,2011-08-01,4467.0,972011821.0,162600.0,21860.0,6.3,2011.5834,2011,2011,8,Monday,3,1816.5781
Dallas,2011,9,2011-09-01,3564.0,710642787.0,157200.0,20823.0,6.0,2011.6666,2011,2011,9,Thursday,3,-3583.4219
Dallas,2011,10,2011-10-01,3263.0,669233033.0,153100.0,19959.0,5.7,2011.75,2011,2011,10,Saturday,4,-7683.422
Dallas,2011,11,2011-11-01,3183.0,615547826.0,149400.0,18690.0,5.3,2011.8334,2011,2011,11,Tuesday,4,-11383.422
Dallas,2011,12,2011-12-01,3381.0,726947587.0,160300.0,16676.0,4.7,2011.9166,2011,2011,12,Thursday,4,-483.42188
Dallas,2012,1,2012-01-01,2555.0,509458081.0,150800.0,16721.0,4.7,2012.0,2012,2012,1,Sunday,1,-9983.422
Dallas,2012,2,2012-02-01,3085.0,634067291.0,157100.0,17173.0,4.7,2012.0834,2012,2012,2,Wednesday,1,-3683.4219
Dallas,2012,3,2012-03-01,4068.0,898320563.0,167300.0,17433.0,4.7,2012.1666,2012,2012,3,Thursday,1,6516.578
Dallas,2012,4,2012-04-01,4291.0,983333297.0,168700.0,17632.0,4.7,2012.25,2012,2012,4,Sunday,2,7916.578
Dallas,2012,5,2012-05-01,5004.0,1175419749.0,175100.0,17726.0,4.7,2012.3334,2012,2012,5,Tuesday,2,14316.578
Dallas,2012,6,2012-06-01,5196.0,1209024869.0,177900.0,17587.0,4.6,2012.4166,2012,2012,6,Friday,2,17116.578
Dallas,2012,7,2012-07-01,4859.0,1117428758.0,176000.0,17314.0,4.4,2012.5,2012,2012,7,Sunday,3,15216.578
Dallas,2012,8,2012-08-01,5264.0,1168296112.0,174200.0,16611.0,4.2,2012.5834,2012,2012,8,Wednesday,3,13416.578
Dallas,2012,9,2012-09-01,4151.0,921678400.0,173500.0,15994.0,4.0,2012.6666,2012,2012,9,Saturday,3,12716.578
Dallas,2012,10,2012-10-01,4214.0,885330428.0,166700.0,15008.0,3.7,2012.75,2012,2012,10,Monday,4,5916.578
Dallas,2012,11,2012-11-01,3875.0,851505972.0,168300.0,13908.0,3.3,2012.8334,2012,2012,11,Thursday,4,7516.578
Dallas,2012,12,2012-12-01,3849.0,886692144.0,177800.0,12436.0,3.0,2012.9166,2012,2012,12,Saturday,4,17016.578
Dallas,2013,1,2013-01-01,3190.0,655201227.0,163100.0,12360.0,2.9,2013.0,2013,2013,1,Tuesday,1,2316.5781
Dallas,2013,2,2013-02-01,3557.0,759739139.0,168100.0,12273.0,2.9,2013.0834,2013,2013,2,Friday,1,7316.578
Dallas,2013,3,2013-03-01,5041.0,1203754457.0,180800.0,12249.0,2.8,2013.1666,2013,2013,3,Friday,1,20016.578
Dallas,2013,4,2013-04-01,5545.0,1431377905.0,193300.0,12432.0,2.8,2013.25,2013,2013,4,Monday,2,32516.578
Dallas,2013,5,2013-05-01,6159.0,1584160079.0,198000.0,12785.0,2.8,2013.3334,2013,2013,5,Wednesday,2,37216.58
Dallas,2013,6,2013-06-01,5981.0,1593190134.0,202800.0,13339.0,2.9,2013.4166,2013,2013,6,Saturday,2,42016.58
Dallas,2013,7,2013-07-01,6322.0,1598961793.0,199200.0,13685.0,2.9,2013.5,2013,2013,7,Monday,3,38416.58
Dallas,2013,8,2013-08-01,6209.0,1570480866.0,198000.0,13694.0,2.8,2013.5834,2013,2013,8,Thursday,3,37216.58
Dallas,2013,9,2013-09-01,4941.0,1181585876.0,188800.0,13145.0,2.7,2013.6666,2013,2013,9,Sunday,3,28016.578
Dallas,2013,10,2013-10-01,4593.0,1105924279.0,189200.0,12728.0,2.6,2013.75,2013,2013,10,Tuesday,4,28416.578
Dallas,2013,11,2013-11-01,3964.0,968261356.0,186600.0,11895.0,2.4,2013.8334,2013,2013,11,Friday,4,25816.578
Dallas,2013,12,2013-12-01,4212.0,1071755610.0,194900.0,10531.0,2.1,2013.9166,2013,2013,12,Sunday,4,34116.58
Dallas,2014,1,2014-01-01,3152.0,720647942.0,180300.0,10603.0,2.1,2014.0,2014,2014,1,Wednesday,1,19516.578
Dallas,2014,2,2014-02-01,3769.0,963263681.0,194600.0,10697.0,2.1,2014.0834,2014,2014,2,Saturday,1,33816.58
Dallas,2014,3,2014-03-01,4730.0,1229703296.0,199300.0,10796.0,2.2,2014.1666,2014,2014,3,Saturday,1,38516.58
Dallas,2014,4,2014-04-01,5165.0,1381342187.0,202300.0,11416.0,2.3,2014.25,2014,2014,4,Tuesday,2,41516.58
Dallas,2014,5,2014-05-01,5924.0,1618432082.0,209700.0,12208.0,2.5,2014.3334,2014,2014,5,Thursday,2,48916.58
Dallas,2014,6,2014-06-01,6309.0,1703805588.0,217100.0,12432.0,2.5,2014.4166,2014,2014,6,Sunday,2,56316.58
Dallas,2014,7,2014-07-01,6256.0,1695109572.0,215800.0,12869.0,2.6,2014.5,2014,2014,7,Tuesday,3,55016.58
Dallas,2014,8,2014-08-01,5924.0,1547392167.0,211400.0,12600.0,2.6,2014.5834,2014,2014,8,Friday,3,50616.58
Dallas,2014,9,2014-09-01,5137.0,1338038367.0,205800.0,11903.0,2.4,2014.6666,2014,2014,9,Monday,3,45016.58
Dallas,2014,10,2014-10-01,5096.0,1330991006.0,200400.0,11329.0,2.3,2014.75,2014,2014,10,Wednesday,4,39616.58
Dallas,2014,11,2014-11-01,3958.0,1034129843.0,205200.0,10441.0,2.1,2014.8334,2014,2014,11,Saturday,4,44416.58
Dallas,2014,12,2014-12-01,4734.0,1311403538.0,217400.0,9146.0,1.8,2014.9166,2014,2014,12,Monday,4,56616.58
Dallas,2015,1,2015-01-01,3066.0,773952769.0,203300.0,9063.0,1.8,2015.0,2015,2015,1,Thursday,1,42516.58
Dallas,2015,2,2015-02-01,3772.0,1030862233.0,213700.0,8850.0,1.8,2015.0834,2015,2015,2,Sunday,1,52916.58
Dallas,2015,3,2015-03-01,5010.0,1408782357.0,224800.0,8932.0,1.8,2015.1666,2015,2015,3,Sunday,1,64016.58
Dallas,2015,4,2015-04-01,5359.0,1557683074.0,232500.0,9616.0,1.9,2015.25,2015,2015,4,Wednesday,2,71716.58
Dallas,2015,5,2015-05-01,5958.0,1779708059.0,241300.0,10355.0,2.1,2015.3334,2015,2015,5,Friday,2,80516.58
Dallas,2015,6,2015-06-01,6532.0,1960556658.0,242300.0,11014.0,2.2,2015.4166,2015,2015,6,Monday,2,81516.58
Dallas,2015,7,2015-07-01,7038.0,2021907410.0,233000.0,12292.0,2.4,2015.5,2015,2015,7,Wednesday,3,72216.58
Denton County,2000,1,2000-01-01,313.0,50391510.0,138700.0,2023.0,4.4,2000.0,2000,2000,1,Saturday,1,-26313.375
Denton County,2000,2,2000-02-01,423.0,60625344.0,130600.0,2085.0,4.5,2000.0834,2000,2000,2,Tuesday,1,-34413.375
Denton County,2000,3,2000-03-01,570.0,95662001.0,142100.0,2168.0,4.6,2000.1666,2000,2000,3,Wednesday,1,-22913.375
Denton County,2000,4,2000-04-01,529.0,86276146.0,140100.0,2192.0,4.6,2000.25,2000,2000,4,Saturday,2,-24913.375
Denton County,2000,5,2000-05-01,639.0,103684441.0,143500.0,2221.0,4.6,2000.3334,2000,2000,5,Monday,2,-21513.375
Denton County,2000,6,2000-06-01,677.0,119130134.0,152700.0,2209.0,4.5,2000.4166,2000,2000,6,Thursday,2,-12313.375
Denton County,2000,7,2000-07-01,638.0,113432631.0,156200.0,2160.0,4.4,2000.5,2000,2000,7,Saturday,3,-8813.375
Denton County,2000,8,2000-08-01,618.0,106079394.0,143500.0,2135.0,4.2,2000.5834,2000,2000,8,Tuesday,3,-21513.375
Denton County,2000,9,2000-09-01,488.0,84282473.0,145000.0,2270.0,4.4,2000.6666,2000,2000,9,Friday,3,-20013.375
Denton County,2000,10,2000-10-01,460.0,78878528.0,146300.0,2238.0,4.3,2000.75,2000,2000,10,Sunday,4,-18713.375
Denton County,2000,11,2000-11-01,422.0,68324540.0,138800.0,2165.0,4.2,2000.8334,2000,2000,11,Wednesday,4,-26213.375
Denton County,2000,12,2000-12-01,372.0,64140494.0,150000.0,2058.0,4.0,2000.9166,2000,2000,12,Friday,4,-15013.375
Denton County,2001,1,2001-01-01,331.0,54142802.0,140800.0,2239.0,4.4,2001.0,2001,2001,1,Monday,1,-24213.375
Denton County,2001,2,2001-02-01,433.0,71832456.0,145600.0,2379.0,4.6,2001.0834,2001,2001,2,Thursday,1,-19413.375
Denton County,2001,3,2001-03-01,554.0,96747650.0,152200.0,2597.0,5.1,2001.1666,2001,2001,3,Thursday,1,-12813.375
Denton County,2001,4,2001-04-01,534.0,90681200.0,150200.0,2657.0,5.2,2001.25,2001,2001,4,Sunday,2,-14813.375
Denton County,2001,5,2001-05-01,648.0,113528240.0,148100.0,2666.0,5.2,2001.3334,2001,2001,5,Tuesday,2,-16913.375
Denton County,2001,6,2001-06-01,691.0,122951808.0,152400.0,2785.0,5.4,2001.4166,2001,2001,6,Friday,2,-12613.375
Denton County,2001,7,2001-07-01,680.0,122823514.0,154900.0,2783.0,5.4,2001.5,2001,2001,7,Sunday,3,-10113.375
Denton County,2001,8,2001-08-01,658.0,120734992.0,157000.0,2716.0,5.2,2001.5834,2001,2001,8,Wednesday,3,-8013.375
Denton County,2001,9,2001-09-01,515.0,93856208.0,153600.0,2749.0,5.2,2001.6666,2001,2001,9,Saturday,3,-11413.375
Denton County,2001,10,2001-10-01,470.0,77959276.0,144400.0,2745.0,5.2,2001.75,2001,2001,10,Monday,4,-20613.375
Denton County,2001,11,2001-11-01,450.0,78596722.0,154900.0,2597.0,4.9,2001.8334,2001,2001,11,Thursday,4,-10113.375
Denton County,2001,12,2001-12-01,496.0,84726584.0,150000.0,2497.0,4.6,2001.9166,2001,2001,12,Saturday,4,-15013.375
Denton County,2002,1,2002-01-01,399.0,65183143.0,148200.0,2676.0,4.9,2002.0,2002,2002,1,Tuesday,1,-16813.375
Denton County,2002,2,2002-02-01,491.0,87047727.0,151700.0,2753.0,5.0,2002.0834,2002,2002,2,Friday,1,-13313.375
Denton County,2002,3,2002-03-01,545.0,98736736.0,154500.0,2869.0,5.2,2002.1666,2002,2002,3,Friday,1,-10513.375
Denton County,2002,4,2002-04-01,550.0,96489237.0,155400.0,3038.0,5.5,2002.25,2002,2002,4,Monday,2,-9613.375
Denton County,2002,5,2002-05-01,654.0,115667091.0,151900.0,3088.0,5.6,2002.3334,2002,2002,5,Wednesday,2,-13113.375
Denton County,2002,6,2002-06-01,647.0,117355796.0,155200.0,3168.0,5.8,2002.4166,2002,2002,6,Saturday,2,-9813.375
Denton County,2002,7,2002-07-01,662.0,119208136.0,151500.0,3234.0,5.9,2002.5,2002,2002,7,Monday,3,-13513.375
Denton County,2002,8,2002-08-01,603.0,107530108.0,153100.0,3259.0,6.0,2002.5834,2002,2002,8,Thursday,3,-11913.375
Denton County,2002,9,2002-09-01,497.0,87066019.0,149900.0,3288.0,6.1,2002.6666,2002,2002,9,Sunday,3,-15113.375
Denton County,2002,10,2002-10-01,465.0,81183797.0,152800.0,3183.0,5.9,2002.75,2002,2002,10,Tuesday,4,-12213.375
Denton County,2002,11,2002-11-01,497.0,83935582.0,146800.0,3037.0,5.6,2002.8334,2002,2002,11,Friday,4,-18213.375
Denton County,2002,12,2002-12-01,523.0,97401578.0,153800.0,2906.0,5.3,2002.9166,2002,2002,12,Sunday,4,-11213.375
Denton County,2003,1,2003-01-01,340.0,56612032.0,144900.0,3196.0,5.9,2003.0,2003,2003,1,Wednesday,1,-20113.375
Denton County,2003,2,2003-02-01,420.0,74574074.0,149700.0,3349.0,6.3,2003.0834,2003,2003,2,Saturday,1,-15313.375
Denton County,2003,3,2003-03-01,601.0,102793457.0,149500.0,3544.0,6.6,2003.1666,2003,2003,3,Saturday,1,-15513.375
Denton County,2003,4,2003-04-01,569.0,98938037.0,152200.0,3619.0,6.7,2003.25,2003,2003,4,Tuesday,2,-12813.375
Denton County,2003,5,2003-05-01,659.0,120244730.0,155500.0,3659.0,6.8,2003.3334,2003,2003,5,Thursday,2,-9513.375
Denton County,2003,6,2003-06-01,646.0,121352070.0,161900.0,3808.0,7.0,2003.4166,2003,2003,6,Sunday,2,-3113.375
Denton County,2003,7,2003-07-01,729.0,132981252.0,156600.0,3762.0,6.9,2003.5,2003,2003,7,Tuesday,3,-8413.375
Denton County,2003,8,2003-08-01,701.0,129890513.0,158900.0,3694.0,6.7,2003.5834,2003,2003,8,Friday,3,-6113.375
Denton County,2003,9,2003-09-01,587.0,110592351.0,158000.0,3660.0,6.5,2003.6666,2003,2003,9,Monday,3,-7013.375
Denton County,2003,10,2003-10-01,550.0,94577712.0,149600.0,3611.0,6.4,2003.75,2003,2003,10,Wednesday,4,-15413.375
Denton County,2003,11,2003-11-01,428.0,77065886.0,152800.0,3532.0,6.3,2003.8334,2003,2003,11,Saturday,4,-12213.375
Denton County,2003,12,2003-12-01,513.0,93367052.0,148700.0,3415.0,6.1,2003.9166,2003,2003,12,Monday,4,-16313.375
Denton County,2004,1,2004-01-01,387.0,66859505.0,147600.0,3685.0,6.5,2004.0,2004,2004,1,Thursday,1,-17413.375
Denton County,2004,2,2004-02-01,471.0,81441406.0,152900.0,3763.0,6.6,2004.0834,2004,2004,2,Sunday,1,-12113.375
Denton County,2004,3,2004-03-01,620.0,118766270.0,155800.0,3963.0,6.9,2004.1666,2004,2004,3,Monday,1,-9213.375
Denton County,2004,4,2004-04-01,704.0,128630194.0,155000.0,4113.0,7.1,2004.25,2004,2004,4,Thursday,2,-10013.375
Denton County,2004,5,2004-05-01,732.0,136568573.0,152000.0,4161.0,7.1,2004.3334,2004,2004,5,Saturday,2,-13013.375
Denton County,2004,6,2004-06-01,818.0,160205268.0,166100.0,4121.0,6.8,2004.4166,2004,2004,6,Tuesday,2,1086.625
Denton County,2004,7,2004-07-01,795.0,140352988.0,153300.0,4052.0,6.7,2004.5,2004,2004,7,Thursday,3,-11713.375
Denton County,2004,8,2004-08-01,798.0,157614455.0,158200.0,3982.0,6.5,2004.5834,2004,2004,8,Sunday,3,-6813.375
Denton County,2004,9,2004-09-01,618.0,115141629.0,155100.0,3937.0,6.4,2004.6666,2004,2004,9,Wednesday,3,-9913.375
Denton County,2004,10,2004-10-01,578.0,104818126.0,156100.0,3818.0,6.1,2004.75,2004,2004,10,Friday,4,-8913.375
Denton County,2004,11,2004-11-01,592.0,107275006.0,157500.0,3594.0,5.7,2004.8334,2004,2004,11,Monday,4,-7513.375
Denton County,2004,12,2004-12-01,637.0,117360736.0,152900.0,3364.0,5.2,2004.9166,2004,2004,12,Wednesday,4,-12113.375
Denton County,2005,1,2005-01-01,384.0,67517007.0,149700.0,3720.0,5.8,2005.0,2005,2005,1,Saturday,1,-15313.375
Denton County,2005,2,2005-02-01,542.0,97414771.0,153900.0,3805.0,5.8,2005.0834,2005,2005,2,Tuesday,1,-11113.375
Denton County,2005,3,2005-03-01,787.0,142892852.0,154500.0,3893.0,5.9,2005.1666,2005,2005,3,Tuesday,1,-10513.375
Denton County,2005,4,2005-04-01,745.0,135005525.0,152100.0,3986.0,6.0,2005.25,2005,2005,4,Friday,2,-12913.375
Denton County,2005,5,2005-05-01,851.0,158839011.0,154900.0,3817.0,5.6,2005.3334,2005,2005,5,Sunday,2,-10113.375
Denton County,2005,6,2005-06-01,922.0,180214907.0,164000.0,3813.0,5.5,2005.4166,2005,2005,6,Wednesday,2,-1013.375
Denton County,2005,7,2005-07-01,827.0,158358437.0,161000.0,3919.0,5.7,2005.5,2005,2005,7,Friday,3,-4013.375
Denton County,2005,8,2005-08-01,838.0,166121992.0,163100.0,,,2005.5834,2005,2005,8,Monday,3,-1913.375
Denton County,2005,9,2005-09-01,703.0,143884180.0,159400.0,3646.0,5.2,2005.6666,2005,2005,9,Thursday,3,-5613.375
Denton County,2005,10,2005-10-01,656.0,124531473.0,158600.0,3582.0,5.1,2005.75,2005,2005,10,Saturday,4,-6413.375
Denton County,2005,11,2005-11-01,664.0,132246868.0,164200.0,3466.0,4.9,2005.8334,2005,2005,11,Tuesday,4,-813.375
Denton County,2005,12,2005-12-01,666.0,128708133.0,160000.0,3179.0,4.4,2005.9166,2005,2005,12,Thursday,4,-5013.375
Denton County,2006,1,2006-01-01,460.0,85540058.0,156800.0,3287.0,4.6,2006.0,2006,2006,1,Sunday,1,-8213.375
Denton County,2006,2,2006-02-01,621.0,114292576.0,152900.0,3259.0,4.5,2006.0834,2006,2006,2,Wednesday,1,-12113.375
Denton County,2006,3,2006-03-01,813.0,152511903.0,159000.0,3399.0,4.7,2006.1666,2006,2006,3,Wednesday,1,-6013.375
Denton County,2006,4,2006-04-01,744.0,145244198.0,162300.0,3571.0,4.9,2006.25,2006,2006,4,Saturday,2,-2713.375
Denton County,2006,5,2006-05-01,893.0,181273927.0,165700.0,3627.0,4.9,2006.3334,2006,2006,5,Monday,2,686.625
Denton County,2006,6,2006-06-01,1025.0,213038620.0,169400.0,3662.0,4.9,2006.4166,2006,2006,6,Thursday,2,4386.625
Denton County,2006,7,2006-07-01,871.0,171976915.0,165100.0,3725.0,5.0,2006.5,2006,2006,7,Saturday,3,86.625
Denton County,2006,8,2006-08-01,891.0,177380410.0,163900.0,3686.0,4.9,2006.5834,2006,2006,8,Tuesday,3,-1113.375
Denton County,2006,9,2006-09-01,709.0,133617412.0,155000.0,3649.0,4.9,2006.6666,2006,2006,9,Friday,3,-10013.375
Denton County,2006,10,2006-10-01,653.0,126003124.0,158800.0,3542.0,4.7,2006.75,2006,2006,10,Sunday,4,-6213.375
Denton County,2006,11,2006-11-01,616.0,123700225.0,168500.0,3435.0,4.6,2006.8334,2006,2006,11,Wednesday,4,3486.625
Denton County,2006,12,2006-12-01,631.0,127127223.0,162000.0,3241.0,4.4,2006.9166,2006,2006,12,Friday,4,-3013.375
Denton County,2007,1,2007-01-01,486.0,96358603.0,159600.0,3397.0,4.6,2007.0,2007,2007,1,Monday,1,-5413.375
Denton County,2007,2,2007-02-01,563.0,107879940.0,156000.0,3564.0,4.8,2007.0834,2007,2007,2,Thursday,1,-9013.375
Denton County,2007,3,2007-03-01,756.0,152978919.0,168900.0,3844.0,5.2,2007.1666,2007,2007,3,Thursday,1,3886.625
Denton County,2007,4,2007-04-01,690.0,140499001.0,165600.0,4026.0,5.5,2007.25,2007,2007,4,Sunday,2,586.625
Denton County,2007,5,2007-05-01,815.0,171181622.0,164500.0,4029.0,5.6,2007.3334,2007,2007,5,Tuesday,2,-513.375
Denton County,2007,6,2007-06-01,916.0,205837728.0,173200.0,4076.0,5.7,2007.4166,2007,2007,6,Friday,2,8186.625
Denton County,2007,7,2007-07-01,902.0,188843444.0,168600.0,4021.0,5.6,2007.5,2007,2007,7,Sunday,3,3586.625
Denton County,2007,8,2007-08-01,874.0,190380206.0,176500.0,3923.0,5.5,2007.5834,2007,2007,8,Wednesday,3,11486.625
Denton County,2007,9,2007-09-01,514.0,106423825.0,170700.0,3872.0,5.5,2007.6666,2007,2007,9,Saturday,3,5686.625
Denton County,2007,10,2007-10-01,614.0,126403124.0,163000.0,3712.0,5.3,2007.75,2007,2007,10,Monday,4,-2013.375
Denton County,2007,11,2007-11-01,498.0,101384825.0,159500.0,3511.0,5.1,2007.8334,2007,2007,11,Thursday,4,-5513.375
Denton County,2007,12,2007-12-01,500.0,100623381.0,157900.0,3170.0,4.7,2007.9166,2007,2007,12,Saturday,4,-7113.375
Denton County,2008,1,2008-01-01,410.0,83795577.0,158100.0,3361.0,5.0,2008.0,2008,2008,1,Tuesday,1,-6913.375
Denton County,2008,2,2008-02-01,531.0,97450504.0,154900.0,3395.0,5.1,2008.0834,2008,2008,2,Friday,1,-10113.375
Denton County,2008,3,2008-03-01,573.0,116046713.0,164800.0,3600.0,5.5,2008.1666,2008,2008,3,Saturday,1,-213.375
Denton County,2008,4,2008-04-01,601.0,112518386.0,152000.0,3739.0,5.8,2008.25,2008,2008,4,Tuesday,2,-13013.375
Denton County,2008,5,2008-05-01,727.0,144373011.0,163100.0,3718.0,5.8,2008.3334,2008,2008,5,Thursday,2,-1913.375
Denton County,2008,6,2008-06-01,757.0,152796286.0,163800.0,3748.0,6.0,2008.4166,2008,2008,6,Sunday,2,-1213.375
Denton County,2008,7,2008-07-01,751.0,149147214.0,164100.0,3589.0,5.9,2008.5,2008,2008,7,Tuesday,3,-913.375
Denton County,2008,8,2008-08-01,710.0,146739165.0,167600.0,3465.0,5.8,2008.5834,2008,2008,8,Friday,3,2586.625
Denton County,2008,9,2008-09-01,573.0,110292306.0,161900.0,3360.0,5.6,2008.6666,2008,2008,9,Monday,3,-3113.375
Denton County,2008,10,2008-10-01,473.0,90656428.0,158500.0,3196.0,5.4,2008.75,2008,2008,10,Wednesday,4,-6513.375
Denton County,2008,11,2008-11-01,355.0,66933662.0,153700.0,3098.0,5.3,2008.8334,2008,2008,11,Saturday,4,-11313.375
Denton County,2008,12,2008-12-01,422.0,79108682.0,152500.0,2849.0,5.0,2008.9166,2008,2008,12,Monday,4,-12513.375
Denton County,2009,1,2009-01-01,269.0,47699558.0,148800.0,2981.0,5.3,2009.0,2009,2009,1,Thursday,1,-16213.375
Denton County,2009,2,2009-02-01,415.0,77767397.0,160200.0,3094.0,5.6,2009.0834,2009,2009,2,Sunday,1,-4813.375
Denton County,2009,3,2009-03-01,477.0,89014225.0,156000.0,3264.0,6.0,2009.1666,2009,2009,3,Sunday,1,-9013.375
Denton County,2009,4,2009-04-01,500.0,93235665.0,153800.0,3363.0,6.3,2009.25,2009,2009,4,Wednesday,2,-11213.375
Denton County,2009,5,2009-05-01,574.0,113931185.0,168400.0,3436.0,6.6,2009.3334,2009,2009,5,Friday,2,3386.625
Denton County,2009,6,2009-06-01,709.0,142095255.0,163500.0,3108.0,6.0,2009.4166,2009,2009,6,Monday,2,-1513.375
Denton County,2009,7,2009-07-01,753.0,148036697.0,166600.0,3083.0,5.9,2009.5,2009,2009,7,Wednesday,3,1586.625
Denton County,2009,8,2009-08-01,596.0,118685377.0,163700.0,3073.0,6.0,2009.5834,2009,2009,8,Saturday,3,-1313.375
Denton County,2009,9,2009-09-01,538.0,101924813.0,156900.0,2937.0,5.8,2009.6666,2009,2009,9,Tuesday,3,-8113.375
Denton County,2009,10,2009-10-01,578.0,111513100.0,156300.0,2743.0,5.3,2009.75,2009,2009,10,Thursday,4,-8713.375
Denton County,2009,11,2009-11-01,537.0,96661498.0,156300.0,2694.0,5.1,2009.8334,2009,2009,11,Sunday,4,-8713.375
Denton County,2009,12,2009-12-01,466.0,89702679.0,156400.0,2537.0,4.7,2009.9166,2009,2009,12,Tuesday,4,-8613.375
Denton County,2010,1,2010-01-01,287.0,55563609.0,158800.0,2787.0,5.2,2010.0,2010,2010,1,Friday,1,-6213.375
Denton County,2010,2,2010-02-01,362.0,66173005.0,155200.0,2933.0,5.5,2010.0834,2010,2010,2,Monday,1,-9813.375
Denton County,2010,3,2010-03-01,560.0,103920836.0,160000.0,3084.0,5.7,2010.1666,2010,2010,3,Monday,1,-5013.375
Denton County,2010,4,2010-04-01,749.0,138329478.0,156800.0,3046.0,5.4,2010.25,2010,2010,4,Thursday,2,-8213.375
Denton County,2010,5,2010-05-01,772.0,152111955.0,164600.0,3281.0,5.7,2010.3334,2010,2010,5,Saturday,2,-413.375
Denton County,2010,6,2010-06-01,642.0,133079491.0,169900.0,3536.0,6.2,2010.4166,2010,2010,6,Tuesday,2,4886.625
Denton County,2010,7,2010-07-01,442.0,97371182.0,175300.0,3659.0,6.7,2010.5,2010,2010,7,Thursday,3,10286.625
Denton County,2010,8,2010-08-01,477.0,101465042.0,172000.0,3535.0,6.6,2010.5834,2010,2010,8,Sunday,3,6986.625
Denton County,2010,9,2010-09-01,432.0,79441541.0,159700.0,3373.0,6.4,2010.6666,2010,2010,9,Wednesday,3,-5313.375
Denton County,2010,10,2010-10-01,425.0,83180544.0,161500.0,3257.0,6.4,2010.75,2010,2010,10,Friday,4,-3513.375
Denton County,2010,11,2010-11-01,369.0,72901476.0,162200.0,3111.0,6.2,2010.8334,2010,2010,11,Monday,4,-2813.375
Denton County,2010,12,2010-12-01,436.0,92643336.0,159600.0,2942.0,5.9,2010.9166,2010,2010,12,Wednesday,4,-5413.375
Denton County,2011,1,2011-01-01,310.0,58476571.0,155700.0,2954.0,5.9,2011.0,2011,2011,1,Saturday,1,-9313.375
Denton County,2011,2,2011-02-01,306.0,59888384.0,158900.0,2978.0,6.0,2011.0834,2011,2011,2,Tuesday,1,-6113.375
Denton County,2011,3,2011-03-01,470.0,92493584.0,152500.0,3171.0,6.5,2011.1666,2011,2011,3,Tuesday,1,-12513.375
Denton County,2011,4,2011-04-01,527.0,102936173.0,155000.0,3257.0,7.0,2011.25,2011,2011,4,Friday,2,-10013.375
Denton County,2011,5,2011-05-01,608.0,121803180.0,163900.0,3221.0,7.1,2011.3334,2011,2011,5,Sunday,2,-1113.375
Denton County,2011,6,2011-06-01,659.0,133449312.0,162400.0,3177.0,7.0,2011.4166,2011,2011,6,Wednesday,2,-2613.375
Denton County,2011,7,2011-07-01,635.0,126222829.0,164600.0,3123.0,6.6,2011.5,2011,2011,7,Friday,3,-413.375
Denton County,2011,8,2011-08-01,648.0,135278687.0,163800.0,2881.0,5.9,2011.5834,2011,2011,8,Monday,3,-1213.375
Denton County,2011,9,2011-09-01,520.0,98160567.0,157900.0,2707.0,5.5,2011.6666,2011,2011,9,Thursday,3,-7113.375
Denton County,2011,10,2011-10-01,442.0,88263064.0,162600.0,2593.0,5.2,2011.75,2011,2011,10,Saturday,4,-2413.375
Denton County,2011,11,2011-11-01,450.0,88468082.0,155300.0,2446.0,4.9,2011.8334,2011,2011,11,Tuesday,4,-9713.375
Denton County,2011,12,2011-12-01,466.0,91599028.0,158700.0,2202.0,4.4,2011.9166,2011,2011,12,Thursday,4,-6313.375
Denton County,2012,1,2012-01-01,336.0,63120983.0,153900.0,2192.0,4.3,2012.0,2012,2012,1,Sunday,1,-11113.375
Denton County,2012,2,2012-02-01,450.0,88553319.0,161700.0,2265.0,4.4,2012.0834,2012,2012,2,Wednesday,1,-3313.375
Denton County,2012,3,2012-03-01,597.0,116490590.0,163300.0,2380.0,4.5,2012.1666,2012,2012,3,Thursday,1,-1713.375
Denton County,2012,4,2012-04-01,700.0,172600291.0,165300.0,2442.0,4.5,2012.25,2012,2012,4,Sunday,2,286.625
Denton County,2012,5,2012-05-01,737.0,151744881.0,172100.0,2531.0,4.6,2012.3334,2012,2012,5,Tuesday,2,7086.625
Denton County,2012,6,2012-06-01,784.0,169099769.0,182500.0,2453.0,4.4,2012.4166,2012,2012,6,Friday,2,17486.625
Denton County,2012,7,2012-07-01,751.0,160106187.0,174300.0,2358.0,4.1,2012.5,2012,2012,7,Sunday,3,9286.625
Denton County,2012,8,2012-08-01,892.0,186621301.0,175500.0,2161.0,3.6,2012.5834,2012,2012,8,Wednesday,3,10486.625
Denton County,2012,9,2012-09-01,620.0,133061244.0,176100.0,2031.0,3.4,2012.6666,2012,2012,9,Saturday,3,11086.625
Denton County,2012,10,2012-10-01,681.0,130653945.0,165700.0,1881.0,3.0,2012.75,2012,2012,10,Monday,4,686.625
Denton County,2012,11,2012-11-01,576.0,120915477.0,175300.0,1760.0,2.8,2012.8334,2012,2012,11,Thursday,4,10286.625
Denton County,2012,12,2012-12-01,563.0,118842450.0,177500.0,1546.0,2.4,2012.9166,2012,2012,12,Saturday,4,12486.625
Denton County,2013,1,2013-01-01,505.0,99509075.0,168700.0,1531.0,2.3,2013.0,2013,2013,1,Tuesday,1,3686.625
Denton County,2013,2,2013-02-01,563.0,110127434.0,167500.0,1519.0,2.3,2013.0834,2013,2013,2,Friday,1,2486.625
Denton County,2013,3,2013-03-01,738.0,157172639.0,177600.0,1565.0,2.3,2013.1666,2013,2013,3,Friday,1,12586.625
Denton County,2013,4,2013-04-01,869.0,200598630.0,185700.0,1588.0,2.3,2013.25,2013,2013,4,Monday,2,20686.625
Denton County,2013,5,2013-05-01,981.0,219069561.0,188600.0,1669.0,2.3,2013.3334,2013,2013,5,Wednesday,2,23586.625
Denton County,2013,6,2013-06-01,924.0,211107663.0,191500.0,1751.0,2.4,2013.4166,2013,2013,6,Saturday,2,26486.625
Denton County,2013,7,2013-07-01,1050.0,245184975.0,193900.0,1834.0,2.5,2013.5,2013,2013,7,Monday,3,28886.625
Denton County,2013,8,2013-08-01,1016.0,236513793.0,194500.0,1765.0,2.3,2013.5834,2013,2013,8,Thursday,3,29486.625
Denton County,2013,9,2013-09-01,796.0,170868690.0,180000.0,1696.0,2.2,2013.6666,2013,2013,9,Sunday,3,14986.625
Denton County,2013,10,2013-10-01,708.0,161284866.0,190000.0,1606.0,2.1,2013.75,2013,2013,10,Tuesday,4,24986.625
Denton County,2013,11,2013-11-01,641.0,138868018.0,186900.0,1471.0,1.9,2013.8334,2013,2013,11,Friday,4,21886.625
Denton County,2013,12,2013-12-01,629.0,141579248.0,185300.0,1331.0,1.7,2013.9166,2013,2013,12,Sunday,4,20286.625
Denton County,2014,1,2014-01-01,457.0,98131230.0,185400.0,1354.0,1.7,2014.0,2014,2014,1,Wednesday,1,20386.625
Denton County,2014,2,2014-02-01,556.0,124864412.0,188600.0,1408.0,1.8,2014.0834,2014,2014,2,Saturday,1,23586.625
Denton County,2014,3,2014-03-01,768.0,177843335.0,197100.0,1399.0,1.8,2014.1666,2014,2014,3,Saturday,1,32086.625
Denton County,2014,4,2014-04-01,851.0,207376227.0,202300.0,1502.0,1.9,2014.25,2014,2014,4,Tuesday,2,37286.625
Denton County,2014,5,2014-05-01,956.0,232927665.0,206900.0,1678.0,2.2,2014.3334,2014,2014,5,Thursday,2,41886.625
Denton County,2014,6,2014-06-01,1056.0,263671306.0,215900.0,1743.0,2.2,2014.4166,2014,2014,6,Sunday,2,50886.625
Denton County,2014,7,2014-07-01,1067.0,258743721.0,209500.0,1810.0,2.3,2014.5,2014,2014,7,Tuesday,3,44486.625
Denton County,2014,8,2014-08-01,1015.0,241086882.0,208100.0,1745.0,2.2,2014.5834,2014,2014,8,Friday,3,43086.625
Denton County,2014,9,2014-09-01,825.0,220547273.0,208000.0,1576.0,2.0,2014.6666,2014,2014,9,Monday,3,42986.625
Denton County,2014,10,2014-10-01,819.0,192889783.0,196800.0,1502.0,1.9,2014.75,2014,2014,10,Wednesday,4,31786.625
Denton County,2014,11,2014-11-01,611.0,147224335.0,212100.0,1358.0,1.7,2014.8334,2014,2014,11,Saturday,4,47086.625
Denton County,2014,12,2014-12-01,745.0,185305076.0,211600.0,1193.0,1.5,2014.9166,2014,2014,12,Monday,4,46586.625
Denton County,2015,1,2015-01-01,477.0,122341947.0,216100.0,1151.0,1.4,2015.0,2015,2015,1,Thursday,1,51086.625
Denton County,2015,2,2015-02-01,592.0,146757193.0,212500.0,1114.0,1.4,2015.0834,2015,2015,2,Sunday,1,47486.625
Denton County,2015,3,2015-03-01,771.0,198837658.0,226300.0,1196.0,1.5,2015.1666,2015,2015,3,Sunday,1,61286.625
Denton County,2015,4,2015-04-01,867.0,229865291.0,235400.0,1243.0,1.5,2015.25,2015,2015,4,Wednesday,2,70386.625
Denton County,2015,5,2015-05-01,1015.0,278865996.0,239500.0,1422.0,1.7,2015.3334,2015,2015,5,Friday,2,74486.625
Denton County,2015,6,2015-06-01,1125.0,306978637.0,238000.0,1635.0,2.0,2015.4166,2015,2015,6,Monday,2,72986.625
Denton County,2015,7,2015-07-01,1161.0,303559728.0,229200.0,1817.0,2.2,2015.5,2015,2015,7,Wednesday,3,64186.625
El Paso,2000,1,2000-01-01,306.0,31525000.0,82100.0,2512.0,5.8,2000.0,2000,2000,1,Saturday,1,-36343.312
El Paso,2000,2,2000-02-01,346.0,32300000.0,76600.0,2572.0,5.9,2000.0834,2000,2000,2,Tuesday,1,-41843.312
El Paso,2000,3,2000-03-01,492.0,47505000.0,77100.0,2549.0,5.8,2000.1666,2000,2000,3,Wednesday,1,-41343.312
El Paso,2000,4,2000-04-01,382.0,37915000.0,79400.0,2525.0,5.9,2000.25,2000,2000,4,Saturday,2,-39043.312
El Paso,2000,5,2000-05-01,459.0,43335000.0,80100.0,2552.0,5.9,2000.3334,2000,2000,5,Monday,2,-38343.312
El Paso,2000,6,2000-06-01,486.0,47880000.0,83200.0,,,2000.4166,2000,2000,6,Thursday,2,-35243.312
El Paso,2000,7,2000-07-01,422.0,42925000.0,82600.0,2685.0,6.4,2000.5,2000,2000,7,Saturday,3,-35843.312
El Paso,2000,8,2000-08-01,538.0,53800000.0,81700.0,3396.0,8.0,2000.5834,2000,2000,8,Tuesday,3,-36743.312
El Paso,2000,9,2000-09-01,382.0,36775000.0,78300.0,2661.0,6.3,2000.6666,2000,2000,9,Friday,3,-40143.312
El Paso,2000,10,2000-10-01,392.0,40535000.0,81900.0,2704.0,6.5,2000.75,2000,2000,10,Sunday,4,-36543.312
El Paso,2000,11,2000-11-01,412.0,41830000.0,84300.0,2704.0,6.5,2000.8334,2000,2000,11,Wednesday,4,-34143.312
El Paso,2000,12,2000-12-01,492.0,45465000.0,80400.0,2426.0,5.7,2000.9166,2000,2000,12,Friday,4,-38043.312
El Paso,2001,1,2001-01-01,327.0,34190000.0,86000.0,2588.0,6.1,2001.0,2001,2001,1,Monday,1,-32443.312
El Paso,2001,2,2001-02-01,351.0,35830000.0,80500.0,2687.0,6.3,2001.0834,2001,2001,2,Thursday,1,-37943.312
El Paso,2001,3,2001-03-01,441.0,42450000.0,82800.0,3420.0,8.1,2001.1666,2001,2001,3,Thursday,1,-35643.312
El Paso,2001,4,2001-04-01,402.0,41400000.0,86400.0,3523.0,8.3,2001.25,2001,2001,4,Sunday,2,-32043.312
El Paso,2001,5,2001-05-01,495.0,50430000.0,85600.0,3514.0,8.2,2001.3334,2001,2001,5,Tuesday,2,-32843.312
El Paso,2001,6,2001-06-01,479.0,57990000.0,99400.0,3482.0,8.1,2001.4166,2001,2001,6,Friday,2,-19043.312
El Paso,2001,7,2001-07-01,464.0,49740000.0,88500.0,3514.0,8.1,2001.5,2001,2001,7,Sunday,3,-29943.312
El Paso,2001,8,2001-08-01,478.0,50295000.0,90600.0,3515.0,8.2,2001.5834,2001,2001,8,Wednesday,3,-27843.312
El Paso,2001,9,2001-09-01,415.0,45305000.0,87900.0,3515.0,8.2,2001.6666,2001,2001,9,Saturday,3,-30543.312
El Paso,2001,10,2001-10-01,443.0,46120000.0,86600.0,3352.0,7.7,2001.75,2001,2001,10,Monday,4,-31843.312
El Paso,2001,11,2001-11-01,381.0,39455000.0,84500.0,3213.0,7.5,2001.8334,2001,2001,11,Thursday,4,-33943.312
El Paso,2001,12,2001-12-01,381.0,39040000.0,83100.0,2979.0,7.1,2001.9166,2001,2001,12,Saturday,4,-35343.312
El Paso,2002,1,2002-01-01,411.0,41360000.0,84700.0,3117.0,7.3,2002.0,2002,2002,1,Tuesday,1,-33743.312
El Paso,2002,2,2002-02-01,354.0,38655000.0,86600.0,3070.0,7.2,2002.0834,2002,2002,2,Friday,1,-31843.312
El Paso,2002,3,2002-03-01,437.0,46940000.0,87900.0,3127.0,7.3,2002.1666,2002,2002,3,Friday,1,-30543.312
El Paso,2002,4,2002-04-01,569.0,54015000.0,82300.0,3107.0,7.0,2002.25,2002,2002,4,Monday,2,-36143.312
El Paso,2002,5,2002-05-01,416.0,44530000.0,87900.0,3114.0,7.1,2002.3334,2002,2002,5,Wednesday,2,-30543.312
El Paso,2002,6,2002-06-01,449.0,50530000.0,93400.0,3187.0,7.4,2002.4166,2002,2002,6,Saturday,2,-25043.312
El Paso,2002,7,2002-07-01,469.0,54775000.0,92400.0,3236.0,7.5,2002.5,2002,2002,7,Monday,3,-26043.312
El Paso,2002,8,2002-08-01,506.0,54035000.0,88500.0,3288.0,7.5,2002.5834,2002,2002,8,Thursday,3,-29943.312
El Paso,2002,9,2002-09-01,453.0,47495000.0,88400.0,3284.0,7.5,2002.6666,2002,2002,9,Sunday,3,-30043.312
El Paso,2002,10,2002-10-01,558.0,63565000.0,94800.0,3289.0,7.3,2002.75,2002,2002,10,Tuesday,4,-23643.312
El Paso,2002,11,2002-11-01,401.0,45815000.0,90400.0,3072.0,6.8,2002.8334,2002,2002,11,Friday,4,-28043.312
El Paso,2002,12,2002-12-01,411.0,44880000.0,88700.0,2853.0,6.3,2002.9166,2002,2002,12,Sunday,4,-29743.312
El Paso,2003,1,2003-01-01,383.0,42705000.0,88600.0,2991.0,6.6,2003.0,2003,2003,1,Wednesday,1,-29843.312
El Paso,2003,2,2003-02-01,355.0,38205000.0,89900.0,3063.0,6.8,2003.0834,2003,2003,2,Saturday,1,-28543.312
El Paso,2003,3,2003-03-01,577.0,61185000.0,86100.0,3289.0,7.1,2003.1666,2003,2003,3,Saturday,1,-32343.312
El Paso,2003,4,2003-04-01,503.0,54185000.0,88100.0,3282.0,7.2,2003.25,2003,2003,4,Tuesday,2,-30343.312
El Paso,2003,5,2003-05-01,557.0,58245000.0,89000.0,3004.0,6.4,2003.3334,2003,2003,5,Thursday,2,-29443.312
El Paso,2003,6,2003-06-01,540.0,66375000.0,100000.0,3108.0,6.5,2003.4166,2003,2003,6,Sunday,2,-18443.312
El Paso,2003,7,2003-07-01,551.0,65955000.0,96900.0,3228.0,6.7,2003.5,2003,2003,7,Tuesday,3,-21543.312
El Paso,2003,8,2003-08-01,584.0,66400000.0,95700.0,3233.0,6.6,2003.5834,2003,2003,8,Friday,3,-22743.312
El Paso,2003,9,2003-09-01,602.0,66640000.0,92600.0,3291.0,6.6,2003.6666,2003,2003,9,Monday,3,-25843.312
El Paso,2003,10,2003-10-01,551.0,62140000.0,92100.0,3242.0,6.5,2003.75,2003,2003,10,Wednesday,4,-26343.312
El Paso,2003,11,2003-11-01,427.0,46840000.0,92200.0,3173.0,6.3,2003.8334,2003,2003,11,Saturday,4,-26243.312
El Paso,2003,12,2003-12-01,609.0,71320000.0,97800.0,2929.0,5.6,2003.9166,2003,2003,12,Monday,4,-20643.312
El Paso,2004,1,2004-01-01,435.0,48330000.0,93500.0,3028.0,5.8,2004.0,2004,2004,1,Thursday,1,-24943.312
El Paso,2004,2,2004-02-01,441.0,48215000.0,89600.0,3162.0,6.0,2004.0834,2004,2004,2,Sunday,1,-28843.312
El Paso,2004,3,2004-03-01,551.0,60105000.0,89000.0,3288.0,6.2,2004.1666,2004,2004,3,Monday,1,-29443.312
El Paso,2004,4,2004-04-01,579.0,64980000.0,89900.0,3320.0,6.2,2004.25,2004,2004,4,Thursday,2,-28543.312
El Paso,2004,5,2004-05-01,576.0,68890000.0,97500.0,3271.0,6.1,2004.3334,2004,2004,5,Saturday,2,-20943.312
El Paso,2004,6,2004-06-01,586.0,72925000.0,97200.0,,,2004.4166,2004,2004,6,Tuesday,2,-21243.312
El Paso,2004,7,2004-07-01,619.0,77745000.0,99900.0,,,2004.5,2004,2004,7,Thursday,3,-18543.312
El Paso,2004,8,2004-08-01,462.0,54045000.0,95400.0,,,2004.5834,2004,2004,8,Sunday,3,-23043.312
El Paso,2004,9,2004-09-01,294.0,29910000.0,85800.0,,,2004.6666,2004,2004,9,Wednesday,3,-32643.312
El Paso,2004,10,2004-10-01,484.0,56625000.0,94800.0,,,2004.75,2004,2004,10,Friday,4,-23643.312
El Paso,2004,11,2004-11-01,470.0,55690000.0,96200.0,,,2004.8334,2004,2004,11,Monday,4,-22243.312
El Paso,2004,12,2004-12-01,467.0,56610000.0,98200.0,,,2004.9166,2004,2004,12,Wednesday,4,-20243.312
El Paso,2005,1,2005-01-01,229.0,28630000.0,99200.0,,,2005.0,2005,2005,1,Saturday,1,-19243.312
El Paso,2005,2,2005-02-01,374.0,45825000.0,103400.0,,,2005.0834,2005,2005,2,Tuesday,1,-15043.3125
El Paso,2005,3,2005-03-01,576.0,72700000.0,108700.0,,,2005.1666,2005,2005,3,Tuesday,1,-9743.3125
El Paso,2005,4,2005-04-01,547.0,68630000.0,107000.0,,,2005.25,2005,2005,4,Friday,2,-11443.3125
El Paso,2005,5,2005-05-01,559.0,71090000.0,104300.0,,,2005.3334,2005,2005,5,Sunday,2,-14143.3125
El Paso,2005,6,2005-06-01,421.0,49230000.0,106100.0,,,2005.4166,2005,2005,6,Wednesday,2,-12343.3125
El Paso,2005,7,2005-07-01,420.0,49900000.0,110400.0,,,2005.5,2005,2005,7,Friday,3,-8043.3125
El Paso,2005,8,2005-08-01,443.0,51935000.0,109800.0,,,2005.5834,2005,2005,8,Monday,3,-8643.3125
El Paso,2005,9,2005-09-01,356.0,42290000.0,111300.0,,,2005.6666,2005,2005,9,Thursday,3,-7143.3125
El Paso,2005,10,2005-10-01,513.0,70200000.0,113700.0,,,2005.75,2005,2005,10,Saturday,4,-4743.3125
El Paso,2005,11,2005-11-01,470.0,66360000.0,120000.0,,,2005.8334,2005,2005,11,Tuesday,4,1556.6875
El Paso,2005,12,2005-12-01,444.0,64555000.0,124700.0,,,2005.9166,2005,2005,12,Thursday,4,6256.6875
El Paso,2006,1,2006-01-01,388.0,53090000.0,112500.0,,,2006.0,2006,2006,1,Sunday,1,-5943.3125
El Paso,2006,2,2006-02-01,448.0,63160000.0,120400.0,,,2006.0834,2006,2006,2,Wednesday,1,1956.6875
El Paso,2006,3,2006-03-01,637.0,93655000.0,125900.0,,,2006.1666,2006,2006,3,Wednesday,1,7456.6875
El Paso,2006,4,2006-04-01,518.0,73125000.0,120400.0,,,2006.25,2006,2006,4,Saturday,2,1956.6875
El Paso,2006,5,2006-05-01,607.0,95935000.0,128600.0,,,2006.3334,2006,2006,5,Monday,2,10156.6875
El Paso,2006,6,2006-06-01,659.0,101085000.0,129900.0,1769.0,3.6,2006.4166,2006,2006,6,Thursday,2,11456.6875
El Paso,2006,7,2006-07-01,620.0,95010000.0,129600.0,2178.0,4.3,2006.5,2006,2006,7,Saturday,3,11156.6875
El Paso,2006,8,2006-08-01,774.0,117570000.0,129500.0,2300.0,4.3,2006.5834,2006,2006,8,Tuesday,3,11056.6875
El Paso,2006,9,2006-09-01,646.0,99280000.0,127000.0,2578.0,4.6,2006.6666,2006,2006,9,Friday,3,8556.6875
El Paso,2006,10,2006-10-01,557.0,87815000.0,131000.0,2548.0,4.5,2006.75,2006,2006,10,Sunday,4,12556.6875
El Paso,2006,11,2006-11-01,556.0,85835000.0,131400.0,2711.0,4.7,2006.8334,2006,2006,11,Wednesday,4,12956.6875
El Paso,2006,12,2006-12-01,555.0,88225000.0,133800.0,2554.0,4.4,2006.9166,2006,2006,12,Friday,4,15356.6875
El Paso,2007,1,2007-01-01,492.0,70090000.0,124800.0,2554.0,4.3,2007.0,2007,2007,1,Monday,1,6356.6875
El Paso,2007,2,2007-02-01,503.0,76125000.0,124000.0,2787.0,4.7,2007.0834,2007,2007,2,Thursday,1,5556.6875
El Paso,2007,3,2007-03-01,612.0,94925000.0,129200.0,1272.0,2.2,2007.1666,2007,2007,3,Thursday,1,10756.6875
El Paso,2007,4,2007-04-01,642.0,96675000.0,128100.0,3241.0,5.4,2007.25,2007,2007,4,Sunday,2,9656.6875
El Paso,2007,5,2007-05-01,640.0,97535000.0,130200.0,3159.0,5.2,2007.3334,2007,2007,5,Tuesday,2,11756.6875
El Paso,2007,6,2007-06-01,607.0,100975000.0,138900.0,3589.0,6.0,2007.4166,2007,2007,6,Friday,2,20456.688
El Paso,2007,7,2007-07-01,573.0,91810000.0,134200.0,3791.0,6.4,2007.5,2007,2007,7,Sunday,3,15756.6875
El Paso,2007,8,2007-08-01,554.0,91570000.0,138900.0,3874.0,6.7,2007.5834,2007,2007,8,Wednesday,3,20456.688
El Paso,2007,9,2007-09-01,409.0,64025000.0,136000.0,4024.0,7.2,2007.6666,2007,2007,9,Saturday,3,17556.688
El Paso,2007,10,2007-10-01,439.0,68665000.0,130900.0,4337.0,7.9,2007.75,2007,2007,10,Monday,4,12456.6875
El Paso,2007,11,2007-11-01,387.0,64305000.0,133600.0,4292.0,8.0,2007.8334,2007,2007,11,Thursday,4,15156.6875
El Paso,2007,12,2007-12-01,362.0,55590000.0,133500.0,4625.0,8.9,2007.9166,2007,2007,12,Saturday,4,15056.6875
El Paso,2008,1,2008-01-01,299.0,47445000.0,133200.0,4254.0,8.5,2008.0,2008,2008,1,Tuesday,1,14756.6875
El Paso,2008,2,2008-02-01,328.0,53395000.0,133800.0,4374.0,9.0,2008.0834,2008,2008,2,Friday,1,15356.6875
El Paso,2008,3,2008-03-01,419.0,66165000.0,128700.0,4714.0,10.0,2008.1666,2008,2008,3,Saturday,1,10256.6875
El Paso,2008,4,2008-04-01,292.0,44510000.0,126700.0,4840.0,10.9,2008.25,2008,2008,4,Tuesday,2,8256.6875
El Paso,2008,5,2008-05-01,429.0,70460000.0,137800.0,5155.0,12.1,2008.3334,2008,2008,5,Thursday,2,19356.688
El Paso,2008,6,2008-06-01,487.0,82190000.0,142800.0,5127.0,12.4,2008.4166,2008,2008,6,Sunday,2,24356.688
El Paso,2008,7,2008-07-01,502.0,81170000.0,138500.0,5012.0,12.3,2008.5,2008,2008,7,Tuesday,3,20056.688
El Paso,2008,8,2008-08-01,433.0,69510000.0,133300.0,5085.0,12.7,2008.5834,2008,2008,8,Friday,3,14856.6875
El Paso,2008,9,2008-09-01,449.0,71575000.0,134300.0,5096.0,12.7,2008.6666,2008,2008,9,Monday,3,15856.6875
El Paso,2008,10,2008-10-01,413.0,65445000.0,130500.0,5040.0,12.6,2008.75,2008,2008,10,Wednesday,4,12056.6875
El Paso,2008,11,2008-11-01,362.0,56495000.0,132800.0,4773.0,12.0,2008.8334,2008,2008,11,Saturday,4,14356.6875
El Paso,2008,12,2008-12-01,363.0,58035000.0,136300.0,4454.0,11.2,2008.9166,2008,2008,12,Monday,4,17856.688
El Paso,2009,1,2009-01-01,304.0,47945000.0,126900.0,4499.0,11.3,2009.0,2009,2009,1,Thursday,1,8456.6875
El Paso,2009,2,2009-02-01,326.0,49735000.0,130900.0,4530.0,11.4,2009.0834,2009,2009,2,Sunday,1,12456.6875
El Paso,2009,3,2009-03-01,435.0,67210000.0,133500.0,4578.0,11.5,2009.1666,2009,2009,3,Sunday,1,15056.6875
El Paso,2009,4,2009-04-01,381.0,59250000.0,128100.0,3982.0,9.8,2009.25,2009,2009,4,Wednesday,2,9656.6875
El Paso,2009,5,2009-05-01,440.0,65430000.0,126800.0,3940.0,9.7,2009.3334,2009,2009,5,Friday,2,8356.6875
El Paso,2009,6,2009-06-01,481.0,75185000.0,134500.0,3749.0,9.2,2009.4166,2009,2009,6,Monday,2,16056.6875
El Paso,2009,7,2009-07-01,478.0,75075000.0,135200.0,3704.0,9.1,2009.5,2009,2009,7,Wednesday,3,16756.688
El Paso,2009,8,2009-08-01,485.0,72785000.0,129600.0,3681.0,9.0,2009.5834,2009,2009,8,Saturday,3,11156.6875
El Paso,2009,9,2009-09-01,485.0,73355000.0,130000.0,3610.0,8.7,2009.6666,2009,2009,9,Tuesday,3,11556.6875
El Paso,2009,10,2009-10-01,541.0,80732411.0,131000.0,3580.0,8.5,2009.75,2009,2009,10,Thursday,4,12556.6875
El Paso,2009,11,2009-11-01,570.0,84270000.0,131900.0,3549.0,8.1,2009.8334,2009,2009,11,Sunday,4,13456.6875
El Paso,2009,12,2009-12-01,444.0,68485000.0,135000.0,3375.0,7.5,2009.9166,2009,2009,12,Tuesday,4,16556.688
El Paso,2010,1,2010-01-01,253.0,39460000.0,130700.0,3310.0,7.5,2010.0,2010,2010,1,Friday,1,12256.6875
El Paso,2010,2,2010-02-01,363.0,51595323.0,126300.0,3321.0,7.4,2010.0834,2010,2010,2,Monday,1,7856.6875
El Paso,2010,3,2010-03-01,509.0,75064093.0,126900.0,3320.0,7.3,2010.1666,2010,2010,3,Monday,1,8456.6875
El Paso,2010,4,2010-04-01,525.0,79751467.0,132200.0,3162.0,6.8,2010.25,2010,2010,4,Thursday,2,13756.6875
El Paso,2010,5,2010-05-01,569.0,84903498.0,133200.0,,,2010.3334,2010,2010,5,Saturday,2,14756.6875
El Paso,2010,6,2010-06-01,736.0,110312451.0,132600.0,3371.0,6.8,2010.4166,2010,2010,6,Tuesday,2,14156.6875
El Paso,2010,7,2010-07-01,417.0,65596150.0,139800.0,3348.0,6.8,2010.5,2010,2010,7,Thursday,3,21356.688
El Paso,2010,8,2010-08-01,437.0,72108549.0,137300.0,3381.0,6.9,2010.5834,2010,2010,8,Sunday,3,18856.688
El Paso,2010,9,2010-09-01,463.0,74459888.0,137000.0,3357.0,6.9,2010.6666,2010,2010,9,Wednesday,3,18556.688
El Paso,2010,10,2010-10-01,416.0,62499510.0,134400.0,3322.0,7.0,2010.75,2010,2010,10,Friday,4,15956.6875
El Paso,2010,11,2010-11-01,392.0,57297072.0,134100.0,3236.0,7.0,2010.8334,2010,2010,11,Monday,4,15656.6875
El Paso,2010,12,2010-12-01,464.0,70498267.0,134100.0,3076.0,6.7,2010.9166,2010,2010,12,Wednesday,4,15656.6875
El Paso,2011,1,2011-01-01,339.0,66136913.0,127900.0,3084.0,6.6,2011.0,2011,2011,1,Saturday,1,9456.6875
El Paso,2011,2,2011-02-01,287.0,44840808.0,134500.0,3023.0,6.5,2011.0834,2011,2011,2,Tuesday,1,16056.6875
El Paso,2011,3,2011-03-01,409.0,63884923.0,131800.0,2981.0,6.6,2011.1666,2011,2011,3,Tuesday,1,13356.6875
El Paso,2011,4,2011-04-01,423.0,74429226.0,133300.0,3149.0,7.1,2011.25,2011,2011,4,Friday,2,14856.6875
El Paso,2011,5,2011-05-01,414.0,61624856.0,130000.0,3188.0,7.4,2011.3334,2011,2011,5,Sunday,2,11556.6875
El Paso,2011,6,2011-06-01,462.0,71212091.0,134200.0,3266.0,8.0,2011.4166,2011,2011,6,Wednesday,2,15756.6875
El Paso,2011,7,2011-07-01,466.0,72366107.0,133900.0,3208.0,7.7,2011.5,2011,2011,7,Friday,3,15456.6875
El Paso,2011,8,2011-08-01,544.0,86547783.0,140300.0,3122.0,7.4,2011.5834,2011,2011,8,Monday,3,21856.688
El Paso,2011,9,2011-09-01,433.0,64083406.0,131200.0,3288.0,7.8,2011.6666,2011,2011,9,Thursday,3,12756.6875
El Paso,2011,10,2011-10-01,432.0,67015215.0,136900.0,3149.0,7.5,2011.75,2011,2011,10,Saturday,4,18456.688
El Paso,2011,11,2011-11-01,375.0,60621910.0,137500.0,3047.0,7.2,2011.8334,2011,2011,11,Tuesday,4,19056.688
El Paso,2011,12,2011-12-01,420.0,65448640.0,135700.0,2881.0,6.9,2011.9166,2011,2011,12,Thursday,4,17256.688
El Paso,2012,1,2012-01-01,307.0,45712532.0,130600.0,2991.0,7.2,2012.0,2012,2012,1,Sunday,1,12156.6875
El Paso,2012,2,2012-02-01,366.0,57403675.0,136000.0,3017.0,7.2,2012.0834,2012,2012,2,Wednesday,1,17556.688
El Paso,2012,3,2012-03-01,402.0,58016313.0,127700.0,3235.0,7.7,2012.1666,2012,2012,3,Thursday,1,9256.6875
El Paso,2012,4,2012-04-01,452.0,71253910.0,136000.0,3227.0,7.6,2012.25,2012,2012,4,Sunday,2,17556.688
El Paso,2012,5,2012-05-01,484.0,75158752.0,136100.0,3169.0,7.4,2012.3334,2012,2012,5,Tuesday,2,17656.688
El Paso,2012,6,2012-06-01,511.0,77261827.0,136400.0,3242.0,7.5,2012.4166,2012,2012,6,Friday,2,17956.688
El Paso,2012,7,2012-07-01,505.0,78377697.0,140700.0,3411.0,7.8,2012.5,2012,2012,7,Sunday,3,22256.688
El Paso,2012,8,2012-08-01,532.0,87310524.0,145100.0,3351.0,7.7,2012.5834,2012,2012,8,Wednesday,3,26656.688
El Paso,2012,9,2012-09-01,504.0,78251266.0,138100.0,3362.0,7.6,2012.6666,2012,2012,9,Saturday,3,19656.688
El Paso,2012,10,2012-10-01,535.0,86929465.0,140100.0,3168.0,7.0,2012.75,2012,2012,10,Monday,4,21656.688
El Paso,2012,11,2012-11-01,466.0,73476562.0,143300.0,3223.0,7.1,2012.8334,2012,2012,11,Thursday,4,24856.688
El Paso,2012,12,2012-12-01,521.0,84987737.0,148300.0,3157.0,6.8,2012.9166,2012,2012,12,Saturday,4,29856.688
El Paso,2013,1,2013-01-01,398.0,58368066.0,135300.0,3463.0,7.3,2013.0,2013,2013,1,Tuesday,1,16856.688
El Paso,2013,2,2013-02-01,350.0,54151438.0,139000.0,3425.0,7.3,2013.0834,2013,2013,2,Friday,1,20556.688
El Paso,2013,3,2013-03-01,466.0,73085856.0,141600.0,3524.0,7.4,2013.1666,2013,2013,3,Friday,1,23156.688
El Paso,2013,4,2013-04-01,527.0,82563837.0,137000.0,3461.0,7.2,2013.25,2013,2013,4,Monday,2,18556.688
El Paso,2013,5,2013-05-01,487.0,73624545.0,136500.0,3699.0,7.7,2013.3334,2013,2013,5,Wednesday,2,18056.688
El Paso,2013,6,2013-06-01,498.0,81724185.0,142900.0,3656.0,7.6,2013.4166,2013,2013,6,Saturday,2,24456.688
El Paso,2013,7,2013-07-01,635.0,106165925.0,146800.0,3851.0,7.8,2013.5,2013,2013,7,Monday,3,28356.688
El Paso,2013,8,2013-08-01,542.0,88342876.0,144800.0,3797.0,7.7,2013.5834,2013,2013,8,Thursday,3,26356.688
El Paso,2013,9,2013-09-01,503.0,79215386.0,138600.0,3904.0,7.9,2013.6666,2013,2013,9,Sunday,3,20156.688
El Paso,2013,10,2013-10-01,483.0,80904868.0,143900.0,3884.0,7.9,2013.75,2013,2013,10,Tuesday,4,25456.688
El Paso,2013,11,2013-11-01,386.0,60618046.0,140000.0,3804.0,7.9,2013.8334,2013,2013,11,Friday,4,21556.688
El Paso,2013,12,2013-12-01,531.0,84374310.0,146100.0,3690.0,7.6,2013.9166,2013,2013,12,Sunday,4,27656.688
El Paso,2014,1,2014-01-01,363.0,55617304.0,135200.0,3883.0,8.1,2014.0,2014,2014,1,Wednesday,1,16756.688
El Paso,2014,2,2014-02-01,398.0,59820714.0,136300.0,3973.0,8.2,2014.0834,2014,2014,2,Saturday,1,17856.688
El Paso,2014,3,2014-03-01,523.0,79870996.0,137300.0,4059.0,8.3,2014.1666,2014,2014,3,Saturday,1,18856.688
El Paso,2014,4,2014-04-01,559.0,85145747.0,134400.0,4095.0,8.3,2014.25,2014,2014,4,Tuesday,2,15956.6875
El Paso,2014,5,2014-05-01,519.0,83233666.0,143000.0,4100.0,8.3,2014.3334,2014,2014,5,Thursday,2,24556.688
El Paso,2014,6,2014-06-01,646.0,106404891.0,146300.0,3945.0,7.8,2014.4166,2014,2014,6,Sunday,2,27856.688
El Paso,2014,7,2014-07-01,607.0,100745229.0,147500.0,4210.0,8.3,2014.5,2014,2014,7,Tuesday,3,29056.688
El Paso,2014,8,2014-08-01,542.0,84329540.0,138300.0,4199.0,8.3,2014.5834,2014,2014,8,Friday,3,19856.688
El Paso,2014,9,2014-09-01,504.0,76174388.0,137600.0,4159.0,8.2,2014.6666,2014,2014,9,Monday,3,19156.688
El Paso,2014,10,2014-10-01,512.0,82484157.0,147600.0,4157.0,8.2,2014.75,2014,2014,10,Wednesday,4,29156.688
El Paso,2014,11,2014-11-01,470.0,71246238.0,138900.0,3950.0,7.7,2014.8334,2014,2014,11,Saturday,4,20456.688
El Paso,2014,12,2014-12-01,542.0,84854214.0,143900.0,3830.0,7.4,2014.9166,2014,2014,12,Monday,4,25456.688
El Paso,2015,1,2015-01-01,406.0,62708001.0,135200.0,3995.0,7.7,2015.0,2015,2015,1,Thursday,1,16756.688
El Paso,2015,2,2015-02-01,381.0,61029887.0,139000.0,4070.0,7.9,2015.0834,2015,2015,2,Sunday,1,20556.688
El Paso,2015,3,2015-03-01,598.0,93910307.0,141200.0,3857.0,7.4,2015.1666,2015,2015,3,Sunday,1,22756.688
El Paso,2015,4,2015-04-01,639.0,96110781.0,134500.0,4050.0,7.6,2015.25,2015,2015,4,Wednesday,2,16056.6875
El Paso,2015,5,2015-05-01,601.0,95444098.0,145100.0,3956.0,7.4,2015.3334,2015,2015,5,Friday,2,26656.688
El Paso,2015,6,2015-06-01,689.0,118116401.0,147700.0,4105.0,7.6,2015.4166,2015,2015,6,Monday,2,29256.688
El Paso,2015,7,2015-07-01,680.0,113660791.0,148600.0,4145.0,7.6,2015.5,2015,2015,7,Wednesday,3,30156.688
Fort Bend,2000,1,2000-01-01,343.0,52031964.0,129000.0,2181.0,3.8,2000.0,2000,2000,1,Saturday,1,-54688.766
Fort Bend,2000,2,2000-02-01,466.0,66803684.0,123100.0,2262.0,3.9,2000.0834,2000,2000,2,Tuesday,1,-60588.766
Fort Bend,2000,3,2000-03-01,657.0,102595686.0,125100.0,2307.0,3.9,2000.1666,2000,2000,3,Wednesday,1,-58588.766
Fort Bend,2000,4,2000-04-01,593.0,93906626.0,132900.0,2404.0,4.1,2000.25,2000,2000,4,Saturday,2,-50788.766
Fort Bend,2000,5,2000-05-01,735.0,115043495.0,129800.0,2510.0,4.2,2000.3334,2000,2000,5,Monday,2,-53888.766
Fort Bend,2000,6,2000-06-01,790.0,131697099.0,140500.0,2614.0,4.4,2000.4166,2000,2000,6,Thursday,2,-43188.766
Fort Bend,2000,7,2000-07-01,753.0,124163901.0,136700.0,2689.0,4.5,2000.5,2000,2000,7,Saturday,3,-46988.766
Fort Bend,2000,8,2000-08-01,717.0,123742572.0,138400.0,2744.0,4.6,2000.5834,2000,2000,8,Tuesday,3,-45288.766
Fort Bend,2000,9,2000-09-01,593.0,101289086.0,139900.0,2808.0,4.7,2000.6666,2000,2000,9,Friday,3,-43788.766
Fort Bend,2000,10,2000-10-01,547.0,87434242.0,130900.0,2824.0,4.7,2000.75,2000,2000,10,Sunday,4,-52788.766
Fort Bend,2000,11,2000-11-01,519.0,81629621.0,133200.0,2704.0,4.5,2000.8334,2000,2000,11,Wednesday,4,-50488.766
Fort Bend,2000,12,2000-12-01,541.0,91108799.0,140200.0,2603.0,4.3,2000.9166,2000,2000,12,Friday,4,-43488.766
Fort Bend,2001,1,2001-01-01,398.0,66140181.0,134600.0,2675.0,4.4,2001.0,2001,2001,1,Monday,1,-49088.766
Fort Bend,2001,2,2001-02-01,480.0,81248543.0,137300.0,2803.0,4.6,2001.0834,2001,2001,2,Thursday,1,-46388.766
Fort Bend,2001,3,2001-03-01,633.0,104677530.0,138800.0,2913.0,4.8,2001.1666,2001,2001,3,Thursday,1,-44888.766
Fort Bend,2001,4,2001-04-01,683.0,119127060.0,148000.0,3039.0,4.9,2001.25,2001,2001,4,Sunday,2,-35688.766
Fort Bend,2001,5,2001-05-01,715.0,117123609.0,140400.0,3026.0,4.9,2001.3334,2001,2001,5,Tuesday,2,-43288.766
Fort Bend,2001,6,2001-06-01,846.0,149508001.0,151000.0,3023.0,4.9,2001.4166,2001,2001,6,Friday,2,-32688.766
Fort Bend,2001,7,2001-07-01,848.0,143900241.0,146300.0,2936.0,4.7,2001.5,2001,2001,7,Sunday,3,-37388.766
Fort Bend,2001,8,2001-08-01,798.0,144183626.0,151200.0,2934.0,4.6,2001.5834,2001,2001,8,Wednesday,3,-32488.766
Fort Bend,2001,9,2001-09-01,527.0,88422369.0,142700.0,,,2001.6666,2001,2001,9,Saturday,3,-40988.766
Fort Bend,2001,10,2001-10-01,609.0,98253642.0,139100.0,2829.0,4.5,2001.75,2001,2001,10,Monday,4,-44588.766
Fort Bend,2001,11,2001-11-01,538.0,90223814.0,142600.0,2584.0,4.1,2001.8334,2001,2001,11,Thursday,4,-41088.766
Fort Bend,2001,12,2001-12-01,678.0,114046427.0,143000.0,2412.0,3.7,2001.9166,2001,2001,12,Saturday,4,-40688.766
Fort Bend,2002,1,2002-01-01,502.0,82709841.0,146200.0,2529.0,3.9,2002.0,2002,2002,1,Tuesday,1,-37488.766
Fort Bend,2002,2,2002-02-01,546.0,91399532.0,143200.0,2598.0,3.9,2002.0834,2002,2002,2,Friday,1,-40488.766
Fort Bend,2002,3,2002-03-01,632.0,113894405.0,149600.0,2702.0,4.1,2002.1666,2002,2002,3,Friday,1,-34088.766
Fort Bend,2002,4,2002-04-01,720.0,127032519.0,147000.0,2714.0,4.1,2002.25,2002,2002,4,Monday,2,-36688.766
Fort Bend,2002,5,2002-05-01,785.0,148323719.0,153200.0,2837.0,4.2,2002.3334,2002,2002,5,Wednesday,2,-30488.766
Fort Bend,2002,6,2002-06-01,825.0,152722907.0,154700.0,2873.0,4.3,2002.4166,2002,2002,6,Saturday,2,-28988.766
Fort Bend,2002,7,2002-07-01,846.0,154230406.0,149800.0,2980.0,4.5,2002.5,2002,2002,7,Monday,3,-33888.766
Fort Bend,2002,8,2002-08-01,751.0,139949581.0,157600.0,2987.0,4.5,2002.5834,2002,2002,8,Thursday,3,-26088.766
Fort Bend,2002,9,2002-09-01,614.0,113542881.0,155300.0,3051.0,4.6,2002.6666,2002,2002,9,Sunday,3,-28388.766
Fort Bend,2002,10,2002-10-01,601.0,108691034.0,151000.0,3046.0,4.5,2002.75,2002,2002,10,Tuesday,4,-32688.766
Fort Bend,2002,11,2002-11-01,556.0,95023815.0,151600.0,2997.0,4.5,2002.8334,2002,2002,11,Friday,4,-32088.766
Fort Bend,2002,12,2002-12-01,644.0,115243309.0,152500.0,2921.0,4.4,2002.9166,2002,2002,12,Sunday,4,-31188.766
Fort Bend,2003,1,2003-01-01,489.0,85081790.0,149500.0,3064.0,4.6,2003.0,2003,2003,1,Wednesday,1,-34188.766
Fort Bend,2003,2,2003-02-01,506.0,85779035.0,149100.0,3149.0,4.7,2003.0834,2003,2003,2,Saturday,1,-34588.766
Fort Bend,2003,3,2003-03-01,612.0,104993905.0,148900.0,3332.0,5.0,2003.1666,2003,2003,3,Saturday,1,-34788.766
Fort Bend,2003,4,2003-04-01,666.0,122695495.0,158500.0,3400.0,5.2,2003.25,2003,2003,4,Tuesday,2,-25188.766
Fort Bend,2003,5,2003-05-01,734.0,133047420.0,153100.0,3566.0,5.5,2003.3334,2003,2003,5,Thursday,2,-30588.766
Fort Bend,2003,6,2003-06-01,902.0,167378196.0,156500.0,3834.0,5.8,2003.4166,2003,2003,6,Sunday,2,-27188.766
Fort Bend,2003,7,2003-07-01,879.0,171984739.0,163500.0,3886.0,5.9,2003.5,2003,2003,7,Tuesday,3,-20188.766
Fort Bend,2003,8,2003-08-01,807.0,147958653.0,159000.0,3813.0,5.7,2003.5834,2003,2003,8,Friday,3,-24688.766
Fort Bend,2003,9,2003-09-01,756.0,138251644.0,156000.0,3852.0,5.7,2003.6666,2003,2003,9,Monday,3,-27688.766
Fort Bend,2003,10,2003-10-01,661.0,118692915.0,149200.0,3819.0,5.6,2003.75,2003,2003,10,Wednesday,4,-34488.766
Fort Bend,2003,11,2003-11-01,513.0,90945397.0,149000.0,3697.0,5.4,2003.8334,2003,2003,11,Saturday,4,-34688.766
Fort Bend,2003,12,2003-12-01,786.0,148105687.0,155400.0,3323.0,4.8,2003.9166,2003,2003,12,Monday,4,-28288.766
Fort Bend,2004,1,2004-01-01,481.0,85006400.0,143800.0,3508.0,5.1,2004.0,2004,2004,1,Thursday,1,-39888.766
Fort Bend,2004,2,2004-02-01,626.0,108715049.0,145100.0,3714.0,5.3,2004.0834,2004,2004,2,Sunday,1,-38588.766
Fort Bend,2004,3,2004-03-01,711.0,122714602.0,150300.0,3991.0,5.6,2004.1666,2004,2004,3,Monday,1,-33388.766
Fort Bend,2004,4,2004-04-01,835.0,154782429.0,151500.0,4157.0,5.7,2004.25,2004,2004,4,Thursday,2,-32188.766
Fort Bend,2004,5,2004-05-01,799.0,150631508.0,159100.0,4317.0,5.9,2004.3334,2004,2004,5,Saturday,2,-24588.766
Fort Bend,2004,6,2004-06-01,966.0,187268903.0,159800.0,4368.0,5.9,2004.4166,2004,2004,6,Tuesday,2,-23888.766
Fort Bend,2004,7,2004-07-01,939.0,175902266.0,159800.0,4330.0,5.9,2004.5,2004,2004,7,Thursday,3,-23888.766
Fort Bend,2004,8,2004-08-01,940.0,173007294.0,159800.0,4217.0,5.6,2004.5834,2004,2004,8,Sunday,3,-23888.766
Fort Bend,2004,9,2004-09-01,720.0,134965487.0,155700.0,4232.0,5.7,2004.6666,2004,2004,9,Wednesday,3,-27988.766
Fort Bend,2004,10,2004-10-01,739.0,139372678.0,152900.0,4180.0,5.5,2004.75,2004,2004,10,Friday,4,-30788.766
Fort Bend,2004,11,2004-11-01,657.0,118615865.0,152900.0,3959.0,5.2,2004.8334,2004,2004,11,Monday,4,-30788.766
Fort Bend,2004,12,2004-12-01,821.0,159943188.0,155100.0,3665.0,4.8,2004.9166,2004,2004,12,Wednesday,4,-28588.766
Fort Bend,2005,1,2005-01-01,491.0,90814157.0,154200.0,3862.0,5.0,2005.0,2005,2005,1,Saturday,1,-29488.766
Fort Bend,2005,2,2005-02-01,602.0,105857666.0,151200.0,4016.0,5.2,2005.0834,2005,2005,2,Tuesday,1,-32488.766
Fort Bend,2005,3,2005-03-01,817.0,153320421.0,153700.0,4174.0,5.4,2005.1666,2005,2005,3,Tuesday,1,-29988.766
Fort Bend,2005,4,2005-04-01,806.0,155338726.0,161300.0,4396.0,5.7,2005.25,2005,2005,4,Friday,2,-22388.766
Fort Bend,2005,5,2005-05-01,1043.0,204762471.0,163400.0,4423.0,5.6,2005.3334,2005,2005,5,Sunday,2,-20288.766
Fort Bend,2005,6,2005-06-01,1066.0,218039329.0,167600.0,4458.0,5.5,2005.4166,2005,2005,6,Wednesday,2,-16088.766
Fort Bend,2005,7,2005-07-01,1076.0,212303039.0,166700.0,4348.0,5.3,2005.5,2005,2005,7,Friday,3,-16988.766
Fort Bend,2005,8,2005-08-01,1076.0,205811046.0,163500.0,4193.0,5.1,2005.5834,2005,2005,8,Monday,3,-20188.766
Fort Bend,2005,9,2005-09-01,732.0,144454932.0,165100.0,4023.0,4.9,2005.6666,2005,2005,9,Thursday,3,-18588.766
Fort Bend,2005,10,2005-10-01,830.0,158034029.0,162100.0,3833.0,4.6,2005.75,2005,2005,10,Saturday,4,-21588.766
Fort Bend,2005,11,2005-11-01,727.0,137947237.0,158300.0,3596.0,4.3,2005.8334,2005,2005,11,Tuesday,4,-25388.766
Fort Bend,2005,12,2005-12-01,960.0,195909391.0,173600.0,3370.0,4.0,2005.9166,2005,2005,12,Thursday,4,-10088.766
Fort Bend,2006,1,2006-01-01,552.0,107451495.0,163700.0,3485.0,4.1,2006.0,2006,2006,1,Sunday,1,-19988.766
Fort Bend,2006,2,2006-02-01,693.0,136074317.0,163800.0,3509.0,4.1,2006.0834,2006,2006,2,Wednesday,1,-19888.766
Fort Bend,2006,3,2006-03-01,933.0,191084809.0,168500.0,3676.0,4.2,2006.1666,2006,2006,3,Wednesday,1,-15188.766
Fort Bend,2006,4,2006-04-01,842.0,166805402.0,163200.0,3765.0,4.3,2006.25,2006,2006,4,Saturday,2,-20488.766
Fort Bend,2006,5,2006-05-01,1075.0,223710514.0,172200.0,3744.0,4.3,2006.3334,2006,2006,5,Monday,2,-11488.766
Fort Bend,2006,6,2006-06-01,1198.0,257058221.0,176000.0,3938.0,4.4,2006.4166,2006,2006,6,Thursday,2,-7688.7656
Fort Bend,2006,7,2006-07-01,1066.0,232601872.0,182000.0,3996.0,4.5,2006.5,2006,2006,7,Saturday,3,-1688.7656
Fort Bend,2006,8,2006-08-01,1110.0,230930127.0,172300.0,4077.0,4.6,2006.5834,2006,2006,8,Tuesday,3,-11388.766
Fort Bend,2006,9,2006-09-01,912.0,190738246.0,170800.0,4074.0,4.5,2006.6666,2006,2006,9,Friday,3,-12888.766
Fort Bend,2006,10,2006-10-01,885.0,171963650.0,166200.0,4108.0,4.5,2006.75,2006,2006,10,Sunday,4,-17488.766
Fort Bend,2006,11,2006-11-01,829.0,171533451.0,170700.0,4009.0,4.4,2006.8334,2006,2006,11,Wednesday,4,-12988.766
Fort Bend,2006,12,2006-12-01,920.0,194106516.0,170800.0,3682.0,4.0,2006.9166,2006,2006,12,Friday,4,-12888.766
Fort Bend,2007,1,2007-01-01,632.0,123987870.0,165800.0,3798.0,4.1,2007.0,2007,2007,1,Monday,1,-17888.766
Fort Bend,2007,2,2007-02-01,722.0,140299152.0,164300.0,3879.0,4.2,2007.0834,2007,2007,2,Thursday,1,-19388.766
Fort Bend,2007,3,2007-03-01,958.0,199275967.0,167400.0,4211.0,4.5,2007.1666,2007,2007,3,Thursday,1,-16288.766
Fort Bend,2007,4,2007-04-01,892.0,184059503.0,175900.0,4419.0,4.7,2007.25,2007,2007,4,Sunday,2,-7788.7656
Fort Bend,2007,5,2007-05-01,1100.0,239347868.0,181600.0,4555.0,4.9,2007.3334,2007,2007,5,Tuesday,2,-2088.7656
Fort Bend,2007,6,2007-06-01,1183.0,269977921.0,187300.0,4717.0,5.0,2007.4166,2007,2007,6,Friday,2,3611.2344
Fort Bend,2007,7,2007-07-01,1102.0,242668952.0,185100.0,4749.0,5.1,2007.5,2007,2007,7,Sunday,3,1411.2344
Fort Bend,2007,8,2007-08-01,1139.0,253697668.0,186600.0,4742.0,5.0,2007.5834,2007,2007,8,Wednesday,3,2911.2344
Fort Bend,2007,9,2007-09-01,748.0,157280863.0,175300.0,4739.0,5.1,2007.6666,2007,2007,9,Saturday,3,-8388.766
Fort Bend,2007,10,2007-10-01,813.0,173857089.0,165100.0,4621.0,5.0,2007.75,2007,2007,10,Monday,4,-18588.766
Fort Bend,2007,11,2007-11-01,738.0,155656207.0,177300.0,4446.0,4.9,2007.8334,2007,2007,11,Thursday,4,-6388.7656
Fort Bend,2007,12,2007-12-01,798.0,180781790.0,179700.0,4295.0,4.8,2007.9166,2007,2007,12,Saturday,4,-3988.7656
Fort Bend,2008,1,2008-01-01,530.0,108731310.0,171200.0,4453.0,5.0,2008.0,2008,2008,1,Tuesday,1,-12488.766
Fort Bend,2008,2,2008-02-01,664.0,136477704.0,172900.0,4535.0,5.1,2008.0834,2008,2008,2,Friday,1,-10788.766
Fort Bend,2008,3,2008-03-01,719.0,154881857.0,180400.0,4701.0,5.4,2008.1666,2008,2008,3,Saturday,1,-3288.7656
Fort Bend,2008,4,2008-04-01,867.0,187041355.0,176700.0,4778.0,5.5,2008.25,2008,2008,4,Tuesday,2,-6988.7656
Fort Bend,2008,5,2008-05-01,969.0,213123230.0,183600.0,4792.0,5.6,2008.3334,2008,2008,5,Thursday,2,-88.765625
Fort Bend,2008,6,2008-06-01,1058.0,244799716.0,187200.0,4788.0,5.7,2008.4166,2008,2008,6,Sunday,2,3511.2344
Fort Bend,2008,7,2008-07-01,1031.0,234936814.0,191000.0,4779.0,5.7,2008.5,2008,2008,7,Tuesday,3,7311.2344
Fort Bend,2008,8,2008-08-01,989.0,228231624.0,191900.0,4571.0,5.5,2008.5834,2008,2008,8,Friday,3,8211.234
Fort Bend,2008,9,2008-09-01,633.0,138175503.0,184400.0,4451.0,5.4,2008.6666,2008,2008,9,Monday,3,711.2344
Fort Bend,2008,10,2008-10-01,666.0,140577443.0,178600.0,4354.0,5.4,2008.75,2008,2008,10,Wednesday,4,-5088.7656
Fort Bend,2008,11,2008-11-01,529.0,109956160.0,175800.0,4091.0,5.2,2008.8334,2008,2008,11,Saturday,4,-7888.7656
Fort Bend,2008,12,2008-12-01,764.0,171527708.0,189100.0,3715.0,4.7,2008.9166,2008,2008,12,Monday,4,5411.2344
Fort Bend,2009,1,2009-01-01,460.0,87307623.0,159500.0,3676.0,4.7,2009.0,2009,2009,1,Thursday,1,-24188.766
Fort Bend,2009,2,2009-02-01,551.0,109518339.0,175100.0,3720.0,4.8,2009.0834,2009,2009,2,Sunday,1,-8588.766
Fort Bend,2009,3,2009-03-01,678.0,139202049.0,177700.0,3725.0,4.9,2009.1666,2009,2009,3,Sunday,1,-5988.7656
Fort Bend,2009,4,2009-04-01,685.0,149054615.0,181800.0,3502.0,4.7,2009.25,2009,2009,4,Wednesday,2,-1888.7656
Fort Bend,2009,5,2009-05-01,846.0,192119064.0,195000.0,3454.0,4.7,2009.3334,2009,2009,5,Friday,2,11311.234
Fort Bend,2009,6,2009-06-01,912.0,217844650.0,198400.0,3481.0,4.8,2009.4166,2009,2009,6,Monday,2,14711.234
Fort Bend,2009,7,2009-07-01,1014.0,238644131.0,204900.0,3581.0,4.9,2009.5,2009,2009,7,Wednesday,3,21211.234
Fort Bend,2009,8,2009-08-01,881.0,207685824.0,201200.0,3467.0,4.8,2009.5834,2009,2009,8,Saturday,3,17511.234
Fort Bend,2009,9,2009-09-01,790.0,180492768.0,189500.0,3426.0,4.7,2009.6666,2009,2009,9,Tuesday,3,5811.2344
Fort Bend,2009,10,2009-10-01,781.0,169101207.0,178600.0,3418.0,4.6,2009.75,2009,2009,10,Thursday,4,-5088.7656
Fort Bend,2009,11,2009-11-01,775.0,172502372.0,190500.0,3449.0,4.5,2009.8334,2009,2009,11,Sunday,4,6811.2344
Fort Bend,2009,12,2009-12-01,740.0,174240455.0,199300.0,3278.0,4.3,2009.9166,2009,2009,12,Tuesday,4,15611.234
Fort Bend,2010,1,2010-01-01,408.0,87498499.0,183900.0,3489.0,4.6,2010.0,2010,2010,1,Friday,1,211.23438
Fort Bend,2010,2,2010-02-01,523.0,116171458.0,186300.0,3636.0,4.8,2010.0834,2010,2010,2,Monday,1,2611.2344
Fort Bend,2010,3,2010-03-01,797.0,184130895.0,197100.0,3918.0,5.1,2010.1666,2010,2010,3,Monday,1,13411.234
Fort Bend,2010,4,2010-04-01,843.0,185874020.0,190700.0,3874.0,5.0,2010.25,2010,2010,4,Thursday,2,7011.2344
Fort Bend,2010,5,2010-05-01,954.0,212016398.0,191400.0,4292.0,5.5,2010.3334,2010,2010,5,Saturday,2,7711.2344
Fort Bend,2010,6,2010-06-01,877.0,217760515.0,212200.0,4686.0,6.0,2010.4166,2010,2010,6,Tuesday,2,28511.234
Fort Bend,2010,7,2010-07-01,810.0,190471512.0,205400.0,4827.0,6.3,2010.5,2010,2010,7,Thursday,3,21711.234
Fort Bend,2010,8,2010-08-01,758.0,184461006.0,204700.0,4799.0,6.4,2010.5834,2010,2010,8,Sunday,3,21011.234
Fort Bend,2010,9,2010-09-01,676.0,157302762.0,196300.0,4653.0,6.2,2010.6666,2010,2010,9,Wednesday,3,12611.234
Fort Bend,2010,10,2010-10-01,552.0,125675509.0,199600.0,4553.0,6.3,2010.75,2010,2010,10,Friday,4,15911.234
Fort Bend,2010,11,2010-11-01,558.0,128856913.0,205900.0,4424.0,6.2,2010.8334,2010,2010,11,Monday,4,22211.234
Fort Bend,2010,12,2010-12-01,747.0,174562329.0,200900.0,4251.0,6.0,2010.9166,2010,2010,12,Wednesday,4,17211.234
Fort Bend,2011,1,2011-01-01,441.0,98127981.0,183400.0,4243.0,6.0,2011.0,2011,2011,1,Saturday,1,-288.76562
Fort Bend,2011,2,2011-02-01,567.0,124911370.0,185700.0,4242.0,5.9,2011.0834,2011,2011,2,Tuesday,1,2011.2344
Fort Bend,2011,3,2011-03-01,738.0,171278873.0,204700.0,4487.0,6.3,2011.1666,2011,2011,3,Tuesday,1,21011.234
Fort Bend,2011,4,2011-04-01,731.0,160782802.0,184700.0,4564.0,6.5,2011.25,2011,2011,4,Friday,2,1011.2344
Fort Bend,2011,5,2011-05-01,857.0,199584759.0,196200.0,4553.0,6.6,2011.3334,2011,2011,5,Sunday,2,12511.234
Fort Bend,2011,6,2011-06-01,992.0,249402897.0,216700.0,4641.0,6.6,2011.4166,2011,2011,6,Wednesday,2,33011.234
Fort Bend,2011,7,2011-07-01,898.0,217655519.0,205300.0,4578.0,6.5,2011.5,2011,2011,7,Friday,3,21611.234
Fort Bend,2011,8,2011-08-01,938.0,215162524.0,199700.0,4342.0,6.0,2011.5834,2011,2011,8,Monday,3,16011.234
Fort Bend,2011,9,2011-09-01,794.0,180211475.0,198000.0,4240.0,5.8,2011.6666,2011,2011,9,Thursday,3,14311.234
Fort Bend,2011,10,2011-10-01,647.0,139336606.0,194300.0,4018.0,5.4,2011.75,2011,2011,10,Saturday,4,10611.234
Fort Bend,2011,11,2011-11-01,703.0,161108936.0,201100.0,3801.0,5.0,2011.8334,2011,2011,11,Tuesday,4,17411.234
Fort Bend,2011,12,2011-12-01,794.0,187971388.0,200900.0,3563.0,4.7,2011.9166,2011,2011,12,Thursday,4,17211.234
Fort Bend,2012,1,2012-01-01,478.0,101104201.0,180000.0,3644.0,4.8,2012.0,2012,2012,1,Sunday,1,-3688.7656
Fort Bend,2012,2,2012-02-01,665.0,150692171.0,192800.0,3634.0,4.7,2012.0834,2012,2012,2,Wednesday,1,9111.234
Fort Bend,2012,3,2012-03-01,831.0,193145347.0,202800.0,3728.0,4.8,2012.1666,2012,2012,3,Thursday,1,19111.234
Fort Bend,2012,4,2012-04-01,881.0,210113365.0,209600.0,3855.0,4.9,2012.25,2012,2012,4,Sunday,2,25911.234
Fort Bend,2012,5,2012-05-01,1057.0,254522473.0,204400.0,3798.0,4.7,2012.3334,2012,2012,5,Tuesday,2,20711.234
Fort Bend,2012,6,2012-06-01,1162.0,285942511.0,208200.0,3739.0,4.6,2012.4166,2012,2012,6,Friday,2,24511.234
Fort Bend,2012,7,2012-07-01,1215.0,306937614.0,219600.0,3617.0,4.3,2012.5,2012,2012,7,Sunday,3,35911.234
Fort Bend,2012,8,2012-08-01,1178.0,283346930.0,201800.0,3423.0,3.9,2012.5834,2012,2012,8,Wednesday,3,18111.234
Fort Bend,2012,9,2012-09-01,853.0,193311073.0,202000.0,3182.0,3.6,2012.6666,2012,2012,9,Saturday,3,18311.234
Fort Bend,2012,10,2012-10-01,907.0,211612143.0,208900.0,2980.0,3.3,2012.75,2012,2012,10,Monday,4,25211.234
Fort Bend,2012,11,2012-11-01,890.0,219278377.0,209800.0,2785.0,3.1,2012.8334,2012,2012,11,Thursday,4,26111.234
Fort Bend,2012,12,2012-12-01,933.0,230169767.0,212900.0,2543.0,2.8,2012.9166,2012,2012,12,Saturday,4,29211.234
Fort Bend,2013,1,2013-01-01,661.0,150241423.0,196700.0,2552.0,2.7,2013.0,2013,2013,1,Tuesday,1,13011.234
Fort Bend,2013,2,2013-02-01,733.0,169444247.0,199800.0,2591.0,2.8,2013.0834,2013,2013,2,Friday,1,16111.234
Fort Bend,2013,3,2013-03-01,986.0,242096961.0,217800.0,2424.0,2.5,2013.1666,2013,2013,3,Friday,1,34111.234
Fort Bend,2013,4,2013-04-01,1127.0,297280059.0,233000.0,2328.0,2.4,2013.25,2013,2013,4,Monday,2,49311.234
Fort Bend,2013,5,2013-05-01,1541.0,424931489.0,248500.0,2349.0,2.3,2013.3334,2013,2013,5,Wednesday,2,64811.234
Fort Bend,2013,6,2013-06-01,1317.0,381143741.0,245500.0,2479.0,2.4,2013.4166,2013,2013,6,Saturday,2,61811.234
Fort Bend,2013,7,2013-07-01,1375.0,386489972.0,244000.0,2528.0,2.4,2013.5,2013,2013,7,Monday,3,60311.234
Fort Bend,2013,8,2013-08-01,1367.0,376262240.0,239400.0,2451.0,2.3,2013.5834,2013,2013,8,Thursday,3,55711.234
Fort Bend,2013,9,2013-09-01,1103.0,301465695.0,234000.0,2442.0,2.3,2013.6666,2013,2013,9,Sunday,3,50311.234
Fort Bend,2013,10,2013-10-01,996.0,266808748.0,230800.0,2356.0,2.2,2013.75,2013,2013,10,Tuesday,4,47111.234
Fort Bend,2013,11,2013-11-01,832.0,230245252.0,236300.0,2181.0,2.0,2013.8334,2013,2013,11,Friday,4,52611.234
Fort Bend,2013,12,2013-12-01,1030.0,294989169.0,251500.0,1988.0,1.8,2013.9166,2013,2013,12,Sunday,4,67811.234
Fort Bend,2014,1,2014-01-01,679.0,177415897.0,229500.0,2062.0,1.9,2014.0,2014,2014,1,Wednesday,1,45811.234
Fort Bend,2014,2,2014-02-01,775.0,210279563.0,240500.0,2074.0,1.9,2014.0834,2014,2014,2,Saturday,1,56811.234
Fort Bend,2014,3,2014-03-01,1018.0,291357757.0,257100.0,2208.0,2.0,2014.1666,2014,2014,3,Saturday,1,73411.234
Fort Bend,2014,4,2014-04-01,1054.0,311335675.0,261100.0,2248.0,2.1,2014.25,2014,2014,4,Tuesday,2,77411.234
Fort Bend,2014,5,2014-05-01,1177.0,345904893.0,256600.0,2494.0,2.4,2014.3334,2014,2014,5,Thursday,2,72911.234
Fort Bend,2014,6,2014-06-01,1388.0,437581291.0,282300.0,2648.0,2.5,2014.4166,2014,2014,6,Sunday,2,98611.234
Fort Bend,2014,7,2014-07-01,1275.0,397574550.0,267600.0,2600.0,2.5,2014.5,2014,2014,7,Tuesday,3,83911.234
Fort Bend,2014,8,2014-08-01,1321.0,399806580.0,273500.0,2555.0,2.4,2014.5834,2014,2014,8,Friday,3,89811.234
Fort Bend,2014,9,2014-09-01,1114.0,326662690.0,254100.0,2460.0,2.3,2014.6666,2014,2014,9,Monday,3,70411.234
Fort Bend,2014,10,2014-10-01,1047.0,310596500.0,258400.0,2343.0,2.2,2014.75,2014,2014,10,Wednesday,4,74711.234
Fort Bend,2014,11,2014-11-01,860.0,262151296.0,263300.0,2226.0,2.1,2014.8334,2014,2014,11,Saturday,4,79611.234
Fort Bend,2014,12,2014-12-01,1127.0,352285417.0,277300.0,2190.0,2.0,2014.9166,2014,2014,12,Monday,4,93611.234
Fort Bend,2015,1,2015-01-01,686.0,203621920.0,260300.0,2414.0,2.3,2015.0,2015,2015,1,Thursday,1,76611.234
Fort Bend,2015,2,2015-02-01,734.0,210203111.0,255300.0,2538.0,2.4,2015.0834,2015,2015,2,Sunday,1,71611.234
Fort Bend,2015,3,2015-03-01,1068.0,324852823.0,276100.0,2565.0,2.4,2015.1666,2015,2015,3,Sunday,1,92411.234
Fort Bend,2015,4,2015-04-01,1046.0,319107435.0,270800.0,2742.0,2.6,2015.25,2015,2015,4,Wednesday,2,87111.234
Fort Bend,2015,5,2015-05-01,1113.0,344045848.0,279700.0,2975.0,2.8,2015.3334,2015,2015,5,Friday,2,96011.234
Fort Bend,2015,6,2015-06-01,1341.0,429731131.0,284200.0,3166.0,3.0,2015.4166,2015,2015,6,Monday,2,100511.234
Fort Bend,2015,7,2015-07-01,1372.0,431875327.0,280400.0,3328.0,3.1,2015.5,2015,2015,7,Wednesday,3,96711.234
Fort Worth,2000,1,2000-01-01,325.0,33417427.0,79200.0,2170.0,4.2,2000.0,2000,2000,1,Saturday,1,-33295.188
Fort Worth,2000,2,2000-02-01,469.0,42978548.0,75000.0,2251.0,4.3,2000.0834,2000,2000,2,Tuesday,1,-37495.188
Fort Worth,2000,3,2000-03-01,588.0,57458826.0,79300.0,2247.0,4.3,2000.1666,2000,2000,3,Wednesday,1,-33195.188
Fort Worth,2000,4,2000-04-01,487.0,50344886.0,82900.0,2226.0,4.3,2000.25,2000,2000,4,Saturday,2,-29595.188
Fort Worth,2000,5,2000-05-01,630.0,67131123.0,81700.0,2193.0,4.2,2000.3334,2000,2000,5,Monday,2,-30795.188
Fort Worth,2000,6,2000-06-01,648.0,70773279.0,85900.0,2212.0,4.2,2000.4166,2000,2000,6,Thursday,2,-26595.188
Fort Worth,2000,7,2000-07-01,548.0,57460916.0,85100.0,2362.0,4.5,2000.5,2000,2000,7,Saturday,3,-27395.188
Fort Worth,2000,8,2000-08-01,638.0,71524686.0,87600.0,2391.0,4.5,2000.5834,2000,2000,8,Tuesday,3,-24895.188
Fort Worth,2000,9,2000-09-01,524.0,58065223.0,89000.0,2519.0,4.8,2000.6666,2000,2000,9,Friday,3,-23495.188
Fort Worth,2000,10,2000-10-01,539.0,57992200.0,85300.0,2573.0,4.8,2000.75,2000,2000,10,Sunday,4,-27195.188
Fort Worth,2000,11,2000-11-01,521.0,56157896.0,88300.0,2468.0,4.6,2000.8334,2000,2000,11,Wednesday,4,-24195.188
Fort Worth,2000,12,2000-12-01,463.0,49177284.0,85500.0,2248.0,4.2,2000.9166,2000,2000,12,Friday,4,-26995.188
Fort Worth,2001,1,2001-01-01,405.0,38878030.0,78100.0,2424.0,4.5,2001.0,2001,2001,1,Monday,1,-34395.188
Fort Worth,2001,2,2001-02-01,447.0,47433758.0,88900.0,2360.0,4.4,2001.0834,2001,2001,2,Thursday,1,-23595.188
Fort Worth,2001,3,2001-03-01,621.0,63260951.0,86000.0,2511.0,4.7,2001.1666,2001,2001,3,Thursday,1,-26495.188
Fort Worth,2001,4,2001-04-01,545.0,57613823.0,87300.0,2630.0,4.8,2001.25,2001,2001,4,Sunday,2,-25195.188
Fort Worth,2001,5,2001-05-01,653.0,72426354.0,92600.0,2700.0,4.9,2001.3334,2001,2001,5,Tuesday,2,-19895.188
Fort Worth,2001,6,2001-06-01,665.0,81662074.0,96700.0,2807.0,5.1,2001.4166,2001,2001,6,Friday,2,-15795.1875
Fort Worth,2001,7,2001-07-01,655.0,72047979.0,93200.0,2871.0,5.2,2001.5,2001,2001,7,Sunday,3,-19295.188
Fort Worth,2001,8,2001-08-01,678.0,76165866.0,92000.0,2826.0,5.0,2001.5834,2001,2001,8,Wednesday,3,-20495.188
Fort Worth,2001,9,2001-09-01,537.0,57133701.0,89600.0,2782.0,5.0,2001.6666,2001,2001,9,Saturday,3,-22895.188
Fort Worth,2001,10,2001-10-01,546.0,57130944.0,85900.0,2769.0,4.9,2001.75,2001,2001,10,Monday,4,-26595.188
Fort Worth,2001,11,2001-11-01,514.0,62368195.0,102100.0,2658.0,4.7,2001.8334,2001,2001,11,Thursday,4,-10395.1875
Fort Worth,2001,12,2001-12-01,515.0,61800725.0,97700.0,2479.0,4.4,2001.9166,2001,2001,12,Saturday,4,-14795.1875
Fort Worth,2002,1,2002-01-01,431.0,45958126.0,89400.0,2643.0,4.7,2002.0,2002,2002,1,Tuesday,1,-23095.188
Fort Worth,2002,2,2002-02-01,516.0,55038673.0,89500.0,2749.0,4.8,2002.0834,2002,2002,2,Friday,1,-22995.188
Fort Worth,2002,3,2002-03-01,588.0,69148134.0,95800.0,2829.0,5.0,2002.1666,2002,2002,3,Friday,1,-16695.188
Fort Worth,2002,4,2002-04-01,637.0,75596818.0,95100.0,2929.0,5.1,2002.25,2002,2002,4,Monday,2,-17395.188
Fort Worth,2002,5,2002-05-01,672.0,80965065.0,96800.0,3008.0,5.2,2002.3334,2002,2002,5,Wednesday,2,-15695.1875
Fort Worth,2002,6,2002-06-01,690.0,80835438.0,97600.0,3076.0,5.3,2002.4166,2002,2002,6,Saturday,2,-14895.1875
Fort Worth,2002,7,2002-07-01,732.0,85046246.0,96800.0,3141.0,5.3,2002.5,2002,2002,7,Monday,3,-15695.1875
Fort Worth,2002,8,2002-08-01,683.0,81785711.0,97200.0,3241.0,5.5,2002.5834,2002,2002,8,Thursday,3,-15295.1875
Fort Worth,2002,9,2002-09-01,582.0,65785590.0,92500.0,3286.0,5.5,2002.6666,2002,2002,9,Sunday,3,-19995.188
Fort Worth,2002,10,2002-10-01,600.0,67906844.0,95000.0,3251.0,5.4,2002.75,2002,2002,10,Tuesday,4,-17495.188
Fort Worth,2002,11,2002-11-01,569.0,67990033.0,92900.0,3132.0,5.2,2002.8334,2002,2002,11,Friday,4,-19595.188
Fort Worth,2002,12,2002-12-01,637.0,76050589.0,99700.0,2926.0,4.8,2002.9166,2002,2002,12,Sunday,4,-12795.1875
Fort Worth,2003,1,2003-01-01,447.0,49212290.0,93200.0,3170.0,5.2,2003.0,2003,2003,1,Wednesday,1,-19295.188
Fort Worth,2003,2,2003-02-01,497.0,57127853.0,98800.0,3159.0,5.2,2003.0834,2003,2003,2,Saturday,1,-13695.1875
Fort Worth,2003,3,2003-03-01,642.0,75159286.0,95000.0,3387.0,5.5,2003.1666,2003,2003,3,Saturday,1,-17495.188
Fort Worth,2003,4,2003-04-01,667.0,74314758.0,94300.0,3518.0,5.7,2003.25,2003,2003,4,Tuesday,2,-18195.188
Fort Worth,2003,5,2003-05-01,668.0,77590378.0,96800.0,3757.0,6.1,2003.3334,2003,2003,5,Thursday,2,-15695.1875
Fort Worth,2003,6,2003-06-01,677.0,83671558.0,102300.0,4021.0,6.5,2003.4166,2003,2003,6,Sunday,2,-10195.1875
Fort Worth,2003,7,2003-07-01,728.0,89644477.0,103700.0,4136.0,6.7,2003.5,2003,2003,7,Tuesday,3,-8795.1875
Fort Worth,2003,8,2003-08-01,795.0,98176331.0,102300.0,4241.0,6.8,2003.5834,2003,2003,8,Friday,3,-10195.1875
Fort Worth,2003,9,2003-09-01,683.0,84769870.0,98300.0,4406.0,6.9,2003.6666,2003,2003,9,Monday,3,-14195.1875
Fort Worth,2003,10,2003-10-01,735.0,82100710.0,92600.0,4313.0,6.7,2003.75,2003,2003,10,Wednesday,4,-19895.188
Fort Worth,2003,11,2003-11-01,552.0,67568396.0,102900.0,4221.0,6.6,2003.8334,2003,2003,11,Saturday,4,-9595.1875
Fort Worth,2003,12,2003-12-01,666.0,83485458.0,102800.0,3918.0,6.1,2003.9166,2003,2003,12,Monday,4,-9695.1875
Fort Worth,2004,1,2004-01-01,454.0,48505749.0,90800.0,4068.0,6.3,2004.0,2004,2004,1,Thursday,1,-21695.188
Fort Worth,2004,2,2004-02-01,609.0,71408855.0,95900.0,4150.0,6.3,2004.0834,2004,2004,2,Sunday,1,-16595.188
Fort Worth,2004,3,2004-03-01,764.0,91094771.0,97100.0,4235.0,6.4,2004.1666,2004,2004,3,Monday,1,-15395.1875
Fort Worth,2004,4,2004-04-01,791.0,91542726.0,99100.0,4275.0,6.3,2004.25,2004,2004,4,Thursday,2,-13395.1875
Fort Worth,2004,5,2004-05-01,805.0,102486522.0,103500.0,4445.0,6.5,2004.3334,2004,2004,5,Saturday,2,-8995.1875
Fort Worth,2004,6,2004-06-01,865.0,112276460.0,109100.0,4479.0,6.4,2004.4166,2004,2004,6,Tuesday,2,-3395.1875
Fort Worth,2004,7,2004-07-01,844.0,107622675.0,107100.0,4651.0,6.5,2004.5,2004,2004,7,Thursday,3,-5395.1875
Fort Worth,2004,8,2004-08-01,824.0,103373028.0,103400.0,4635.0,6.5,2004.5834,2004,2004,8,Sunday,3,-9095.1875
Fort Worth,2004,9,2004-09-01,732.0,89184927.0,101100.0,4589.0,6.4,2004.6666,2004,2004,9,Wednesday,3,-11395.1875
Fort Worth,2004,10,2004-10-01,739.0,90502176.0,102900.0,4597.0,6.4,2004.75,2004,2004,10,Friday,4,-9595.1875
Fort Worth,2004,11,2004-11-01,720.0,90662913.0,102000.0,4457.0,6.1,2004.8334,2004,2004,11,Monday,4,-10495.1875
Fort Worth,2004,12,2004-12-01,760.0,101641142.0,104100.0,4327.0,5.8,2004.9166,2004,2004,12,Wednesday,4,-8395.1875
Fort Worth,2005,1,2005-01-01,502.0,62276332.0,100600.0,4785.0,6.4,2005.0,2005,2005,1,Saturday,1,-11895.1875
Fort Worth,2005,2,2005-02-01,639.0,75955992.0,100900.0,4915.0,6.6,2005.0834,2005,2005,2,Tuesday,1,-11595.1875
Fort Worth,2005,3,2005-03-01,887.0,115990990.0,109500.0,5173.0,6.8,2005.1666,2005,2005,3,Tuesday,1,-2995.1875
Fort Worth,2005,4,2005-04-01,896.0,119538362.0,109900.0,5249.0,6.8,2005.25,2005,2005,4,Friday,2,-2595.1875
Fort Worth,2005,5,2005-05-01,964.0,131189607.0,113000.0,5137.0,6.6,2005.3334,2005,2005,5,Sunday,2,504.8125
Fort Worth,2005,6,2005-06-01,1102.0,149341658.0,114000.0,5207.0,6.5,2005.4166,2005,2005,6,Wednesday,2,1504.8125
Fort Worth,2005,7,2005-07-01,975.0,133759524.0,115400.0,5355.0,6.6,2005.5,2005,2005,7,Friday,3,2904.8125
Fort Worth,2005,8,2005-08-01,1031.0,139146678.0,116000.0,,,2005.5834,2005,2005,8,Monday,3,3504.8125
Fort Worth,2005,9,2005-09-01,952.0,128949991.0,117700.0,5256.0,6.2,2005.6666,2005,2005,9,Thursday,3,5204.8125
Fort Worth,2005,10,2005-10-01,842.0,114262341.0,117000.0,5322.0,6.2,2005.75,2005,2005,10,Saturday,4,4504.8125
Fort Worth,2005,11,2005-11-01,824.0,111920591.0,116900.0,5273.0,6.1,2005.8334,2005,2005,11,Tuesday,4,4404.8125
Fort Worth,2005,12,2005-12-01,827.0,114747206.0,120200.0,5053.0,5.8,2005.9166,2005,2005,12,Thursday,4,7704.8125
Fort Worth,2006,1,2006-01-01,621.0,81988837.0,113800.0,5230.0,5.9,2006.0,2006,2006,1,Sunday,1,1304.8125
Fort Worth,2006,2,2006-02-01,799.0,104635650.0,114700.0,5418.0,6.1,2006.0834,2006,2006,2,Wednesday,1,2204.8125
Fort Worth,2006,3,2006-03-01,1154.0,152751274.0,116600.0,5523.0,6.0,2006.1666,2006,2006,3,Wednesday,1,4104.8125
Fort Worth,2006,4,2006-04-01,977.0,132340862.0,115500.0,5704.0,6.2,2006.25,2006,2006,4,Saturday,2,3004.8125
Fort Worth,2006,5,2006-05-01,1103.0,151147300.0,118500.0,5878.0,6.3,2006.3334,2006,2006,5,Monday,2,6004.8125
Fort Worth,2006,6,2006-06-01,1222.0,176269299.0,121900.0,6156.0,6.5,2006.4166,2006,2006,6,Thursday,2,9404.8125
Fort Worth,2006,7,2006-07-01,1076.0,146416296.0,117100.0,6281.0,6.6,2006.5,2006,2006,7,Saturday,3,4604.8125
Fort Worth,2006,8,2006-08-01,1128.0,164368267.0,119200.0,6273.0,6.5,2006.5834,2006,2006,8,Tuesday,3,6704.8125
Fort Worth,2006,9,2006-09-01,1049.0,141701394.0,115800.0,6336.0,6.5,2006.6666,2006,2006,9,Friday,3,3304.8125
Fort Worth,2006,10,2006-10-01,992.0,137084258.0,118000.0,6202.0,6.3,2006.75,2006,2006,10,Sunday,4,5504.8125
Fort Worth,2006,11,2006-11-01,915.0,126273432.0,119500.0,6139.0,6.2,2006.8334,2006,2006,11,Wednesday,4,7004.8125
Fort Worth,2006,12,2006-12-01,941.0,131286346.0,117900.0,5845.0,5.9,2006.9166,2006,2006,12,Friday,4,5404.8125
Fort Worth,2007,1,2007-01-01,727.0,92948336.0,109700.0,5837.0,5.8,2007.0,2007,2007,1,Monday,1,-2795.1875
Fort Worth,2007,2,2007-02-01,865.0,116016778.0,114000.0,6003.0,5.9,2007.0834,2007,2007,2,Thursday,1,1504.8125
Fort Worth,2007,3,2007-03-01,1091.0,142120227.0,114500.0,6372.0,6.3,2007.1666,2007,2007,3,Thursday,1,2004.8125
Fort Worth,2007,4,2007-04-01,946.0,136296937.0,117800.0,6433.0,6.4,2007.25,2007,2007,4,Sunday,2,5304.8125
Fort Worth,2007,5,2007-05-01,1136.0,168800115.0,123500.0,6454.0,6.4,2007.3334,2007,2007,5,Tuesday,2,11004.8125
Fort Worth,2007,6,2007-06-01,1119.0,158163280.0,119200.0,6465.0,6.5,2007.4166,2007,2007,6,Friday,2,6704.8125
Fort Worth,2007,7,2007-07-01,1104.0,170357642.0,124100.0,6499.0,6.5,2007.5,2007,2007,7,Sunday,3,11604.8125
Fort Worth,2007,8,2007-08-01,1169.0,174447960.0,122200.0,6355.0,6.3,2007.5834,2007,2007,8,Wednesday,3,9704.8125
Fort Worth,2007,9,2007-09-01,868.0,124486194.0,119500.0,6339.0,6.4,2007.6666,2007,2007,9,Saturday,3,7004.8125
Fort Worth,2007,10,2007-10-01,923.0,136771604.0,116800.0,6142.0,6.2,2007.75,2007,2007,10,Monday,4,4304.8125
Fort Worth,2007,11,2007-11-01,795.0,113157402.0,118600.0,5930.0,6.1,2007.8334,2007,2007,11,Thursday,4,6104.8125
Fort Worth,2007,12,2007-12-01,789.0,111512957.0,119600.0,5509.0,5.7,2007.9166,2007,2007,12,Saturday,4,7104.8125
Fort Worth,2008,1,2008-01-01,600.0,76896552.0,113300.0,5555.0,5.8,2008.0,2008,2008,1,Tuesday,1,804.8125
Fort Worth,2008,2,2008-02-01,765.0,105521997.0,115700.0,5554.0,5.9,2008.0834,2008,2008,2,Friday,1,3204.8125
Fort Worth,2008,3,2008-03-01,849.0,122290972.0,116300.0,5602.0,6.1,2008.1666,2008,2008,3,Saturday,1,3804.8125
Fort Worth,2008,4,2008-04-01,907.0,126866772.0,114700.0,5594.0,6.1,2008.25,2008,2008,4,Tuesday,2,2204.8125
Fort Worth,2008,5,2008-05-01,1010.0,159261424.0,123600.0,5478.0,6.0,2008.3334,2008,2008,5,Thursday,2,11104.8125
Fort Worth,2008,6,2008-06-01,997.0,151775938.0,120700.0,5418.0,6.0,2008.4166,2008,2008,6,Sunday,2,8204.8125
Fort Worth,2008,7,2008-07-01,958.0,141201081.0,120000.0,5467.0,6.2,2008.5,2008,2008,7,Tuesday,3,7504.8125
Fort Worth,2008,8,2008-08-01,916.0,133875254.0,120800.0,5252.0,6.1,2008.5834,2008,2008,8,Friday,3,8304.8125
Fort Worth,2008,9,2008-09-01,854.0,120568362.0,116900.0,5120.0,5.9,2008.6666,2008,2008,9,Monday,3,4404.8125
Fort Worth,2008,10,2008-10-01,773.0,104958741.0,111800.0,4934.0,5.8,2008.75,2008,2008,10,Wednesday,4,-695.1875
Fort Worth,2008,11,2008-11-01,506.0,66767401.0,112300.0,4847.0,5.9,2008.8334,2008,2008,11,Saturday,4,-195.1875
Fort Worth,2008,12,2008-12-01,626.0,86466741.0,110200.0,4482.0,5.5,2008.9166,2008,2008,12,Monday,4,-2295.1875
Fort Worth,2009,1,2009-01-01,463.0,57891985.0,103900.0,4705.0,5.9,2009.0,2009,2009,1,Thursday,1,-8595.1875
Fort Worth,2009,2,2009-02-01,512.0,68049065.0,109400.0,4803.0,6.2,2009.0834,2009,2009,2,Sunday,1,-3095.1875
Fort Worth,2009,3,2009-03-01,684.0,94798133.0,109200.0,4872.0,6.4,2009.1666,2009,2009,3,Sunday,1,-3295.1875
Fort Worth,2009,4,2009-04-01,686.0,93123603.0,112200.0,4843.0,6.5,2009.25,2009,2009,4,Wednesday,2,-295.1875
Fort Worth,2009,5,2009-05-01,781.0,108627820.0,112600.0,4849.0,6.6,2009.3334,2009,2009,5,Friday,2,104.8125
Fort Worth,2009,6,2009-06-01,794.0,119628767.0,119000.0,4563.0,6.4,2009.4166,2009,2009,6,Monday,2,6504.8125
Fort Worth,2009,7,2009-07-01,883.0,124664768.0,118500.0,4607.0,6.5,2009.5,2009,2009,7,Wednesday,3,6004.8125
Fort Worth,2009,8,2009-08-01,780.0,113858474.0,117800.0,4686.0,6.7,2009.5834,2009,2009,8,Saturday,3,5304.8125
Fort Worth,2009,9,2009-09-01,739.0,100752306.0,112200.0,4589.0,6.7,2009.6666,2009,2009,9,Tuesday,3,-295.1875
Fort Worth,2009,10,2009-10-01,847.0,110990627.0,113100.0,4488.0,6.5,2009.75,2009,2009,10,Thursday,4,604.8125
Fort Worth,2009,11,2009-11-01,758.0,109190883.0,115100.0,4472.0,6.3,2009.8334,2009,2009,11,Sunday,4,2604.8125
Fort Worth,2009,12,2009-12-01,631.0,85830555.0,111900.0,4386.0,6.2,2009.9166,2009,2009,12,Tuesday,4,-595.1875
Fort Worth,2010,1,2010-01-01,461.0,56812981.0,103300.0,4551.0,6.4,2010.0,2010,2010,1,Friday,1,-9195.1875
Fort Worth,2010,2,2010-02-01,575.0,74125751.0,110100.0,4613.0,6.4,2010.0834,2010,2010,2,Monday,1,-2395.1875
Fort Worth,2010,3,2010-03-01,813.0,113624697.0,116800.0,4720.0,6.5,2010.1666,2010,2010,3,Monday,1,4304.8125
Fort Worth,2010,4,2010-04-01,903.0,121954593.0,116000.0,4734.0,6.3,2010.25,2010,2010,4,Thursday,2,3504.8125
Fort Worth,2010,5,2010-05-01,908.0,135346826.0,119700.0,5019.0,6.6,2010.3334,2010,2010,5,Saturday,2,7204.8125
Fort Worth,2010,6,2010-06-01,877.0,127809784.0,114800.0,5246.0,6.9,2010.4166,2010,2010,6,Tuesday,2,2304.8125
Fort Worth,2010,7,2010-07-01,613.0,86554948.0,114900.0,5413.0,7.3,2010.5,2010,2010,7,Thursday,3,2404.8125
Fort Worth,2010,8,2010-08-01,692.0,110981724.0,121400.0,5330.0,7.3,2010.5834,2010,2010,8,Sunday,3,8904.8125
Fort Worth,2010,9,2010-09-01,618.0,90680546.0,110100.0,5247.0,7.2,2010.6666,2010,2010,9,Wednesday,3,-2395.1875
Fort Worth,2010,10,2010-10-01,588.0,90101749.0,114500.0,5040.0,7.2,2010.75,2010,2010,10,Friday,4,2004.8125
Fort Worth,2010,11,2010-11-01,577.0,85415348.0,107500.0,4859.0,7.1,2010.8334,2010,2010,11,Monday,4,-4995.1875
Fort Worth,2010,12,2010-12-01,613.0,90219575.0,119300.0,4639.0,6.8,2010.9166,2010,2010,12,Wednesday,4,6804.8125
Fort Worth,2011,1,2011-01-01,443.0,59971598.0,105900.0,4611.0,6.7,2011.0,2011,2011,1,Saturday,1,-6595.1875
Fort Worth,2011,2,2011-02-01,486.0,62529503.0,107600.0,4642.0,6.9,2011.0834,2011,2011,2,Tuesday,1,-4895.1875
Fort Worth,2011,3,2011-03-01,638.0,85586930.0,104400.0,4709.0,7.1,2011.1666,2011,2011,3,Tuesday,1,-8095.1875
Fort Worth,2011,4,2011-04-01,790.0,102286254.0,103000.0,4743.0,7.3,2011.25,2011,2011,4,Friday,2,-9495.1875
Fort Worth,2011,5,2011-05-01,791.0,114075970.0,113400.0,4657.0,7.2,2011.3334,2011,2011,5,Sunday,2,904.8125
Fort Worth,2011,6,2011-06-01,878.0,131577775.0,112800.0,4586.0,7.1,2011.4166,2011,2011,6,Wednesday,2,304.8125
Fort Worth,2011,7,2011-07-01,732.0,102661069.0,110000.0,4471.0,6.8,2011.5,2011,2011,7,Friday,3,-2495.1875
Fort Worth,2011,8,2011-08-01,788.0,122486048.0,123200.0,4329.0,6.5,2011.5834,2011,2011,8,Monday,3,10704.8125
Fort Worth,2011,9,2011-09-01,716.0,108576299.0,112900.0,4131.0,6.2,2011.6666,2011,2011,9,Thursday,3,404.8125
Fort Worth,2011,10,2011-10-01,619.0,85475504.0,108100.0,4009.0,6.0,2011.75,2011,2011,10,Saturday,4,-4395.1875
Fort Worth,2011,11,2011-11-01,590.0,80607508.0,107800.0,3844.0,5.7,2011.8334,2011,2011,11,Tuesday,4,-4695.1875
Fort Worth,2011,12,2011-12-01,653.0,92898048.0,111700.0,3490.0,5.2,2011.9166,2011,2011,12,Thursday,4,-795.1875
Fort Worth,2012,1,2012-01-01,491.0,64655463.0,106300.0,3484.0,5.1,2012.0,2012,2012,1,Sunday,1,-6195.1875
Fort Worth,2012,2,2012-02-01,605.0,83605423.0,112700.0,3530.0,5.1,2012.0834,2012,2012,2,Wednesday,1,204.8125
Fort Worth,2012,3,2012-03-01,801.0,114500643.0,119100.0,3576.0,5.1,2012.1666,2012,2012,3,Thursday,1,6604.8125
Fort Worth,2012,4,2012-04-01,725.0,105555176.0,116300.0,3621.0,5.2,2012.25,2012,2012,4,Sunday,2,3804.8125
Fort Worth,2012,5,2012-05-01,880.0,139331172.0,121900.0,3614.0,5.1,2012.3334,2012,2012,5,Tuesday,2,9404.8125
Fort Worth,2012,6,2012-06-01,928.0,144551913.0,120700.0,3677.0,5.2,2012.4166,2012,2012,6,Friday,2,8204.8125
Fort Worth,2012,7,2012-07-01,833.0,138967713.0,124600.0,3712.0,5.2,2012.5,2012,2012,7,Sunday,3,12104.8125
Fort Worth,2012,8,2012-08-01,945.0,144083027.0,118700.0,3571.0,4.9,2012.5834,2012,2012,8,Wednesday,3,6204.8125
Fort Worth,2012,9,2012-09-01,711.0,107948548.0,123300.0,3532.0,4.8,2012.6666,2012,2012,9,Saturday,3,10804.8125
Fort Worth,2012,10,2012-10-01,801.0,116861121.0,118900.0,3448.0,4.6,2012.75,2012,2012,10,Monday,4,6404.8125
Fort Worth,2012,11,2012-11-01,646.0,97414312.0,120300.0,3298.0,4.4,2012.8334,2012,2012,11,Thursday,4,7804.8125
Fort Worth,2012,12,2012-12-01,716.0,113075969.0,119800.0,2988.0,3.9,2012.9166,2012,2012,12,Saturday,4,7304.8125
Fort Worth,2013,1,2013-01-01,596.0,84809655.0,113900.0,3029.0,4.0,2013.0,2013,2013,1,Tuesday,1,1404.8125
Fort Worth,2013,2,2013-02-01,717.0,108901468.0,125200.0,2917.0,3.8,2013.0834,2013,2013,2,Friday,1,12704.8125
Fort Worth,2013,3,2013-03-01,925.0,150492902.0,128700.0,2922.0,3.7,2013.1666,2013,2013,3,Friday,1,16204.8125
Fort Worth,2013,4,2013-04-01,989.0,162859211.0,127200.0,2937.0,3.6,2013.25,2013,2013,4,Monday,2,14704.8125
Fort Worth,2013,5,2013-05-01,1086.0,181748723.0,132200.0,2894.0,3.5,2013.3334,2013,2013,5,Wednesday,2,19704.812
Fort Worth,2013,6,2013-06-01,1007.0,166714703.0,135200.0,2988.0,3.6,2013.4166,2013,2013,6,Saturday,2,22704.812
Fort Worth,2013,7,2013-07-01,1050.0,180573511.0,137500.0,3166.0,3.7,2013.5,2013,2013,7,Monday,3,25004.812
Fort Worth,2013,8,2013-08-01,1091.0,188095093.0,137000.0,3217.0,3.7,2013.5834,2013,2013,8,Thursday,3,24504.812
Fort Worth,2013,9,2013-09-01,875.0,143232935.0,133300.0,3167.0,3.6,2013.6666,2013,2013,9,Sunday,3,20804.812
Fort Worth,2013,10,2013-10-01,907.0,145268140.0,134300.0,3093.0,3.5,2013.75,2013,2013,10,Tuesday,4,21804.812
Fort Worth,2013,11,2013-11-01,805.0,133574945.0,135400.0,2900.0,3.2,2013.8334,2013,2013,11,Friday,4,22904.812
Fort Worth,2013,12,2013-12-01,840.0,142239948.0,136300.0,2670.0,2.9,2013.9166,2013,2013,12,Sunday,4,23804.812
Fort Worth,2014,1,2014-01-01,657.0,101348956.0,124100.0,2558.0,2.8,2014.0,2014,2014,1,Wednesday,1,11604.8125
Fort Worth,2014,2,2014-02-01,724.0,117065194.0,131300.0,2544.0,2.8,2014.0834,2014,2014,2,Saturday,1,18804.812
Fort Worth,2014,3,2014-03-01,919.0,149287696.0,135400.0,2446.0,2.7,2014.1666,2014,2014,3,Saturday,1,22904.812
Fort Worth,2014,4,2014-04-01,1032.0,180742528.0,140200.0,2572.0,2.8,2014.25,2014,2014,4,Tuesday,2,27704.812
Fort Worth,2014,5,2014-05-01,1216.0,209920337.0,141800.0,2649.0,2.9,2014.3334,2014,2014,5,Thursday,2,29304.812
Fort Worth,2014,6,2014-06-01,1149.0,228470773.0,153700.0,2752.0,2.9,2014.4166,2014,2014,6,Sunday,2,41204.812
Fort Worth,2014,7,2014-07-01,1161.0,211751085.0,145700.0,2779.0,2.9,2014.5,2014,2014,7,Tuesday,3,33204.812
Fort Worth,2014,8,2014-08-01,1143.0,210937992.0,148600.0,2741.0,2.9,2014.5834,2014,2014,8,Friday,3,36104.812
Fort Worth,2014,9,2014-09-01,977.0,175463693.0,141600.0,2690.0,2.8,2014.6666,2014,2014,9,Monday,3,29104.812
Fort Worth,2014,10,2014-10-01,1029.0,181453049.0,142800.0,2560.0,2.6,2014.75,2014,2014,10,Wednesday,4,30304.812
Fort Worth,2014,11,2014-11-01,756.0,133518099.0,146500.0,2255.0,2.3,2014.8334,2014,2014,11,Saturday,4,34004.812
Fort Worth,2014,12,2014-12-01,965.0,176744278.0,151600.0,2096.0,2.1,2014.9166,2014,2014,12,Monday,4,39104.812
Fort Worth,2015,1,2015-01-01,658.0,112482636.0,143300.0,2089.0,2.1,2015.0,2015,2015,1,Thursday,1,30804.812
Fort Worth,2015,2,2015-02-01,737.0,143046452.0,154800.0,2013.0,2.1,2015.0834,2015,2015,2,Sunday,1,42304.812
Fort Worth,2015,3,2015-03-01,1011.0,188331128.0,149500.0,1957.0,2.0,2015.1666,2015,2015,3,Sunday,1,37004.812
Fort Worth,2015,4,2015-04-01,1068.0,195198605.0,154300.0,1988.0,2.0,2015.25,2015,2015,4,Wednesday,2,41804.812
Fort Worth,2015,5,2015-05-01,1205.0,239225080.0,159800.0,2109.0,2.1,2015.3334,2015,2015,5,Friday,2,47304.812
Fort Worth,2015,6,2015-06-01,1287.0,248314498.0,159300.0,2221.0,2.2,2015.4166,2015,2015,6,Monday,2,46804.812
Fort Worth,2015,7,2015-07-01,1334.0,257896872.0,161700.0,2460.0,2.4,2015.5,2015,2015,7,Wednesday,3,49204.812
Galveston,2000,1,2000-01-01,37.0,4555000.0,95000.0,636.0,9.1,2000.0,2000,2000,1,Saturday,1,-64003.047
Galveston,2000,2,2000-02-01,54.0,7360000.0,100000.0,510.0,7.3,2000.0834,2000,2000,2,Tuesday,1,-59003.047
Galveston,2000,3,2000-03-01,80.0,9595000.0,98300.0,493.0,7.1,2000.1666,2000,2000,3,Wednesday,1,-60703.047
Galveston,2000,4,2000-04-01,82.0,11105000.0,111100.0,524.0,7.3,2000.25,2000,2000,4,Saturday,2,-47903.047
Galveston,2000,5,2000-05-01,89.0,10185000.0,89200.0,529.0,7.2,2000.3334,2000,2000,5,Monday,2,-69803.05
Galveston,2000,6,2000-06-01,100.0,13550000.0,108600.0,528.0,7.3,2000.4166,2000,2000,6,Thursday,2,-50403.047
Galveston,2000,7,2000-07-01,85.0,10870000.0,99000.0,505.0,7.1,2000.5,2000,2000,7,Saturday,3,-60003.047
Galveston,2000,8,2000-08-01,92.0,12520000.0,96200.0,477.0,6.7,2000.5834,2000,2000,8,Tuesday,3,-62803.047
Galveston,2000,9,2000-09-01,58.0,7610000.0,104000.0,474.0,6.6,2000.6666,2000,2000,9,Friday,3,-55003.047
Galveston,2000,10,2000-10-01,75.0,11270000.0,118800.0,463.0,6.4,2000.75,2000,2000,10,Sunday,4,-40203.047
Galveston,2000,11,2000-11-01,53.0,6720000.0,102000.0,471.0,6.5,2000.8334,2000,2000,11,Wednesday,4,-57003.047
Galveston,2000,12,2000-12-01,59.0,7135000.0,93000.0,455.0,6.3,2000.9166,2000,2000,12,Friday,4,-66003.05
Galveston,2001,1,2001-01-01,32.0,4220000.0,113300.0,448.0,6.3,2001.0,2001,2001,1,Monday,1,-45703.047
Galveston,2001,2,2001-02-01,63.0,9425000.0,127100.0,464.0,6.4,2001.0834,2001,2001,2,Thursday,1,-31903.047
Galveston,2001,3,2001-03-01,62.0,9460000.0,132000.0,491.0,6.9,2001.1666,2001,2001,3,Thursday,1,-27003.047
Galveston,2001,4,2001-04-01,65.0,9936338.0,,,,2001.25,2001,2001,4,Sunday,2,
Galveston,2001,5,2001-05-01,66.0,9555630.0,,,,2001.3334,2001,2001,5,Tuesday,2,
Galveston,2001,6,2001-06-01,67.0,9943350.0,,,,2001.4166,2001,2001,6,Friday,2,
Galveston,2001,7,2001-07-01,71.0,11129385.0,,,,2001.5,2001,2001,7,Sunday,3,
Galveston,2001,8,2001-08-01,68.0,9923235.0,,,,2001.5834,2001,2001,8,Wednesday,3,
Galveston,2001,9,2001-09-01,65.0,8481875.0,,,,2001.6666,2001,2001,9,Saturday,3,
Galveston,2001,10,2001-10-01,64.0,7815116.0,,,,2001.75,2001,2001,10,Monday,4,
Galveston,2001,11,2001-11-01,64.0,8848001.0,,,,2001.8334,2001,2001,11,Thursday,4,
Galveston,2001,12,2001-12-01,58.0,6756750.0,,,,2001.9166,2001,2001,12,Saturday,4,
Galveston,2002,1,2002-01-01,33.0,3016891.0,,,,2002.0,2002,2002,1,Tuesday,1,
Galveston,2002,2,2002-02-01,83.0,14334964.0,,,,2002.0834,2002,2002,2,Friday,1,
Galveston,2002,3,2002-03-01,64.0,8520245.0,,,,2002.1666,2002,2002,3,Friday,1,
Galveston,2002,4,2002-04-01,93.0,14473287.0,,,,2002.25,2002,2002,4,Monday,2,
Galveston,2002,5,2002-05-01,101.0,14068610.0,,,,2002.3334,2002,2002,5,Wednesday,2,
Galveston,2002,6,2002-06-01,118.0,18097801.0,,,,2002.4166,2002,2002,6,Saturday,2,
Galveston,2002,7,2002-07-01,89.0,13493602.0,,,,2002.5,2002,2002,7,Monday,3,
Galveston,2002,8,2002-08-01,83.0,12028099.0,,,,2002.5834,2002,2002,8,Thursday,3,
Galveston,2002,9,2002-09-01,48.0,7487800.0,,,,2002.6666,2002,2002,9,Sunday,3,
Galveston,2002,10,2002-10-01,65.0,7817067.0,,,,2002.75,2002,2002,10,Tuesday,4,
Galveston,2002,11,2002-11-01,54.0,7320200.0,,,,2002.8334,2002,2002,11,Friday,4,
Galveston,2002,12,2002-12-01,68.0,9039836.0,,,,2002.9166,2002,2002,12,Sunday,4,
Galveston,2003,1,2003-01-01,38.0,4685000.0,95000.0,598.0,7.9,2003.0,2003,2003,1,Wednesday,1,-64003.047
Galveston,2003,2,2003-02-01,62.0,9595000.0,120000.0,600.0,8.2,2003.0834,2003,2003,2,Saturday,1,-39003.047
Galveston,2003,3,2003-03-01,49.0,7205376.0,,,,2003.1666,2003,2003,3,Saturday,1,
Galveston,2003,4,2003-04-01,77.0,12110000.0,130000.0,708.0,10.0,2003.25,2003,2003,4,Tuesday,2,-29003.047
Galveston,2003,5,2003-05-01,97.0,14680000.0,110000.0,700.0,9.9,2003.3334,2003,2003,5,Thursday,2,-49003.047
Galveston,2003,6,2003-06-01,88.0,14550000.0,143600.0,692.0,10.2,2003.4166,2003,2003,6,Sunday,2,-15403.047
Galveston,2003,7,2003-07-01,107.0,15950000.0,113800.0,,,2003.5,2003,2003,7,Tuesday,3,-45203.047
Galveston,2003,8,2003-08-01,97.0,15795000.0,131800.0,708.0,10.0,2003.5834,2003,2003,8,Friday,3,-27203.047
Galveston,2003,9,2003-09-01,69.0,10390000.0,125000.0,721.0,9.9,2003.6666,2003,2003,9,Monday,3,-34003.047
Galveston,2003,10,2003-10-01,70.0,11455000.0,124000.0,664.0,9.1,2003.75,2003,2003,10,Wednesday,4,-35003.047
Galveston,2003,11,2003-11-01,,,,,,2003.8334,2003,2003,11,Saturday,4,
Galveston,2003,12,2003-12-01,76.0,11715000.0,120000.0,631.0,8.4,2003.9166,2003,2003,12,Monday,4,-39003.047
Galveston,2004,1,2004-01-01,49.0,6815000.0,124300.0,595.0,7.8,2004.0,2004,2004,1,Thursday,1,-34703.047
Galveston,2004,2,2004-02-01,64.0,10475000.0,135000.0,776.0,10.1,2004.0834,2004,2004,2,Sunday,1,-24003.047
Galveston,2004,3,2004-03-01,84.0,15735000.0,137500.0,695.0,8.7,2004.1666,2004,2004,3,Monday,1,-21503.047
Galveston,2004,4,2004-04-01,119.0,18990000.0,124500.0,788.0,9.4,2004.25,2004,2004,4,Thursday,2,-34503.047
Galveston,2004,5,2004-05-01,97.0,19785000.0,163000.0,,,2004.3334,2004,2004,5,Saturday,2,3996.9531
Galveston,2004,6,2004-06-01,121.0,21975000.0,143000.0,700.0,8.1,2004.4166,2004,2004,6,Tuesday,2,-16003.047
Galveston,2004,7,2004-07-01,104.0,18130000.0,140000.0,716.0,8.3,2004.5,2004,2004,7,Thursday,3,-19003.047
Galveston,2004,8,2004-08-01,118.0,19700000.0,124000.0,710.0,8.0,2004.5834,2004,2004,8,Sunday,3,-35003.047
Galveston,2004,9,2004-09-01,105.0,18620000.0,139200.0,698.0,7.6,2004.6666,2004,2004,9,Wednesday,3,-19803.047
Galveston,2004,10,2004-10-01,93.0,17160000.0,147100.0,677.0,7.2,2004.75,2004,2004,10,Friday,4,-11903.047
Galveston,2004,11,2004-11-01,86.0,13750000.0,120000.0,668.0,7.2,2004.8334,2004,2004,11,Monday,4,-39003.047
Galveston,2004,12,2004-12-01,90.0,15125000.0,138200.0,,,2004.9166,2004,2004,12,Wednesday,4,-20803.047
Galveston,2005,1,2005-01-01,55.0,11115000.0,165000.0,697.0,7.4,2005.0,2005,2005,1,Saturday,1,5996.953
Galveston,2005,2,2005-02-01,80.0,16135000.0,144000.0,795.0,8.3,2005.0834,2005,2005,2,Tuesday,1,-15003.047
Galveston,2005,3,2005-03-01,88.0,14310000.0,106700.0,627.0,6.5,2005.1666,2005,2005,3,Tuesday,1,-52303.047
Galveston,2005,4,2005-04-01,160.0,31495000.0,162400.0,632.0,6.3,2005.25,2005,2005,4,Friday,2,3396.9531
Galveston,2005,5,2005-05-01,147.0,28910000.0,157900.0,745.0,7.2,2005.3334,2005,2005,5,Sunday,2,-1103.0469
Galveston,2005,6,2005-06-01,158.0,32340000.0,172900.0,748.0,7.0,2005.4166,2005,2005,6,Wednesday,2,13896.953
Galveston,2005,7,2005-07-01,140.0,31700000.0,172200.0,700.0,6.4,2005.5,2005,2005,7,Friday,3,13196.953
Galveston,2005,8,2005-08-01,144.0,28740000.0,163800.0,,,2005.5834,2005,2005,8,Monday,3,4796.953
Galveston,2005,9,2005-09-01,96.0,20545000.0,178000.0,,,2005.6666,2005,2005,9,Thursday,3,18996.953
Galveston,2005,10,2005-10-01,68.0,15750000.0,172000.0,,,2005.75,2005,2005,10,Saturday,4,12996.953
Galveston,2005,11,2005-11-01,78.0,14510000.0,160000.0,,,2005.8334,2005,2005,11,Tuesday,4,996.9531
Galveston,2005,12,2005-12-01,80.0,14730000.0,158000.0,,,2005.9166,2005,2005,12,Thursday,4,-1003.0469
Galveston,2006,1,2006-01-01,47.0,10220000.0,172500.0,808.0,7.5,2006.0,2006,2006,1,Sunday,1,13496.953
Galveston,2006,2,2006-02-01,83.0,19405000.0,182000.0,789.0,7.3,2006.0834,2006,2006,2,Wednesday,1,22996.953
Galveston,2006,3,2006-03-01,111.0,26815000.0,183800.0,1145.0,10.5,2006.1666,2006,2006,3,Wednesday,1,24796.953
Galveston,2006,4,2006-04-01,125.0,28030000.0,166900.0,1200.0,11.3,2006.25,2006,2006,4,Saturday,2,7896.953
Galveston,2006,5,2006-05-01,149.0,34570000.0,177500.0,1309.0,12.3,2006.3334,2006,2006,5,Monday,2,18496.953
Galveston,2006,6,2006-06-01,123.0,28255000.0,171300.0,1002.0,9.7,2006.4166,2006,2006,6,Thursday,2,12296.953
Galveston,2006,7,2006-07-01,109.0,21465000.0,163800.0,1361.0,13.5,2006.5,2006,2006,7,Saturday,3,4796.953
Galveston,2006,8,2006-08-01,103.0,21905000.0,176700.0,1300.0,13.3,2006.5834,2006,2006,8,Tuesday,3,17696.953
Galveston,2006,9,2006-09-01,93.0,20045000.0,171000.0,1192.0,12.2,2006.6666,2006,2006,9,Friday,3,11996.953
Galveston,2006,10,2006-10-01,88.0,20090000.0,180000.0,1595.0,16.1,2006.75,2006,2006,10,Sunday,4,20996.953
Galveston,2006,11,2006-11-01,60.0,11155000.0,165000.0,1368.0,14.0,2006.8334,2006,2006,11,Wednesday,4,5996.953
Galveston,2006,12,2006-12-01,64.0,12735000.0,156000.0,1403.0,14.6,2006.9166,2006,2006,12,Friday,4,-3003.0469
Galveston,2007,1,2007-01-01,58.0,13500000.0,168000.0,1554.0,16.0,2007.0,2007,2007,1,Monday,1,8996.953
Galveston,2007,2,2007-02-01,89.0,21580000.0,190000.0,1311.0,13.4,2007.0834,2007,2007,2,Thursday,1,30996.953
Galveston,2007,3,2007-03-01,94.0,23605000.0,195000.0,1580.0,16.4,2007.1666,2007,2007,3,Thursday,1,35996.953
Galveston,2007,4,2007-04-01,99.0,21020000.0,163300.0,1726.0,18.3,2007.25,2007,2007,4,Sunday,2,4296.953
Galveston,2007,5,2007-05-01,144.0,31350000.0,168000.0,1942.0,20.7,2007.3334,2007,2007,5,Tuesday,2,8996.953
Galveston,2007,6,2007-06-01,133.0,28815000.0,174400.0,1964.0,20.8,2007.4166,2007,2007,6,Friday,2,15396.953
Galveston,2007,7,2007-07-01,116.0,25395000.0,163300.0,1739.0,18.3,2007.5,2007,2007,7,Sunday,3,4296.953
Galveston,2007,8,2007-08-01,102.0,21480000.0,182200.0,1562.0,16.4,2007.5834,2007,2007,8,Wednesday,3,23196.953
Galveston,2007,9,2007-09-01,93.0,20855000.0,165000.0,1757.0,18.5,2007.6666,2007,2007,9,Saturday,3,5996.953
Galveston,2007,10,2007-10-01,85.0,20970000.0,192500.0,1668.0,17.6,2007.75,2007,2007,10,Monday,4,33496.953
Galveston,2007,11,2007-11-01,80.0,16640000.0,176000.0,1600.0,16.6,2007.8334,2007,2007,11,Thursday,4,16996.953
Galveston,2007,12,2007-12-01,64.0,13470000.0,171400.0,1556.0,16.1,2007.9166,2007,2007,12,Saturday,4,12396.953
Galveston,2008,1,2008-01-01,46.0,9040000.0,140000.0,1637.0,17.2,2008.0,2008,2008,1,Tuesday,1,-19003.047
Galveston,2008,2,2008-02-01,81.0,18095000.0,170000.0,1395.0,14.7,2008.0834,2008,2008,2,Friday,1,10996.953
Galveston,2008,3,2008-03-01,82.0,22175000.0,222200.0,1471.0,15.7,2008.1666,2008,2008,3,Saturday,1,63196.953
Galveston,2008,4,2008-04-01,90.0,20825000.0,176000.0,1652.0,17.8,2008.25,2008,2008,4,Tuesday,2,16996.953
Galveston,2008,5,2008-05-01,112.0,27065000.0,180000.0,1560.0,17.3,2008.3334,2008,2008,5,Thursday,2,20996.953
Galveston,2008,6,2008-06-01,133.0,32065000.0,205000.0,1688.0,18.7,2008.4166,2008,2008,6,Sunday,2,45996.953
Galveston,2008,7,2008-07-01,117.0,30240000.0,194000.0,1690.0,18.7,2008.5,2008,2008,7,Tuesday,3,34996.953
Galveston,2008,8,2008-08-01,114.0,29215000.0,208300.0,,,2008.5834,2008,2008,8,Friday,3,49296.953
Galveston,2008,9,2008-09-01,29.0,5805000.0,165000.0,,,2008.6666,2008,2008,9,Monday,3,5996.953
Galveston,2008,10,2008-10-01,25.0,5180000.0,163300.0,,,2008.75,2008,2008,10,Wednesday,4,4296.953
Galveston,2008,11,2008-11-01,27.0,5770000.0,130000.0,,,2008.8334,2008,2008,11,Saturday,4,-29003.047
Galveston,2008,12,2008-12-01,42.0,6270000.0,110000.0,,,2008.9166,2008,2008,12,Monday,4,-49003.047
Galveston,2009,1,2009-01-01,41.0,4980000.0,91700.0,1105.0,14.8,2009.0,2009,2009,1,Thursday,1,-67303.05
Galveston,2009,2,2009-02-01,62.0,7675000.0,90000.0,874.0,12.0,2009.0834,2009,2009,2,Sunday,1,-69003.05
Galveston,2009,3,2009-03-01,59.0,7850000.0,97500.0,1133.0,16.0,2009.1666,2009,2009,3,Sunday,1,-61503.047
Galveston,2009,4,2009-04-01,68.0,8175000.0,85000.0,1110.0,16.1,2009.25,2009,2009,4,Wednesday,2,-74003.05
Galveston,2009,5,2009-05-01,54.0,9660000.0,132000.0,1174.0,18.3,2009.3334,2009,2009,5,Friday,2,-27003.047
Galveston,2009,6,2009-06-01,101.0,20595000.0,163300.0,1054.0,17.1,2009.4166,2009,2009,6,Monday,2,4296.953
Galveston,2009,7,2009-07-01,83.0,15225000.0,150000.0,1158.0,19.7,2009.5,2009,2009,7,Wednesday,3,-9003.047
Galveston,2009,8,2009-08-01,65.0,11830000.0,138600.0,1199.0,21.9,2009.5834,2009,2009,8,Saturday,3,-20403.047
Galveston,2009,9,2009-09-01,58.0,10195000.0,150000.0,1323.0,23.2,2009.6666,2009,2009,9,Tuesday,3,-9003.047
Galveston,2009,10,2009-10-01,65.0,12785000.0,151700.0,1187.0,19.6,2009.75,2009,2009,10,Thursday,4,-7303.047
Galveston,2009,11,2009-11-01,47.0,10447500.0,121400.0,1161.0,18.7,2009.8334,2009,2009,11,Sunday,4,-37603.047
Galveston,2009,12,2009-12-01,52.0,8783900.0,125000.0,1011.0,16.1,2009.9166,2009,2009,12,Tuesday,4,-34003.047
Galveston,2010,1,2010-01-01,23.0,4470650.0,145000.0,1113.0,18.1,2010.0,2010,2010,1,Friday,1,-14003.047
Galveston,2010,2,2010-02-01,60.0,12826047.0,170000.0,1167.0,19.1,2010.0834,2010,2010,2,Monday,1,10996.953
Galveston,2010,3,2010-03-01,78.0,18084844.0,145000.0,1432.0,22.8,2010.1666,2010,2010,3,Monday,1,-14003.047
Galveston,2010,4,2010-04-01,82.0,18197435.0,153300.0,1263.0,19.7,2010.25,2010,2010,4,Thursday,2,-5703.047
Galveston,2010,5,2010-05-01,101.0,21252450.0,157000.0,1173.0,17.3,2010.3334,2010,2010,5,Saturday,2,-2003.0469
Galveston,2010,6,2010-06-01,81.0,18372750.0,176700.0,1448.0,21.9,2010.4166,2010,2010,6,Tuesday,2,17696.953
Galveston,2010,7,2010-07-01,87.0,20185238.0,187500.0,1463.0,22.0,2010.5,2010,2010,7,Thursday,3,28496.953
Galveston,2010,8,2010-08-01,80.0,19119412.0,180000.0,1273.0,18.8,2010.5834,2010,2010,8,Sunday,3,20996.953
Galveston,2010,9,2010-09-01,66.0,10627320.0,133300.0,1189.0,17.4,2010.6666,2010,2010,9,Wednesday,3,-25703.047
Galveston,2010,10,2010-10-01,75.0,17027250.0,172200.0,1250.0,18.0,2010.75,2010,2010,10,Friday,4,13196.953
Galveston,2010,11,2010-11-01,60.0,10558495.0,165000.0,1078.0,15.3,2010.8334,2010,2010,11,Monday,4,5996.953
Galveston,2010,12,2010-12-01,77.0,17755050.0,183300.0,1065.0,14.7,2010.9166,2010,2010,12,Wednesday,4,24296.953
Galveston,2011,1,2011-01-01,43.0,8882961.0,170000.0,1015.0,13.7,2011.0,2011,2011,1,Saturday,1,10996.953
Galveston,2011,2,2011-02-01,53.0,12988193.0,177500.0,1070.0,14.5,2011.0834,2011,2011,2,Tuesday,1,18496.953
Galveston,2011,3,2011-03-01,79.0,18616381.0,190000.0,1177.0,16.0,2011.1666,2011,2011,3,Tuesday,1,30996.953
Galveston,2011,4,2011-04-01,89.0,21087100.0,186000.0,1140.0,15.4,2011.25,2011,2011,4,Friday,2,26996.953
Galveston,2011,5,2011-05-01,89.0,19290460.0,171200.0,1006.0,13.7,2011.3334,2011,2011,5,Sunday,2,12196.953
Galveston,2011,6,2011-06-01,89.0,16671623.0,150000.0,1123.0,15.2,2011.4166,2011,2011,6,Wednesday,2,-9003.047
Galveston,2011,7,2011-07-01,95.0,19497337.0,170000.0,1067.0,14.3,2011.5,2011,2011,7,Friday,3,10996.953
Galveston,2011,8,2011-08-01,96.0,18783228.0,160000.0,978.0,12.9,2011.5834,2011,2011,8,Monday,3,996.9531
Galveston,2011,9,2011-09-01,67.0,15123508.0,174000.0,1149.0,15.1,2011.6666,2011,2011,9,Thursday,3,14996.953
Galveston,2011,10,2011-10-01,70.0,14988790.0,173300.0,1124.0,14.9,2011.75,2011,2011,10,Saturday,4,14296.953
Galveston,2011,11,2011-11-01,60.0,11460595.0,126700.0,1092.0,14.4,2011.8334,2011,2011,11,Tuesday,4,-32303.047
Galveston,2011,12,2011-12-01,79.0,16295594.0,166000.0,983.0,13.0,2011.9166,2011,2011,12,Thursday,4,6996.953
Galveston,2012,1,2012-01-01,39.0,5824300.0,122500.0,1004.0,13.3,2012.0,2012,2012,1,Sunday,1,-36503.047
Galveston,2012,2,2012-02-01,71.0,16488616.0,186000.0,1013.0,13.2,2012.0834,2012,2012,2,Wednesday,1,26996.953
Galveston,2012,3,2012-03-01,68.0,11964151.0,146700.0,1063.0,14.0,2012.1666,2012,2012,3,Thursday,1,-12303.047
Galveston,2012,4,2012-04-01,83.0,16270250.0,153800.0,1008.0,13.4,2012.25,2012,2012,4,Sunday,2,-5203.047
Galveston,2012,5,2012-05-01,122.0,25805865.0,182900.0,1002.0,12.8,2012.3334,2012,2012,5,Tuesday,2,23896.953
Galveston,2012,6,2012-06-01,115.0,24185535.0,168800.0,957.0,11.9,2012.4166,2012,2012,6,Friday,2,9796.953
Galveston,2012,7,2012-07-01,96.0,17949647.0,152500.0,921.0,11.4,2012.5,2012,2012,7,Sunday,3,-6503.047
Galveston,2012,8,2012-08-01,95.0,20157572.0,156200.0,891.0,11.1,2012.5834,2012,2012,8,Wednesday,3,-2803.0469
Galveston,2012,9,2012-09-01,64.0,13938950.0,172000.0,855.0,10.7,2012.6666,2012,2012,9,Saturday,3,12996.953
Galveston,2012,10,2012-10-01,69.0,16079510.0,186000.0,846.0,10.6,2012.75,2012,2012,10,Monday,4,26996.953
Galveston,2012,11,2012-11-01,71.0,16602150.0,178600.0,835.0,10.3,2012.8334,2012,2012,11,Thursday,4,19596.953
Galveston,2012,12,2012-12-01,84.0,20053040.0,160000.0,767.0,9.4,2012.9166,2012,2012,12,Saturday,4,996.9531
Galveston,2013,1,2013-01-01,45.0,10185965.0,165000.0,792.0,9.7,2013.0,2013,2013,1,Tuesday,1,5996.953
Galveston,2013,2,2013-02-01,77.0,18034000.0,183300.0,842.0,10.2,2013.0834,2013,2013,2,Friday,1,24296.953
Galveston,2013,3,2013-03-01,75.0,17563142.0,192500.0,887.0,10.7,2013.1666,2013,2013,3,Friday,1,33496.953
Galveston,2013,4,2013-04-01,88.0,22056185.0,216700.0,877.0,10.5,2013.25,2013,2013,4,Monday,2,57696.953
Galveston,2013,5,2013-05-01,115.0,28751616.0,202100.0,858.0,10.4,2013.3334,2013,2013,5,Wednesday,2,43096.953
Galveston,2013,6,2013-06-01,95.0,24816255.0,202800.0,847.0,10.4,2013.4166,2013,2013,6,Saturday,2,43796.953
Galveston,2013,7,2013-07-01,118.0,27186364.0,165000.0,830.0,10.0,2013.5,2013,2013,7,Monday,3,5996.953
Galveston,2013,8,2013-08-01,123.0,31677799.0,211200.0,820.0,9.6,2013.5834,2013,2013,8,Thursday,3,52196.953
Galveston,2013,9,2013-09-01,91.0,20747723.0,187800.0,822.0,9.4,2013.6666,2013,2013,9,Sunday,3,28796.953
Galveston,2013,10,2013-10-01,74.0,17181440.0,156000.0,848.0,9.6,2013.75,2013,2013,10,Tuesday,4,-3003.0469
Galveston,2013,11,2013-11-01,58.0,12378438.0,180000.0,789.0,9.1,2013.8334,2013,2013,11,Friday,4,20996.953
Galveston,2013,12,2013-12-01,64.0,15956550.0,180000.0,733.0,8.6,2013.9166,2013,2013,12,Sunday,4,20996.953
Galveston,2014,1,2014-01-01,48.0,9971513.0,176700.0,718.0,8.4,2014.0,2014,2014,1,Wednesday,1,17696.953
Galveston,2014,2,2014-02-01,96.0,22095050.0,177500.0,774.0,8.9,2014.0834,2014,2014,2,Saturday,1,18496.953
Galveston,2014,3,2014-03-01,86.0,22980200.0,204200.0,799.0,9.1,2014.1666,2014,2014,3,Saturday,1,45196.953
Galveston,2014,4,2014-04-01,119.0,27071871.0,173600.0,851.0,9.4,2014.25,2014,2014,4,Tuesday,2,14596.953
Galveston,2014,5,2014-05-01,142.0,39096743.0,229500.0,813.0,8.8,2014.3334,2014,2014,5,Thursday,2,70496.95
Galveston,2014,6,2014-06-01,133.0,33884138.0,210400.0,756.0,7.9,2014.4166,2014,2014,6,Sunday,2,51396.953
Galveston,2014,7,2014-07-01,130.0,33890559.0,196700.0,753.0,7.8,2014.5,2014,2014,7,Tuesday,3,37696.953
Galveston,2014,8,2014-08-01,108.0,29661785.0,214300.0,720.0,7.5,2014.5834,2014,2014,8,Friday,3,55296.953
Galveston,2014,9,2014-09-01,98.0,24028885.0,188000.0,682.0,7.1,2014.6666,2014,2014,9,Monday,3,28996.953
Galveston,2014,10,2014-10-01,84.0,21184727.0,212500.0,661.0,6.8,2014.75,2014,2014,10,Wednesday,4,53496.953
Galveston,2014,11,2014-11-01,68.0,18214075.0,228600.0,628.0,6.4,2014.8334,2014,2014,11,Saturday,4,69596.95
Galveston,2014,12,2014-12-01,81.0,19077557.0,182000.0,551.0,5.5,2014.9166,2014,2014,12,Monday,4,22996.953
Galveston,2015,1,2015-01-01,43.0,10840600.0,187500.0,575.0,5.8,2015.0,2015,2015,1,Thursday,1,28496.953
Galveston,2015,2,2015-02-01,65.0,15277270.0,205800.0,623.0,6.5,2015.0834,2015,2015,2,Sunday,1,46796.953
Galveston,2015,3,2015-03-01,88.0,26243125.0,203800.0,639.0,6.6,2015.1666,2015,2015,3,Sunday,1,44796.953
Galveston,2015,4,2015-04-01,95.0,25459053.0,187500.0,640.0,6.8,2015.25,2015,2015,4,Wednesday,2,28496.953
Galveston,2015,5,2015-05-01,122.0,29295720.0,210700.0,647.0,7.0,2015.3334,2015,2015,5,Friday,2,51696.953
Galveston,2015,6,2015-06-01,111.0,27475690.0,206900.0,635.0,7.0,2015.4166,2015,2015,6,Monday,2,47896.953
Galveston,2015,7,2015-07-01,141.0,32239611.0,203800.0,,,2015.5,2015,2015,7,Wednesday,3,44796.953
Garland,2000,1,2000-01-01,147.0,13211361.0,85200.0,531.0,2.3,2000.0,2000,2000,1,Saturday,1,-22108.555
Garland,2000,2,2000-02-01,201.0,19476267.0,88600.0,494.0,2.1,2000.0834,2000,2000,2,Tuesday,1,-18708.555
Garland,2000,3,2000-03-01,284.0,28469389.0,87100.0,464.0,1.9,2000.1666,2000,2000,3,Wednesday,1,-20208.555
Garland,2000,4,2000-04-01,255.0,25212040.0,92200.0,439.0,1.8,2000.25,2000,2000,4,Saturday,2,-15108.555
Garland,2000,5,2000-05-01,280.0,30127104.0,95400.0,448.0,1.8,2000.3334,2000,2000,5,Monday,2,-11908.555
Garland,2000,6,2000-06-01,302.0,30847197.0,92600.0,460.0,1.9,2000.4166,2000,2000,6,Thursday,2,-14708.555
Garland,2000,7,2000-07-01,268.0,28022295.0,94000.0,482.0,2.0,2000.5,2000,2000,7,Saturday,3,-13308.555
Garland,2000,8,2000-08-01,277.0,28925155.0,94100.0,458.0,1.9,2000.5834,2000,2000,8,Tuesday,3,-13208.555
Garland,2000,9,2000-09-01,198.0,20628552.0,95500.0,479.0,2.0,2000.6666,2000,2000,9,Friday,3,-11808.555
Garland,2000,10,2000-10-01,227.0,22872567.0,91100.0,473.0,2.0,2000.75,2000,2000,10,Sunday,4,-16208.555
Garland,2000,11,2000-11-01,212.0,21070967.0,93700.0,430.0,1.8,2000.8334,2000,2000,11,Wednesday,4,-13608.555
Garland,2000,12,2000-12-01,185.0,19032017.0,96600.0,411.0,1.7,2000.9166,2000,2000,12,Friday,4,-10708.555
Garland,2001,1,2001-01-01,164.0,16566536.0,94200.0,466.0,2.0,2001.0,2001,2001,1,Monday,1,-13108.555
Garland,2001,2,2001-02-01,181.0,20277198.0,102000.0,488.0,2.1,2001.0834,2001,2001,2,Thursday,1,-5308.5547
Garland,2001,3,2001-03-01,243.0,26205161.0,98600.0,510.0,2.2,2001.1666,2001,2001,3,Thursday,1,-8708.555
Garland,2001,4,2001-04-01,239.0,26745976.0,101400.0,547.0,2.4,2001.25,2001,2001,4,Sunday,2,-5908.5547
Garland,2001,5,2001-05-01,263.0,29327984.0,102500.0,626.0,2.7,2001.3334,2001,2001,5,Tuesday,2,-4808.5547
Garland,2001,6,2001-06-01,279.0,31764780.0,103800.0,646.0,2.8,2001.4166,2001,2001,6,Friday,2,-3508.5547
Garland,2001,7,2001-07-01,290.0,33036555.0,106200.0,691.0,3.0,2001.5,2001,2001,7,Sunday,3,-1108.5547
Garland,2001,8,2001-08-01,269.0,31170273.0,106600.0,712.0,3.1,2001.5834,2001,2001,8,Wednesday,3,-708.5547
Garland,2001,9,2001-09-01,250.0,28441418.0,106400.0,743.0,3.2,2001.6666,2001,2001,9,Saturday,3,-908.5547
Garland,2001,10,2001-10-01,189.0,20471486.0,101500.0,791.0,3.4,2001.75,2001,2001,10,Monday,4,-5808.5547
Garland,2001,11,2001-11-01,224.0,25592002.0,104600.0,748.0,3.2,2001.8334,2001,2001,11,Thursday,4,-2708.5547
Garland,2001,12,2001-12-01,212.0,24692007.0,109200.0,693.0,3.0,2001.9166,2001,2001,12,Saturday,4,1891.4453
Garland,2002,1,2002-01-01,165.0,19318098.0,105100.0,746.0,3.2,2002.0,2002,2002,1,Tuesday,1,-2208.5547
Garland,2002,2,2002-02-01,199.0,21810392.0,103600.0,691.0,2.9,2002.0834,2002,2002,2,Friday,1,-3708.5547
Garland,2002,3,2002-03-01,249.0,28743809.0,105600.0,736.0,3.1,2002.1666,2002,2002,3,Friday,1,-1708.5547
Garland,2002,4,2002-04-01,243.0,27695434.0,107100.0,765.0,3.2,2002.25,2002,2002,4,Monday,2,-208.55469
Garland,2002,5,2002-05-01,239.0,27296475.0,106900.0,803.0,3.4,2002.3334,2002,2002,5,Wednesday,2,-408.5547
Garland,2002,6,2002-06-01,235.0,28199140.0,108500.0,895.0,3.9,2002.4166,2002,2002,6,Saturday,2,1191.4453
Garland,2002,7,2002-07-01,283.0,34447574.0,111300.0,972.0,4.2,2002.5,2002,2002,7,Monday,3,3991.4453
Garland,2002,8,2002-08-01,259.0,32760406.0,113700.0,1011.0,4.4,2002.5834,2002,2002,8,Thursday,3,6391.4453
Garland,2002,9,2002-09-01,238.0,29862554.0,112500.0,1028.0,4.5,2002.6666,2002,2002,9,Sunday,3,5191.4453
Garland,2002,10,2002-10-01,224.0,26968544.0,110600.0,1021.0,4.4,2002.75,2002,2002,10,Tuesday,4,3291.4453
Garland,2002,11,2002-11-01,215.0,26031424.0,111200.0,1013.0,4.4,2002.8334,2002,2002,11,Friday,4,3891.4453
Garland,2002,12,2002-12-01,187.0,22302022.0,109800.0,978.0,4.3,2002.9166,2002,2002,12,Sunday,4,2491.4453
Garland,2003,1,2003-01-01,151.0,16880476.0,108700.0,1110.0,4.9,2003.0,2003,2003,1,Wednesday,1,1391.4453
Garland,2003,2,2003-02-01,166.0,20980197.0,111200.0,1161.0,5.2,2003.0834,2003,2003,2,Saturday,1,3891.4453
Garland,2003,3,2003-03-01,225.0,28112568.0,114200.0,1157.0,5.2,2003.1666,2003,2003,3,Saturday,1,6891.4453
Garland,2003,4,2003-04-01,215.0,25762326.0,112200.0,1187.0,5.4,2003.25,2003,2003,4,Tuesday,2,4891.4453
Garland,2003,5,2003-05-01,289.0,34095219.0,110500.0,1232.0,5.5,2003.3334,2003,2003,5,Thursday,2,3191.4453
Garland,2003,6,2003-06-01,248.0,29097014.0,109600.0,1224.0,5.4,2003.4166,2003,2003,6,Sunday,2,2291.4453
Garland,2003,7,2003-07-01,252.0,31474962.0,114700.0,1283.0,5.8,2003.5,2003,2003,7,Tuesday,3,7391.4453
Garland,2003,8,2003-08-01,275.0,33711426.0,112400.0,1241.0,5.5,2003.5834,2003,2003,8,Friday,3,5091.4453
Garland,2003,9,2003-09-01,237.0,28506542.0,109500.0,1262.0,5.6,2003.6666,2003,2003,9,Monday,3,2191.4453
Garland,2003,10,2003-10-01,230.0,26053870.0,106700.0,1260.0,5.6,2003.75,2003,2003,10,Wednesday,4,-608.5547
Garland,2003,11,2003-11-01,182.0,21696913.0,107600.0,1232.0,5.6,2003.8334,2003,2003,11,Saturday,4,291.4453
Garland,2003,12,2003-12-01,231.0,27392602.0,110100.0,1147.0,5.1,2003.9166,2003,2003,12,Monday,4,2791.4453
Garland,2004,1,2004-01-01,140.0,16217188.0,108800.0,1165.0,5.2,2004.0,2004,2004,1,Thursday,1,1491.4453
Garland,2004,2,2004-02-01,186.0,22251740.0,112000.0,1165.0,5.2,2004.0834,2004,2004,2,Sunday,1,4691.4453
Garland,2004,3,2004-03-01,285.0,33037256.0,108500.0,1225.0,5.3,2004.1666,2004,2004,3,Monday,1,1191.4453
Garland,2004,4,2004-04-01,241.0,29213876.0,112100.0,1272.0,5.5,2004.25,2004,2004,4,Thursday,2,4791.4453
Garland,2004,5,2004-05-01,260.0,30338952.0,108800.0,1297.0,5.6,2004.3334,2004,2004,5,Saturday,2,1491.4453
Garland,2004,6,2004-06-01,273.0,32869395.0,111900.0,1336.0,5.7,2004.4166,2004,2004,6,Tuesday,2,4591.4453
Garland,2004,7,2004-07-01,258.0,31862583.0,111800.0,1378.0,5.9,2004.5,2004,2004,7,Thursday,3,4491.4453
Garland,2004,8,2004-08-01,250.0,30166474.0,111000.0,1386.0,6.0,2004.5834,2004,2004,8,Sunday,3,3691.4453
Garland,2004,9,2004-09-01,206.0,24399842.0,110200.0,1338.0,5.9,2004.6666,2004,2004,9,Wednesday,3,2891.4453
Garland,2004,10,2004-10-01,221.0,26267995.0,107900.0,1308.0,5.7,2004.75,2004,2004,10,Friday,4,591.4453
Garland,2004,11,2004-11-01,200.0,24011450.0,109700.0,1214.0,5.3,2004.8334,2004,2004,11,Monday,4,2391.4453
Garland,2004,12,2004-12-01,244.0,27733449.0,107100.0,1091.0,4.7,2004.9166,2004,2004,12,Wednesday,4,-208.55469
Garland,2005,1,2005-01-01,138.0,14900928.0,101800.0,1137.0,4.9,2005.0,2005,2005,1,Saturday,1,-5508.5547
Garland,2005,2,2005-02-01,170.0,19903304.0,110500.0,1156.0,5.1,2005.0834,2005,2005,2,Tuesday,1,3191.4453
Garland,2005,3,2005-03-01,260.0,30262772.0,108900.0,1239.0,5.5,2005.1666,2005,2005,3,Tuesday,1,1591.4453
Garland,2005,4,2005-04-01,244.0,29831503.0,109100.0,1259.0,5.5,2005.25,2005,2005,4,Friday,2,1791.4453
Garland,2005,5,2005-05-01,235.0,27870932.0,107400.0,1258.0,5.6,2005.3334,2005,2005,5,Sunday,2,91.44531
Garland,2005,6,2005-06-01,271.0,32505698.0,112100.0,1282.0,5.7,2005.4166,2005,2005,6,Wednesday,2,4791.4453
Garland,2005,7,2005-07-01,267.0,32507793.0,113100.0,1316.0,5.8,2005.5,2005,2005,7,Friday,3,5791.4453
Garland,2005,8,2005-08-01,268.0,34292266.0,116100.0,,,2005.5834,2005,2005,8,Monday,3,8791.445
Garland,2005,9,2005-09-01,221.0,27987863.0,113500.0,1277.0,5.6,2005.6666,2005,2005,9,Thursday,3,6191.4453
Garland,2005,10,2005-10-01,243.0,30315231.0,113500.0,1242.0,5.4,2005.75,2005,2005,10,Saturday,4,6191.4453
Garland,2005,11,2005-11-01,188.0,23482216.0,113500.0,1233.0,5.4,2005.8334,2005,2005,11,Tuesday,4,6191.4453
Garland,2005,12,2005-12-01,189.0,22671771.0,107800.0,1188.0,5.3,2005.9166,2005,2005,12,Thursday,4,491.4453
Garland,2006,1,2006-01-01,149.0,16689261.0,105900.0,1280.0,5.7,2006.0,2006,2006,1,Sunday,1,-1408.5547
Garland,2006,2,2006-02-01,169.0,19945821.0,108000.0,1322.0,5.9,2006.0834,2006,2006,2,Wednesday,1,691.4453
Garland,2006,3,2006-03-01,224.0,27278118.0,107900.0,1337.0,6.0,2006.1666,2006,2006,3,Wednesday,1,591.4453
Garland,2006,4,2006-04-01,261.0,31012995.0,109300.0,1357.0,6.1,2006.25,2006,2006,4,Saturday,2,1991.4453
Garland,2006,5,2006-05-01,274.0,34382686.0,115300.0,1407.0,6.2,2006.3334,2006,2006,5,Monday,2,7991.4453
Garland,2006,6,2006-06-01,288.0,37032552.0,114100.0,1446.0,6.3,2006.4166,2006,2006,6,Thursday,2,6791.4453
Garland,2006,7,2006-07-01,234.0,30189984.0,113100.0,1506.0,6.7,2006.5,2006,2006,7,Saturday,3,5791.4453
Garland,2006,8,2006-08-01,270.0,32944212.0,111700.0,1422.0,6.3,2006.5834,2006,2006,8,Tuesday,3,4391.4453
Garland,2006,9,2006-09-01,243.0,29356316.0,110500.0,1412.0,6.2,2006.6666,2006,2006,9,Friday,3,3191.4453
Garland,2006,10,2006-10-01,241.0,32073353.0,109600.0,1323.0,5.8,2006.75,2006,2006,10,Sunday,4,2291.4453
Garland,2006,11,2006-11-01,216.0,27132456.0,109000.0,1289.0,5.6,2006.8334,2006,2006,11,Wednesday,4,1691.4453
Garland,2006,12,2006-12-01,206.0,25965558.0,111400.0,1221.0,5.3,2006.9166,2006,2006,12,Friday,4,4091.4453
Garland,2007,1,2007-01-01,139.0,17071934.0,110500.0,1297.0,5.6,2007.0,2007,2007,1,Monday,1,3191.4453
Garland,2007,2,2007-02-01,162.0,19836702.0,108800.0,1311.0,5.7,2007.0834,2007,2007,2,Thursday,1,1491.4453
Garland,2007,3,2007-03-01,241.0,29558304.0,105000.0,1438.0,6.2,2007.1666,2007,2007,3,Thursday,1,-2308.5547
Garland,2007,4,2007-04-01,203.0,26275230.0,108700.0,1518.0,6.7,2007.25,2007,2007,4,Sunday,2,1391.4453
Garland,2007,5,2007-05-01,273.0,35405310.0,113500.0,1457.0,6.4,2007.3334,2007,2007,5,Tuesday,2,6191.4453
Garland,2007,6,2007-06-01,273.0,34830015.0,112400.0,1418.0,6.3,2007.4166,2007,2007,6,Friday,2,5091.4453
Garland,2007,7,2007-07-01,246.0,30077431.0,110000.0,1419.0,6.3,2007.5,2007,2007,7,Sunday,3,2691.4453
Garland,2007,8,2007-08-01,230.0,28412005.0,109000.0,1408.0,6.3,2007.5834,2007,2007,8,Wednesday,3,1691.4453
Garland,2007,9,2007-09-01,151.0,18040082.0,105900.0,1379.0,6.4,2007.6666,2007,2007,9,Saturday,3,-1408.5547
Garland,2007,10,2007-10-01,176.0,20784576.0,104800.0,1304.0,6.2,2007.75,2007,2007,10,Monday,4,-2508.5547
Garland,2007,11,2007-11-01,205.0,22697297.0,96900.0,1266.0,6.1,2007.8334,2007,2007,11,Thursday,4,-10408.555
Garland,2007,12,2007-12-01,171.0,18910881.0,101200.0,1109.0,5.4,2007.9166,2007,2007,12,Saturday,4,-6108.5547
Garland,2008,1,2008-01-01,142.0,15872095.0,100000.0,1163.0,5.6,2008.0,2008,2008,1,Tuesday,1,-7308.5547
Garland,2008,2,2008-02-01,169.0,17954868.0,99600.0,1138.0,5.5,2008.0834,2008,2008,2,Friday,1,-7708.5547
Garland,2008,3,2008-03-01,174.0,20717436.0,104400.0,1102.0,5.5,2008.1666,2008,2008,3,Saturday,1,-2908.5547
Garland,2008,4,2008-04-01,192.0,24010185.0,102600.0,1092.0,5.5,2008.25,2008,2008,4,Tuesday,2,-4708.5547
Garland,2008,5,2008-05-01,186.0,22990690.0,100600.0,1098.0,5.7,2008.3334,2008,2008,5,Thursday,2,-6708.5547
Garland,2008,6,2008-06-01,188.0,21171016.0,103300.0,1122.0,6.0,2008.4166,2008,2008,6,Sunday,2,-4008.5547
Garland,2008,7,2008-07-01,175.0,21402746.0,106800.0,1102.0,6.1,2008.5,2008,2008,7,Tuesday,3,-508.5547
Garland,2008,8,2008-08-01,201.0,24272891.0,99800.0,1055.0,5.9,2008.5834,2008,2008,8,Friday,3,-7508.5547
Garland,2008,9,2008-09-01,176.0,19825787.0,103300.0,1005.0,5.6,2008.6666,2008,2008,9,Monday,3,-4008.5547
Garland,2008,10,2008-10-01,163.0,18669831.0,101200.0,953.0,5.3,2008.75,2008,2008,10,Wednesday,4,-6108.5547
Garland,2008,11,2008-11-01,122.0,13009553.0,96400.0,942.0,5.5,2008.8334,2008,2008,11,Saturday,4,-10908.555
Garland,2008,12,2008-12-01,136.0,15284222.0,97100.0,853.0,5.1,2008.9166,2008,2008,12,Monday,4,-10208.555
Garland,2009,1,2009-01-01,104.0,11902212.0,97500.0,859.0,5.2,2009.0,2009,2009,1,Thursday,1,-9808.555
Garland,2009,2,2009-02-01,149.0,18233931.0,100600.0,871.0,5.3,2009.0834,2009,2009,2,Sunday,1,-6708.5547
Garland,2009,3,2009-03-01,148.0,15833482.0,91100.0,842.0,5.2,2009.1666,2009,2009,3,Sunday,1,-16208.555
Garland,2009,4,2009-04-01,158.0,18046818.0,103200.0,843.0,5.3,2009.25,2009,2009,4,Wednesday,2,-4108.5547
Garland,2009,5,2009-05-01,150.0,17949571.0,104200.0,861.0,5.5,2009.3334,2009,2009,5,Friday,2,-3108.5547
Garland,2009,6,2009-06-01,183.0,24003777.0,111500.0,726.0,4.7,2009.4166,2009,2009,6,Monday,2,4191.4453
Garland,2009,7,2009-07-01,177.0,20935012.0,105900.0,751.0,4.8,2009.5,2009,2009,7,Wednesday,3,-1408.5547
Garland,2009,8,2009-08-01,169.0,19731570.0,106500.0,712.0,4.7,2009.5834,2009,2009,8,Saturday,3,-808.5547
Garland,2009,9,2009-09-01,169.0,19203835.0,103100.0,712.0,4.7,2009.6666,2009,2009,9,Tuesday,3,-4208.5547
Garland,2009,10,2009-10-01,177.0,19821976.0,102200.0,710.0,4.6,2009.75,2009,2009,10,Thursday,4,-5108.5547
Garland,2009,11,2009-11-01,189.0,21737619.0,107100.0,714.0,4.5,2009.8334,2009,2009,11,Sunday,4,-208.55469
Garland,2009,12,2009-12-01,140.0,14093556.0,97800.0,705.0,4.4,2009.9166,2009,2009,12,Tuesday,4,-9508.555
Garland,2010,1,2010-01-01,98.0,9545740.0,85000.0,752.0,4.7,2010.0,2010,2010,1,Friday,1,-22308.555
Garland,2010,2,2010-02-01,124.0,13600188.0,93000.0,825.0,5.3,2010.0834,2010,2010,2,Monday,1,-14308.555
Garland,2010,3,2010-03-01,169.0,20204279.0,103900.0,825.0,5.2,2010.1666,2010,2010,3,Monday,1,-3408.5547
Garland,2010,4,2010-04-01,224.0,27492406.0,109400.0,809.0,4.9,2010.25,2010,2010,4,Thursday,2,2091.4453
Garland,2010,5,2010-05-01,198.0,23228369.0,99500.0,824.0,4.9,2010.3334,2010,2010,5,Saturday,2,-7808.5547
Garland,2010,6,2010-06-01,185.0,22229676.0,102900.0,918.0,5.5,2010.4166,2010,2010,6,Tuesday,2,-4408.5547
Garland,2010,7,2010-07-01,120.0,13528080.0,97500.0,978.0,6.0,2010.5,2010,2010,7,Thursday,3,-9808.555
Garland,2010,8,2010-08-01,116.0,14169860.0,94400.0,990.0,6.2,2010.5834,2010,2010,8,Sunday,3,-12908.555
Garland,2010,9,2010-09-01,149.0,17505580.0,97300.0,1023.0,6.5,2010.6666,2010,2010,9,Wednesday,3,-10008.555
Garland,2010,10,2010-10-01,110.0,12568308.0,91800.0,956.0,6.3,2010.75,2010,2010,10,Friday,4,-15508.555
Garland,2010,11,2010-11-01,110.0,11220556.0,90000.0,889.0,6.1,2010.8334,2010,2010,11,Monday,4,-17308.555
Garland,2010,12,2010-12-01,114.0,11689491.0,84300.0,871.0,6.1,2010.9166,2010,2010,12,Wednesday,4,-23008.555
Garland,2011,1,2011-01-01,87.0,9475788.0,95900.0,847.0,6.0,2011.0,2011,2011,1,Saturday,1,-11408.555
Garland,2011,2,2011-02-01,101.0,10639314.0,87200.0,867.0,6.2,2011.0834,2011,2011,2,Tuesday,1,-20108.555
Garland,2011,3,2011-03-01,138.0,13783069.0,80900.0,861.0,6.3,2011.1666,2011,2011,3,Tuesday,1,-26408.555
Garland,2011,4,2011-04-01,136.0,15499612.0,90000.0,863.0,6.6,2011.25,2011,2011,4,Friday,2,-17308.555
Garland,2011,5,2011-05-01,179.0,20006128.0,93000.0,820.0,6.4,2011.3334,2011,2011,5,Sunday,2,-14308.555
Garland,2011,6,2011-06-01,175.0,18286856.0,95900.0,805.0,6.3,2011.4166,2011,2011,6,Wednesday,2,-11408.555
Garland,2011,7,2011-07-01,151.0,17530079.0,104800.0,774.0,5.9,2011.5,2011,2011,7,Friday,3,-2508.5547
Garland,2011,8,2011-08-01,167.0,16673418.0,86200.0,720.0,5.3,2011.5834,2011,2011,8,Monday,3,-21108.555
Garland,2011,9,2011-09-01,139.0,14522385.0,95900.0,693.0,5.2,2011.6666,2011,2011,9,Thursday,3,-11408.555
Garland,2011,10,2011-10-01,118.0,12132590.0,89000.0,626.0,4.7,2011.75,2011,2011,10,Saturday,4,-18308.555
Garland,2011,11,2011-11-01,140.0,15461044.0,85000.0,612.0,4.5,2011.8334,2011,2011,11,Tuesday,4,-22308.555
Garland,2011,12,2011-12-01,115.0,13506025.0,100700.0,546.0,4.0,2011.9166,2011,2011,12,Thursday,4,-6608.5547
Garland,2012,1,2012-01-01,98.0,9335840.0,85000.0,550.0,4.0,2012.0,2012,2012,1,Sunday,1,-22308.555
Garland,2012,2,2012-02-01,138.0,14074712.0,90000.0,532.0,3.8,2012.0834,2012,2012,2,Wednesday,1,-17308.555
Garland,2012,3,2012-03-01,148.0,15216700.0,92100.0,515.0,3.6,2012.1666,2012,2012,3,Thursday,1,-15208.555
Garland,2012,4,2012-04-01,155.0,18040115.0,95000.0,532.0,3.7,2012.25,2012,2012,4,Sunday,2,-12308.555
Garland,2012,5,2012-05-01,202.0,22148682.0,93700.0,494.0,3.4,2012.3334,2012,2012,5,Tuesday,2,-13608.555
Garland,2012,6,2012-06-01,174.0,20433954.0,100000.0,492.0,3.4,2012.4166,2012,2012,6,Friday,2,-7308.5547
Garland,2012,7,2012-07-01,192.0,21780530.0,101300.0,500.0,3.4,2012.5,2012,2012,7,Sunday,3,-6008.5547
Garland,2012,8,2012-08-01,179.0,21187848.0,104800.0,487.0,3.3,2012.5834,2012,2012,8,Wednesday,3,-2508.5547
Garland,2012,9,2012-09-01,143.0,16694522.0,105800.0,468.0,3.1,2012.6666,2012,2012,9,Saturday,3,-1508.5547
Garland,2012,10,2012-10-01,152.0,16756654.0,95400.0,463.0,3.0,2012.75,2012,2012,10,Monday,4,-11908.555
Garland,2012,11,2012-11-01,130.0,15977478.0,110000.0,416.0,2.7,2012.8334,2012,2012,11,Thursday,4,2691.4453
Garland,2012,12,2012-12-01,141.0,18857592.0,111000.0,371.0,2.4,2012.9166,2012,2012,12,Saturday,4,3691.4453
Garland,2013,1,2013-01-01,137.0,14855296.0,99000.0,366.0,2.3,2013.0,2013,2013,1,Tuesday,1,-8308.555
Garland,2013,2,2013-02-01,139.0,16539257.0,109500.0,326.0,2.1,2013.0834,2013,2013,2,Friday,1,2191.4453
Garland,2013,3,2013-03-01,179.0,24566560.0,117100.0,316.0,2.0,2013.1666,2013,2013,3,Friday,1,9791.445
Garland,2013,4,2013-04-01,176.0,22363005.0,113500.0,310.0,1.9,2013.25,2013,2013,4,Monday,2,6191.4453
Garland,2013,5,2013-05-01,183.0,23804280.0,108600.0,323.0,2.0,2013.3334,2013,2013,5,Wednesday,2,1291.4453
Garland,2013,6,2013-06-01,183.0,24430017.0,123800.0,336.0,2.1,2013.4166,2013,2013,6,Saturday,2,16491.445
Garland,2013,7,2013-07-01,213.0,30879834.0,128100.0,336.0,2.1,2013.5,2013,2013,7,Monday,3,20791.445
Garland,2013,8,2013-08-01,192.0,27222542.0,118100.0,336.0,2.0,2013.5834,2013,2013,8,Thursday,3,10791.445
Garland,2013,9,2013-09-01,145.0,19885197.0,116700.0,317.0,1.9,2013.6666,2013,2013,9,Sunday,3,9391.445
Garland,2013,10,2013-10-01,163.0,21388717.0,116800.0,321.0,1.9,2013.75,2013,2013,10,Tuesday,4,9491.445
Garland,2013,11,2013-11-01,124.0,15581986.0,117900.0,314.0,1.9,2013.8334,2013,2013,11,Friday,4,10591.445
Garland,2013,12,2013-12-01,140.0,18473472.0,121500.0,281.0,1.7,2013.9166,2013,2013,12,Sunday,4,14191.445
Garland,2014,1,2014-01-01,120.0,14669484.0,117000.0,281.0,1.7,2014.0,2014,2014,1,Wednesday,1,9691.445
Garland,2014,2,2014-02-01,117.0,15400143.0,111200.0,286.0,1.8,2014.0834,2014,2014,2,Saturday,1,3891.4453
Garland,2014,3,2014-03-01,151.0,21347712.0,122200.0,271.0,1.7,2014.1666,2014,2014,3,Saturday,1,14891.445
Garland,2014,4,2014-04-01,212.0,30769248.0,130600.0,265.0,1.6,2014.25,2014,2014,4,Tuesday,2,23291.445
Garland,2014,5,2014-05-01,186.0,26009184.0,129300.0,306.0,1.9,2014.3334,2014,2014,5,Thursday,2,21991.445
Garland,2014,6,2014-06-01,203.0,32523884.0,134600.0,295.0,1.8,2014.4166,2014,2014,6,Sunday,2,27291.445
Garland,2014,7,2014-07-01,218.0,33060828.0,135900.0,295.0,1.8,2014.5,2014,2014,7,Tuesday,3,28591.445
Garland,2014,8,2014-08-01,204.0,31682214.0,132600.0,293.0,1.8,2014.5834,2014,2014,8,Friday,3,25291.445
Garland,2014,9,2014-09-01,179.0,27637677.0,137100.0,293.0,1.7,2014.6666,2014,2014,9,Monday,3,29791.445
Garland,2014,10,2014-10-01,191.0,28651602.0,136300.0,234.0,1.4,2014.75,2014,2014,10,Wednesday,4,28991.445
Garland,2014,11,2014-11-01,160.0,24398343.0,135600.0,227.0,1.3,2014.8334,2014,2014,11,Saturday,4,28291.445
Garland,2014,12,2014-12-01,155.0,22839685.0,129700.0,212.0,1.2,2014.9166,2014,2014,12,Monday,4,22391.445
Garland,2015,1,2015-01-01,114.0,17591250.0,135800.0,198.0,1.1,2015.0,2015,2015,1,Thursday,1,28491.445
Garland,2015,2,2015-02-01,123.0,19955972.0,141400.0,147.0,0.8,2015.0834,2015,2015,2,Sunday,1,34091.445
Garland,2015,3,2015-03-01,172.0,25582593.0,135900.0,146.0,0.8,2015.1666,2015,2015,3,Sunday,1,28591.445
Garland,2015,4,2015-04-01,160.0,24616400.0,141000.0,170.0,1.0,2015.25,2015,2015,4,Wednesday,2,33691.445
Garland,2015,5,2015-05-01,195.0,32018011.0,151000.0,177.0,1.0,2015.3334,2015,2015,5,Friday,2,43691.445
Garland,2015,6,2015-06-01,212.0,35772714.0,154800.0,208.0,1.2,2015.4166,2015,2015,6,Monday,2,47491.445
Garland,2015,7,2015-07-01,216.0,33912790.0,144700.0,276.0,1.6,2015.5,2015,2015,7,Wednesday,3,37391.445
Harlingen,2000,1,2000-01-01,31.0,3910000.0,87500.0,644.0,24.9,2000.0,2000,2000,1,Saturday,1,-244.44531
Harlingen,2000,2,2000-02-01,35.0,3435000.0,83800.0,699.0,26.0,2000.0834,2000,2000,2,Tuesday,1,-3944.4453
Harlingen,2000,3,2000-03-01,22.0,2120000.0,77500.0,630.0,24.4,2000.1666,2000,2000,3,Wednesday,1,-10244.445
Harlingen,2000,4,2000-04-01,21.0,2240000.0,81700.0,682.0,27.3,2000.25,2000,2000,4,Saturday,2,-6044.4453
Harlingen,2000,5,2000-05-01,30.0,2350000.0,67500.0,650.0,26.2,2000.3334,2000,2000,5,Monday,2,-20244.445
Harlingen,2000,6,2000-06-01,21.0,3135000.0,95000.0,,,2000.4166,2000,2000,6,Thursday,2,7255.5547
Harlingen,2000,7,2000-07-01,9.0,1110000.0,87500.0,719.0,30.8,2000.5,2000,2000,7,Saturday,3,-244.44531
Harlingen,2000,8,2000-08-01,38.0,3125000.0,63300.0,850.0,35.8,2000.5834,2000,2000,8,Tuesday,3,-24444.445
Harlingen,2000,9,2000-09-01,14.0,1565000.0,95000.0,714.0,31.2,2000.6666,2000,2000,9,Friday,3,7255.5547
Harlingen,2000,10,2000-10-01,37.0,3655000.0,90800.0,832.0,34.2,2000.75,2000,2000,10,Sunday,4,3055.5547
Harlingen,2000,11,2000-11-01,30.0,3460000.0,85000.0,805.0,31.6,2000.8334,2000,2000,11,Wednesday,4,-2744.4453
Harlingen,2000,12,2000-12-01,20.0,1605000.0,75000.0,811.0,31.6,2000.9166,2000,2000,12,Friday,4,-12744.445
Harlingen,2001,1,2001-01-01,21.0,1695000.0,78300.0,801.0,32.3,2001.0,2001,2001,1,Monday,1,-9444.445
Harlingen,2001,2,2001-02-01,18.0,1770000.0,90000.0,781.0,33.4,2001.0834,2001,2001,2,Thursday,1,2255.5547
Harlingen,2001,3,2001-03-01,14.0,835000.0,50000.0,822.0,36.1,2001.1666,2001,2001,3,Thursday,1,-37744.445
Harlingen,2001,4,2001-04-01,,,,,,2001.25,2001,2001,4,Sunday,2,
Harlingen,2001,5,2001-05-01,23.0,2755000.0,93800.0,718.0,32.3,2001.3334,2001,2001,5,Tuesday,2,6055.5547
Harlingen,2001,6,2001-06-01,,,,,,2001.4166,2001,2001,6,Friday,2,
Harlingen,2001,7,2001-07-01,30.0,2585000.0,78000.0,829.0,33.8,2001.5,2001,2001,7,Sunday,3,-9744.445
Harlingen,2001,8,2001-08-01,33.0,3060000.0,58800.0,888.0,37.0,2001.5834,2001,2001,8,Wednesday,3,-28944.445
Harlingen,2001,9,2001-09-01,,,,,,2001.6666,2001,2001,9,Saturday,3,
Harlingen,2001,10,2001-10-01,37.0,3120000.0,69200.0,876.0,34.9,2001.75,2001,2001,10,Monday,4,-18544.445
Harlingen,2001,11,2001-11-01,19.0,1500000.0,75000.0,950.0,39.7,2001.8334,2001,2001,11,Thursday,4,-12744.445
Harlingen,2001,12,2001-12-01,27.0,2235000.0,75000.0,801.0,32.5,2001.9166,2001,2001,12,Saturday,4,-12744.445
Harlingen,2002,1,2002-01-01,45.0,3240000.0,65000.0,1008.0,36.9,2002.0,2002,2002,1,Tuesday,1,-22744.445
Harlingen,2002,2,2002-02-01,,,,,,2002.0834,2002,2002,2,Friday,1,
Harlingen,2002,3,2002-03-01,29.0,2195000.0,68300.0,1055.0,34.7,2002.1666,2002,2002,3,Friday,1,-19444.445
Harlingen,2002,4,2002-04-01,,,,,,2002.25,2002,2002,4,Monday,2,
Harlingen,2002,5,2002-05-01,32.0,3475000.0,77500.0,1180.0,37.5,2002.3334,2002,2002,5,Wednesday,2,-10244.445
Harlingen,2002,6,2002-06-01,52.0,4865000.0,84000.0,,,2002.4166,2002,2002,6,Saturday,2,-3744.4453
Harlingen,2002,7,2002-07-01,31.0,2635000.0,67000.0,1167.0,34.4,2002.5,2002,2002,7,Monday,3,-20744.445
Harlingen,2002,8,2002-08-01,,,,,,2002.5834,2002,2002,8,Thursday,3,
Harlingen,2002,9,2002-09-01,,,,,,2002.6666,2002,2002,9,Sunday,3,
Harlingen,2002,10,2002-10-01,,,,,,2002.75,2002,2002,10,Tuesday,4,
Harlingen,2002,11,2002-11-01,,,,,,2002.8334,2002,2002,11,Friday,4,
Harlingen,2002,12,2002-12-01,,,,,,2002.9166,2002,2002,12,Sunday,4,
Harlingen,2003,1,2003-01-01,,,,,,2003.0,2003,2003,1,Wednesday,1,
Harlingen,2003,2,2003-02-01,,,,,,2003.0834,2003,2003,2,Saturday,1,
Harlingen,2003,3,2003-03-01,53.0,5210000.0,75000.0,566.0,,2003.1666,2003,2003,3,Saturday,1,-12744.445
Harlingen,2003,4,2003-04-01,,,,,,2003.25,2003,2003,4,Tuesday,2,
Harlingen,2003,5,2003-05-01,65.0,6280000.0,78300.0,546.0,,2003.3334,2003,2003,5,Thursday,2,-9444.445
Harlingen,2003,6,2003-06-01,66.0,6190000.0,80000.0,569.0,,2003.4166,2003,2003,6,Sunday,2,-7744.4453
Harlingen,2003,7,2003-07-01,,,,,,2003.5,2003,2003,7,Tuesday,3,
Harlingen,2003,8,2003-08-01,53.0,5095000.0,81700.0,551.0,,2003.5834,2003,2003,8,Friday,3,-6044.4453
Harlingen,2003,9,2003-09-01,69.0,6405000.0,83600.0,568.0,,2003.6666,2003,2003,9,Monday,3,-4144.4453
Harlingen,2003,10,2003-10-01,70.0,7385000.0,89100.0,526.0,,2003.75,2003,2003,10,Wednesday,4,1355.5547
Harlingen,2003,11,2003-11-01,,,,,,2003.8334,2003,2003,11,Saturday,4,
Harlingen,2003,12,2003-12-01,64.0,6450000.0,91700.0,513.0,,2003.9166,2003,2003,12,Monday,4,3955.5547
Harlingen,2004,1,2004-01-01,48.0,5150000.0,102900.0,515.0,8.4,2004.0,2004,2004,1,Thursday,1,15155.555
Harlingen,2004,2,2004-02-01,60.0,5820000.0,82000.0,507.0,8.3,2004.0834,2004,2004,2,Sunday,1,-5744.4453
Harlingen,2004,3,2004-03-01,63.0,6520000.0,77500.0,520.0,8.4,2004.1666,2004,2004,3,Monday,1,-10244.445
Harlingen,2004,4,2004-04-01,83.0,8340000.0,77500.0,,,2004.25,2004,2004,4,Thursday,2,-10244.445
Harlingen,2004,5,2004-05-01,70.0,7250000.0,90000.0,,,2004.3334,2004,2004,5,Saturday,2,2255.5547
Harlingen,2004,6,2004-06-01,97.0,10350000.0,87900.0,,,2004.4166,2004,2004,6,Tuesday,2,155.55469
Harlingen,2004,7,2004-07-01,64.0,5805000.0,75000.0,562.0,8.3,2004.5,2004,2004,7,Thursday,3,-12744.445
Harlingen,2004,8,2004-08-01,75.0,7890000.0,85600.0,565.0,8.1,2004.5834,2004,2004,8,Sunday,3,-2144.4453
Harlingen,2004,9,2004-09-01,43.0,3830000.0,71700.0,542.0,8.1,2004.6666,2004,2004,9,Wednesday,3,-16044.445
Harlingen,2004,10,2004-10-01,69.0,7470000.0,84200.0,453.0,6.8,2004.75,2004,2004,10,Friday,4,-3544.4453
Harlingen,2004,11,2004-11-01,58.0,7490000.0,92500.0,,,2004.8334,2004,2004,11,Monday,4,4755.5547
Harlingen,2004,12,2004-12-01,55.0,5970000.0,95000.0,,,2004.9166,2004,2004,12,Wednesday,4,7255.5547
Harlingen,2005,1,2005-01-01,61.0,5585000.0,79200.0,601.0,9.0,2005.0,2005,2005,1,Saturday,1,-8544.445
Harlingen,2005,2,2005-02-01,53.0,4315000.0,65000.0,,,2005.0834,2005,2005,2,Tuesday,1,-22744.445
Harlingen,2005,3,2005-03-01,86.0,8115000.0,84000.0,672.0,9.9,2005.1666,2005,2005,3,Tuesday,1,-3744.4453
Harlingen,2005,4,2005-04-01,74.0,6845000.0,80000.0,,,2005.25,2005,2005,4,Friday,2,-7744.4453
Harlingen,2005,5,2005-05-01,73.0,7455000.0,81000.0,622.0,9.2,2005.3334,2005,2005,5,Sunday,2,-6744.4453
Harlingen,2005,6,2005-06-01,,,,,,2005.4166,2005,2005,6,Wednesday,2,
Harlingen,2005,7,2005-07-01,,,,,,2005.5,2005,2005,7,Friday,3,
Harlingen,2005,8,2005-08-01,,,,,,2005.5834,2005,2005,8,Monday,3,
Harlingen,2005,9,2005-09-01,,,,,,2005.6666,2005,2005,9,Thursday,3,
Harlingen,2005,10,2005-10-01,,,,,,2005.75,2005,2005,10,Saturday,4,
Harlingen,2005,11,2005-11-01,,,,,,2005.8334,2005,2005,11,Tuesday,4,
Harlingen,2005,12,2005-12-01,,,,,,2005.9166,2005,2005,12,Thursday,4,
Harlingen,2006,1,2006-01-01,,,,,,2006.0,2006,2006,1,Sunday,1,
Harlingen,2006,2,2006-02-01,,,,,,2006.0834,2006,2006,2,Wednesday,1,
Harlingen,2006,3,2006-03-01,,,,,,2006.1666,2006,2006,3,Wednesday,1,
Harlingen,2006,4,2006-04-01,76.0,6800000.0,81100.0,,,2006.25,2006,2006,4,Saturday,2,-6644.4453
Harlingen,2006,5,2006-05-01,92.0,10490000.0,98300.0,,,2006.3334,2006,2006,5,Monday,2,10555.555
Harlingen,2006,6,2006-06-01,73.0,9705000.0,94200.0,,,2006.4166,2006,2006,6,Thursday,2,6455.5547
Harlingen,2006,7,2006-07-01,71.0,8295000.0,98300.0,,,2006.5,2006,2006,7,Saturday,3,10555.555
Harlingen,2006,8,2006-08-01,101.0,12275000.0,104700.0,,,2006.5834,2006,2006,8,Tuesday,3,16955.555
Harlingen,2006,9,2006-09-01,97.0,9985000.0,77500.0,,,2006.6666,2006,2006,9,Friday,3,-10244.445
Harlingen,2006,10,2006-10-01,76.0,8750000.0,87800.0,845.0,,2006.75,2006,2006,10,Sunday,4,55.554688
Harlingen,2006,11,2006-11-01,66.0,7485000.0,88300.0,843.0,10.3,2006.8334,2006,2006,11,Wednesday,4,555.5547
Harlingen,2006,12,2006-12-01,80.0,8740000.0,93300.0,846.0,10.4,2006.9166,2006,2006,12,Friday,4,5555.5547
Harlingen,2007,1,2007-01-01,77.0,8025000.0,87900.0,,,2007.0,2007,2007,1,Monday,1,155.55469
Harlingen,2007,2,2007-02-01,68.0,8305000.0,110000.0,796.0,10.0,2007.0834,2007,2007,2,Thursday,1,22255.555
Harlingen,2007,3,2007-03-01,102.0,10170000.0,84000.0,,,2007.1666,2007,2007,3,Thursday,1,-3744.4453
Harlingen,2007,4,2007-04-01,100.0,10630000.0,85000.0,,,2007.25,2007,2007,4,Sunday,2,-2744.4453
Harlingen,2007,5,2007-05-01,116.0,10450000.0,64400.0,,,2007.3334,2007,2007,5,Tuesday,2,-23344.445
Harlingen,2007,6,2007-06-01,118.0,14250000.0,87000.0,,,2007.4166,2007,2007,6,Friday,2,-744.4453
Harlingen,2007,7,2007-07-01,88.0,10065000.0,90000.0,1800.0,19.8,2007.5,2007,2007,7,Sunday,3,2255.5547
Harlingen,2007,8,2007-08-01,124.0,15445000.0,91200.0,,,2007.5834,2007,2007,8,Wednesday,3,3455.5547
Harlingen,2007,9,2007-09-01,81.0,9405000.0,93600.0,,,2007.6666,2007,2007,9,Saturday,3,5855.5547
Harlingen,2007,10,2007-10-01,89.0,10050000.0,81000.0,,,2007.75,2007,2007,10,Monday,4,-6744.4453
Harlingen,2007,11,2007-11-01,81.0,9340000.0,98300.0,,,2007.8334,2007,2007,11,Thursday,4,10555.555
Harlingen,2007,12,2007-12-01,95.0,12120000.0,91200.0,,,2007.9166,2007,2007,12,Saturday,4,3455.5547
Harlingen,2008,1,2008-01-01,79.0,9350000.0,84400.0,,,2008.0,2008,2008,1,Tuesday,1,-3344.4453
Harlingen,2008,2,2008-02-01,96.0,9395000.0,74400.0,,,2008.0834,2008,2008,2,Friday,1,-13344.445
Harlingen,2008,3,2008-03-01,97.0,8355000.0,64300.0,,,2008.1666,2008,2008,3,Saturday,1,-23444.445
Harlingen,2008,4,2008-04-01,127.0,13930000.0,81400.0,,,2008.25,2008,2008,4,Tuesday,2,-6344.4453
Harlingen,2008,5,2008-05-01,115.0,14225000.0,100800.0,1997.0,20.1,2008.3334,2008,2008,5,Thursday,2,13055.555
Harlingen,2008,6,2008-06-01,114.0,11745000.0,86700.0,,,2008.4166,2008,2008,6,Sunday,2,-1044.4453
Harlingen,2008,7,2008-07-01,65.0,7145000.0,83600.0,198.0,2.0,2008.5,2008,2008,7,Tuesday,3,-4144.4453
Harlingen,2008,8,2008-08-01,80.0,11225000.0,105700.0,1967.0,21.1,2008.5834,2008,2008,8,Friday,3,17955.555
Harlingen,2008,9,2008-09-01,78.0,7725000.0,88000.0,1997.0,21.5,2008.6666,2008,2008,9,Monday,3,255.55469
Harlingen,2008,10,2008-10-01,93.0,9880000.0,87200.0,2100.0,22.5,2008.75,2008,2008,10,Wednesday,4,-544.4453
Harlingen,2008,11,2008-11-01,78.0,7865000.0,87500.0,2040.0,21.9,2008.8334,2008,2008,11,Saturday,4,-244.44531
Harlingen,2008,12,2008-12-01,62.0,7005000.0,98000.0,1871.0,20.7,2008.9166,2008,2008,12,Monday,4,10255.555
Harlingen,2009,1,2009-01-01,46.0,4485000.0,86700.0,1889.0,21.6,2009.0,2009,2009,1,Thursday,1,-1044.4453
Harlingen,2009,2,2009-02-01,63.0,5735000.0,83600.0,2028.0,23.9,2009.0834,2009,2009,2,Sunday,1,-4144.4453
Harlingen,2009,3,2009-03-01,61.0,6280000.0,81700.0,1944.0,23.8,2009.1666,2009,2009,3,Sunday,1,-6044.4453
Harlingen,2009,4,2009-04-01,77.0,7910000.0,86200.0,1988.0,25.6,2009.25,2009,2009,4,Wednesday,2,-1544.4453
Harlingen,2009,5,2009-05-01,85.0,7940000.0,80600.0,1987.0,26.4,2009.3334,2009,2009,5,Friday,2,-7144.4453
Harlingen,2009,6,2009-06-01,69.0,7220000.0,87000.0,2004.0,28.1,2009.4166,2009,2009,6,Monday,2,-744.4453
Harlingen,2009,7,2009-07-01,78.0,8930000.0,95000.0,2081.0,28.7,2009.5,2009,2009,7,Wednesday,3,7255.5547
Harlingen,2009,8,2009-08-01,85.0,9555000.0,94200.0,2041.0,28.0,2009.5834,2009,2009,8,Saturday,3,6455.5547
Harlingen,2009,9,2009-09-01,78.0,7615000.0,76000.0,2013.0,27.6,2009.6666,2009,2009,9,Tuesday,3,-11744.445
Harlingen,2009,10,2009-10-01,78.0,8420735.0,89100.0,2229.0,31.1,2009.75,2009,2009,10,Thursday,4,1355.5547
Harlingen,2009,11,2009-11-01,85.0,9476857.0,81500.0,2198.0,30.4,2009.8334,2009,2009,11,Sunday,4,-6244.4453
Harlingen,2009,12,2009-12-01,77.0,8073233.0,87700.0,2091.0,28.4,2009.9166,2009,2009,12,Tuesday,4,-44.445312
Harlingen,2010,1,2010-01-01,70.0,8149951.0,85000.0,2133.0,28.3,2010.0,2010,2010,1,Friday,1,-2744.4453
Harlingen,2010,2,2010-02-01,64.0,6316395.0,72000.0,,,2010.0834,2010,2010,2,Monday,1,-15744.445
Harlingen,2010,3,2010-03-01,90.0,7704818.0,64300.0,,,2010.1666,2010,2010,3,Monday,1,-23444.445
Harlingen,2010,4,2010-04-01,80.0,8467838.0,75000.0,2074.0,26.5,2010.25,2010,2010,4,Thursday,2,-12744.445
Harlingen,2010,5,2010-05-01,82.0,10657130.0,105700.0,2048.0,26.3,2010.3334,2010,2010,5,Saturday,2,17955.555
Harlingen,2010,6,2010-06-01,69.0,7700522.0,78800.0,1970.0,25.3,2010.4166,2010,2010,6,Tuesday,2,-8944.445
Harlingen,2010,7,2010-07-01,69.0,7700522.0,78800.0,1970.0,25.5,2010.5,2010,2010,7,Thursday,3,-8944.445
Harlingen,2010,8,2010-08-01,64.0,7491692.0,96700.0,1976.0,26.2,2010.5834,2010,2010,8,Sunday,3,8955.555
Harlingen,2010,9,2010-09-01,84.0,8771584.0,91700.0,2013.0,26.5,2010.6666,2010,2010,9,Wednesday,3,3955.5547
Harlingen,2010,10,2010-10-01,59.0,6015189.0,81700.0,2017.0,27.1,2010.75,2010,2010,10,Friday,4,-6044.4453
Harlingen,2010,11,2010-11-01,64.0,7422808.0,82000.0,1931.0,26.6,2010.8334,2010,2010,11,Monday,4,-5744.4453
Harlingen,2010,12,2010-12-01,77.0,8060368.0,93000.0,1894.0,26.1,2010.9166,2010,2010,12,Wednesday,4,5255.5547
Harlingen,2011,1,2011-01-01,56.0,5911175.0,76000.0,,,2011.0,2011,2011,1,Saturday,1,-11744.445
Harlingen,2011,2,2011-02-01,65.0,5750733.0,65600.0,1939.0,27.1,2011.0834,2011,2011,2,Tuesday,1,-22144.445
Harlingen,2011,3,2011-03-01,85.0,10077537.0,77200.0,1984.0,27.9,2011.1666,2011,2011,3,Tuesday,1,-10544.445
Harlingen,2011,4,2011-04-01,36.0,5352840.0,133300.0,417.0,6.2,2011.25,2011,2011,4,Friday,2,45555.555
Harlingen,2011,5,2011-05-01,87.0,9460431.0,92500.0,1770.0,26.1,2011.3334,2011,2011,5,Sunday,2,4755.5547
Harlingen,2011,6,2011-06-01,93.0,11742352.0,97900.0,1631.0,23.3,2011.4166,2011,2011,6,Wednesday,2,10155.555
Harlingen,2011,7,2011-07-01,65.0,7869049.0,88300.0,1642.0,23.6,2011.5,2011,2011,7,Friday,3,555.5547
Harlingen,2011,8,2011-08-01,77.0,9213822.0,91700.0,1719.0,24.3,2011.5834,2011,2011,8,Monday,3,3955.5547
Harlingen,2011,9,2011-09-01,66.0,8477454.0,87500.0,1688.0,24.4,2011.6666,2011,2011,9,Thursday,3,-244.44531
Harlingen,2011,10,2011-10-01,66.0,6719709.0,90000.0,1678.0,24.1,2011.75,2011,2011,10,Saturday,4,2255.5547
Harlingen,2011,11,2011-11-01,66.0,10517680.0,100000.0,1722.0,24.6,2011.8334,2011,2011,11,Tuesday,4,12255.555
Harlingen,2011,12,2011-12-01,59.0,5580510.0,74200.0,1639.0,24.0,2011.9166,2011,2011,12,Thursday,4,-13544.445
Harlingen,2012,1,2012-01-01,63.0,6962567.0,85600.0,1707.0,24.7,2012.0,2012,2012,1,Sunday,1,-2144.4453
Harlingen,2012,2,2012-02-01,64.0,6908749.0,103300.0,1697.0,24.6,2012.0834,2012,2012,2,Wednesday,1,15555.555
Harlingen,2012,3,2012-03-01,90.0,11791514.0,84000.0,1659.0,23.9,2012.1666,2012,2012,3,Thursday,1,-3744.4453
Harlingen,2012,4,2012-04-01,83.0,9329762.0,87000.0,1675.0,22.9,2012.25,2012,2012,4,Sunday,2,-744.4453
Harlingen,2012,5,2012-05-01,96.0,12174581.0,85000.0,1649.0,22.3,2012.3334,2012,2012,5,Tuesday,2,-2744.4453
Harlingen,2012,6,2012-06-01,81.0,7430810.0,69400.0,1660.0,22.7,2012.4166,2012,2012,6,Friday,2,-18344.445
Harlingen,2012,7,2012-07-01,66.0,7339298.0,85000.0,1630.0,22.3,2012.5,2012,2012,7,Sunday,3,-2744.4453
Harlingen,2012,8,2012-08-01,106.0,12333934.0,96700.0,1641.0,21.7,2012.5834,2012,2012,8,Wednesday,3,8955.555
Harlingen,2012,9,2012-09-01,62.0,7441686.0,100000.0,1555.0,20.7,2012.6666,2012,2012,9,Saturday,3,12255.555
Harlingen,2012,10,2012-10-01,63.0,9300082.0,106000.0,1588.0,21.2,2012.75,2012,2012,10,Monday,4,18255.555
Harlingen,2012,11,2012-11-01,44.0,5412906.0,103300.0,1635.0,22.4,2012.8334,2012,2012,11,Thursday,4,15555.555
Harlingen,2012,12,2012-12-01,59.0,7774114.0,104300.0,1530.0,20.9,2012.9166,2012,2012,12,Saturday,4,16555.555
Harlingen,2013,1,2013-01-01,44.0,5513013.0,90000.0,1593.0,22.3,2013.0,2013,2013,1,Tuesday,1,2255.5547
Harlingen,2013,2,2013-02-01,71.0,8770010.0,83100.0,,,2013.0834,2013,2013,2,Friday,1,-4644.4453
Harlingen,2013,3,2013-03-01,75.0,8068397.0,91200.0,1631.0,23.0,2013.1666,2013,2013,3,Friday,1,3455.5547
Harlingen,2013,4,2013-04-01,89.0,10303580.0,87300.0,1650.0,23.1,2013.25,2013,2013,4,Monday,2,-444.4453
Harlingen,2013,5,2013-05-01,76.0,9065030.0,96700.0,1655.0,23.8,2013.3334,2013,2013,5,Wednesday,2,8955.555
Harlingen,2013,6,2013-06-01,65.0,7761227.0,85800.0,1651.0,24.2,2013.4166,2013,2013,6,Saturday,2,-1944.4453
Harlingen,2013,7,2013-07-01,66.0,7605244.0,76700.0,1565.0,22.9,2013.5,2013,2013,7,Monday,3,-11044.445
Harlingen,2013,8,2013-08-01,76.0,9841371.0,98600.0,1557.0,23.7,2013.5834,2013,2013,8,Thursday,3,10855.555
Harlingen,2013,9,2013-09-01,59.0,6378197.0,95800.0,1581.0,24.1,2013.6666,2013,2013,9,Sunday,3,8055.5547
Harlingen,2013,10,2013-10-01,63.0,7846651.0,89000.0,1629.0,24.8,2013.75,2013,2013,10,Tuesday,4,1255.5547
Harlingen,2013,11,2013-11-01,50.0,6173479.0,110000.0,1647.0,24.9,2013.8334,2013,2013,11,Friday,4,22255.555
Harlingen,2013,12,2013-12-01,72.0,7278612.0,81400.0,1510.0,22.5,2013.9166,2013,2013,12,Sunday,4,-6344.4453
Harlingen,2014,1,2014-01-01,70.0,7504046.0,93300.0,1583.0,22.8,2014.0,2014,2014,1,Wednesday,1,5555.5547
Harlingen,2014,2,2014-02-01,71.0,8707400.0,107500.0,1574.0,22.7,2014.0834,2014,2014,2,Saturday,1,19755.555
Harlingen,2014,3,2014-03-01,71.0,8813910.0,97900.0,1597.0,23.1,2014.1666,2014,2014,3,Saturday,1,10155.555
Harlingen,2014,4,2014-04-01,91.0,11837202.0,109000.0,1570.0,22.7,2014.25,2014,2014,4,Tuesday,2,21255.555
Harlingen,2014,5,2014-05-01,99.0,12023200.0,105000.0,1620.0,22.8,2014.3334,2014,2014,5,Thursday,2,17255.555
Harlingen,2014,6,2014-06-01,100.0,11983650.0,99000.0,1521.0,20.6,2014.4166,2014,2014,6,Sunday,2,11255.555
Harlingen,2014,7,2014-07-01,98.0,10967826.0,93300.0,1557.0,20.3,2014.5,2014,2014,7,Tuesday,3,5555.5547
Harlingen,2014,8,2014-08-01,84.0,10985684.0,104400.0,1672.0,21.6,2014.5834,2014,2014,8,Friday,3,16655.555
Harlingen,2014,9,2014-09-01,67.0,8648102.0,110000.0,1678.0,21.5,2014.6666,2014,2014,9,Monday,3,22255.555
Harlingen,2014,10,2014-10-01,86.0,12365807.0,98000.0,1682.0,21.0,2014.75,2014,2014,10,Wednesday,4,10255.555
Harlingen,2014,11,2014-11-01,73.0,8407329.0,94200.0,1667.0,20.4,2014.8334,2014,2014,11,Saturday,4,6455.5547
Harlingen,2014,12,2014-12-01,87.0,13124926.0,117300.0,1540.0,18.5,2014.9166,2014,2014,12,Monday,4,29555.555
Harlingen,2015,1,2015-01-01,74.0,7534098.0,85000.0,1560.0,18.7,2015.0,2015,2015,1,Thursday,1,-2744.4453
Harlingen,2015,2,2015-02-01,75.0,9495365.0,106000.0,1605.0,19.2,2015.0834,2015,2015,2,Sunday,1,18255.555
Harlingen,2015,3,2015-03-01,96.0,10750393.0,109200.0,1642.0,19.1,2015.1666,2015,2015,3,Sunday,1,21455.555
Harlingen,2015,4,2015-04-01,117.0,14678379.0,112500.0,1678.0,19.1,2015.25,2015,2015,4,Wednesday,2,24755.555
Harlingen,2015,5,2015-05-01,77.0,9264490.0,95800.0,1664.0,19.3,2015.3334,2015,2015,5,Friday,2,8055.5547
Harlingen,2015,6,2015-06-01,93.0,12099797.0,120800.0,1724.0,20.1,2015.4166,2015,2015,6,Monday,2,33055.555
Harlingen,2015,7,2015-07-01,120.0,17673195.0,114000.0,1690.0,19.3,2015.5,2015,2015,7,Wednesday,3,26255.555
Houston,2000,1,2000-01-01,2653.0,381805283.0,102500.0,16768.0,3.9,2000.0,2000,2000,1,Saturday,1,-47279.67
Houston,2000,2,2000-02-01,3687.0,536456803.0,110300.0,16933.0,3.9,2000.0834,2000,2000,2,Tuesday,1,-39479.67
Houston,2000,3,2000-03-01,4733.0,709112659.0,109500.0,17058.0,3.9,2000.1666,2000,2000,3,Wednesday,1,-40279.67
Houston,2000,4,2000-04-01,4364.0,649712779.0,110800.0,17716.0,4.1,2000.25,2000,2000,4,Saturday,2,-38979.67
Houston,2000,5,2000-05-01,5215.0,809459231.0,112700.0,18461.0,4.2,2000.3334,2000,2000,5,Monday,2,-37079.67
Houston,2000,6,2000-06-01,5655.0,887396592.0,117900.0,18959.0,4.3,2000.4166,2000,2000,6,Thursday,2,-31879.672
Houston,2000,7,2000-07-01,5009.0,770284031.0,118300.0,19391.0,4.4,2000.5,2000,2000,7,Saturday,3,-31479.672
Houston,2000,8,2000-08-01,5134.0,800032008.0,114600.0,19534.0,4.5,2000.5834,2000,2000,8,Tuesday,3,-35179.67
Houston,2000,9,2000-09-01,4262.0,671716256.0,115900.0,19558.0,4.5,2000.6666,2000,2000,9,Friday,3,-33879.67
Houston,2000,10,2000-10-01,4068.0,621419904.0,112400.0,19752.0,4.5,2000.75,2000,2000,10,Sunday,4,-37379.67
Houston,2000,11,2000-11-01,3729.0,571270375.0,115200.0,19190.0,4.4,2000.8334,2000,2000,11,Wednesday,4,-34579.67
Houston,2000,12,2000-12-01,3950.0,632500396.0,119300.0,18296.0,4.2,2000.9166,2000,2000,12,Friday,4,-30479.672
Houston,2001,1,2001-01-01,2789.0,412051003.0,111900.0,19097.0,4.4,2001.0,2001,2001,1,Monday,1,-37879.67
Houston,2001,2,2001-02-01,3495.0,538463336.0,114400.0,19628.0,4.5,2001.0834,2001,2001,2,Thursday,1,-35379.67
Houston,2001,3,2001-03-01,4689.0,739260418.0,116300.0,20487.0,4.7,2001.1666,2001,2001,3,Thursday,1,-33479.67
Houston,2001,4,2001-04-01,4697.0,749626772.0,122300.0,21307.0,4.9,2001.25,2001,2001,4,Sunday,2,-27479.672
Houston,2001,5,2001-05-01,5435.0,856531025.0,122500.0,21713.0,4.9,2001.3334,2001,2001,5,Tuesday,2,-27279.672
Houston,2001,6,2001-06-01,5501.0,909778437.0,127500.0,21895.0,5.0,2001.4166,2001,2001,6,Friday,2,-22279.672
Houston,2001,7,2001-07-01,5424.0,903061633.0,127500.0,21791.0,4.9,2001.5,2001,2001,7,Sunday,3,-22279.672
Houston,2001,8,2001-08-01,5544.0,883998928.0,124200.0,21871.0,4.9,2001.5834,2001,2001,8,Wednesday,3,-25579.672
Houston,2001,9,2001-09-01,4048.0,628710385.0,119700.0,,,2001.6666,2001,2001,9,Saturday,3,-30079.672
Houston,2001,10,2001-10-01,4085.0,618193358.0,117100.0,21988.0,4.9,2001.75,2001,2001,10,Monday,4,-32679.672
Houston,2001,11,2001-11-01,3859.0,592342276.0,120400.0,21196.0,4.8,2001.8334,2001,2001,11,Thursday,4,-29379.672
Houston,2001,12,2001-12-01,4290.0,709005372.0,128300.0,20029.0,4.5,2001.9166,2001,2001,12,Saturday,4,-21479.672
Houston,2002,1,2002-01-01,3431.0,510956444.0,119300.0,20898.0,4.6,2002.0,2002,2002,1,Tuesday,1,-30479.672
Houston,2002,2,2002-02-01,3873.0,611515214.0,124900.0,21140.0,4.6,2002.0834,2002,2002,2,Friday,1,-24879.672
Houston,2002,3,2002-03-01,4629.0,774677516.0,127600.0,21594.0,4.7,2002.1666,2002,2002,3,Friday,1,-22179.672
Houston,2002,4,2002-04-01,5048.0,847671964.0,128100.0,22543.0,4.9,2002.25,2002,2002,4,Monday,2,-21679.672
Houston,2002,5,2002-05-01,5649.0,955681791.0,130200.0,23439.0,5.1,2002.3334,2002,2002,5,Wednesday,2,-19579.672
Houston,2002,6,2002-06-01,5464.0,958205193.0,133300.0,24637.0,5.3,2002.4166,2002,2002,6,Saturday,2,-16479.672
Houston,2002,7,2002-07-01,5616.0,966135006.0,132000.0,25643.0,5.5,2002.5,2002,2002,7,Monday,3,-17779.672
Houston,2002,8,2002-08-01,5245.0,875626270.0,130900.0,26281.0,5.7,2002.5834,2002,2002,8,Thursday,3,-18879.672
Houston,2002,9,2002-09-01,4517.0,760325539.0,131100.0,26508.0,5.7,2002.6666,2002,2002,9,Sunday,3,-18679.672
Houston,2002,10,2002-10-01,4498.0,737965003.0,127100.0,26838.0,5.7,2002.75,2002,2002,10,Tuesday,4,-22679.672
Houston,2002,11,2002-11-01,3867.0,638104662.0,130400.0,26519.0,5.7,2002.8334,2002,2002,11,Friday,4,-19379.672
Houston,2002,12,2002-12-01,4726.0,849532065.0,136600.0,25537.0,5.4,2002.9166,2002,2002,12,Sunday,4,-13179.672
Houston,2003,1,2003-01-01,3440.0,541782996.0,126800.0,27004.0,5.7,2003.0,2003,2003,1,Wednesday,1,-22979.672
Houston,2003,2,2003-02-01,3846.0,608855630.0,127900.0,27447.0,5.8,2003.0834,2003,2003,2,Saturday,1,-21879.672
Houston,2003,3,2003-03-01,4720.0,783543888.0,129400.0,28199.0,6.0,2003.1666,2003,2003,3,Saturday,1,-20379.672
Houston,2003,4,2003-04-01,4905.0,820501550.0,131900.0,28823.0,6.1,2003.25,2003,2003,4,Tuesday,2,-17879.672
Houston,2003,5,2003-05-01,5797.0,983538555.0,131700.0,29670.0,6.3,2003.3334,2003,2003,5,Thursday,2,-18079.672
Houston,2003,6,2003-06-01,5986.0,1056245238.0,138300.0,30818.0,6.5,2003.4166,2003,2003,6,Sunday,2,-11479.672
Houston,2003,7,2003-07-01,6127.0,1119016580.0,141500.0,31412.0,6.5,2003.5,2003,2003,7,Tuesday,3,-8279.672
Houston,2003,8,2003-08-01,5950.0,1028829788.0,136900.0,31247.0,6.4,2003.5834,2003,2003,8,Friday,3,-12879.672
Houston,2003,9,2003-09-01,5334.0,908966745.0,132600.0,31660.0,6.4,2003.6666,2003,2003,9,Monday,3,-17179.672
Houston,2003,10,2003-10-01,5141.0,878362276.0,128400.0,31489.0,6.3,2003.75,2003,2003,10,Wednesday,4,-21379.672
Houston,2003,11,2003-11-01,4003.0,694419416.0,130100.0,30956.0,6.2,2003.8334,2003,2003,11,Saturday,4,-19679.672
Houston,2003,12,2003-12-01,5483.0,993712106.0,134800.0,28845.0,5.7,2003.9166,2003,2003,12,Monday,4,-14979.672
Houston,2004,1,2004-01-01,3442.0,550559098.0,124500.0,30487.0,6.0,2004.0,2004,2004,1,Thursday,1,-25279.672
Houston,2004,2,2004-02-01,4321.0,728216739.0,130500.0,31021.0,6.1,2004.0834,2004,2004,2,Sunday,1,-19279.672
Houston,2004,3,2004-03-01,5724.0,965503448.0,130500.0,32625.0,6.3,2004.1666,2004,2004,3,Monday,1,-19279.672
Houston,2004,4,2004-04-01,5901.0,1041248728.0,134300.0,33720.0,6.4,2004.25,2004,2004,4,Thursday,2,-15479.672
Houston,2004,5,2004-05-01,6048.0,1103057472.0,136900.0,34589.0,6.5,2004.3334,2004,2004,5,Saturday,2,-12879.672
Houston,2004,6,2004-06-01,7033.0,1303781778.0,141400.0,35039.0,6.5,2004.4166,2004,2004,6,Tuesday,2,-8379.672
Houston,2004,7,2004-07-01,6530.0,1154131493.0,135900.0,35565.0,6.6,2004.5,2004,2004,7,Thursday,3,-13879.672
Houston,2004,8,2004-08-01,6428.0,1119568769.0,135900.0,35509.0,6.5,2004.5834,2004,2004,8,Sunday,3,-13879.672
Houston,2004,9,2004-09-01,5537.0,983442963.0,134000.0,35499.0,6.5,2004.6666,2004,2004,9,Wednesday,3,-15779.672
Houston,2004,10,2004-10-01,5241.0,898185035.0,131900.0,35390.0,6.5,2004.75,2004,2004,10,Friday,4,-17879.672
Houston,2004,11,2004-11-01,4847.0,844153374.0,131800.0,34338.0,6.2,2004.8334,2004,2004,11,Monday,4,-17979.672
Houston,2004,12,2004-12-01,5927.0,1084532175.0,137800.0,32291.0,5.8,2004.9166,2004,2004,12,Wednesday,4,-11979.672
Houston,2005,1,2005-01-01,3605.0,614406790.0,131800.0,33758.0,6.0,2005.0,2005,2005,1,Saturday,1,-17979.672
Houston,2005,2,2005-02-01,4555.0,800622824.0,136000.0,34426.0,6.1,2005.0834,2005,2005,2,Tuesday,1,-13779.672
Houston,2005,3,2005-03-01,5995.0,1064201491.0,136200.0,35353.0,6.3,2005.1666,2005,2005,3,Tuesday,1,-13579.672
Houston,2005,4,2005-04-01,6176.0,1133186288.0,136700.0,36439.0,6.4,2005.25,2005,2005,4,Friday,2,-13079.672
Houston,2005,5,2005-05-01,7162.0,1329864173.0,142200.0,37109.0,6.5,2005.3334,2005,2005,5,Sunday,2,-7579.672
Houston,2005,6,2005-06-01,7466.0,1420009610.0,144800.0,37470.0,6.5,2005.4166,2005,2005,6,Wednesday,2,-4979.672
Houston,2005,7,2005-07-01,7190.0,1360003590.0,144300.0,37481.0,6.4,2005.5,2005,2005,7,Friday,3,-5479.672
Houston,2005,8,2005-08-01,7424.0,1386229065.0,143400.0,37099.0,6.3,2005.5834,2005,2005,8,Monday,3,-6379.672
Houston,2005,9,2005-09-01,5597.0,1046392311.0,144100.0,35905.0,6.1,2005.6666,2005,2005,9,Thursday,3,-5679.672
Houston,2005,10,2005-10-01,5837.0,1083277633.0,141500.0,35393.0,5.9,2005.75,2005,2005,10,Saturday,4,-8279.672
Houston,2005,11,2005-11-01,5299.0,1007611239.0,144400.0,34296.0,5.7,2005.8334,2005,2005,11,Tuesday,4,-5379.672
Houston,2005,12,2005-12-01,6494.0,1258397591.0,147700.0,32147.0,5.3,2005.9166,2005,2005,12,Thursday,4,-2079.6719
Houston,2006,1,2006-01-01,4122.0,727754470.0,137600.0,33203.0,5.4,2006.0,2006,2006,1,Sunday,1,-12179.672
Houston,2006,2,2006-02-01,5313.0,1006142279.0,142600.0,33373.0,5.4,2006.0834,2006,2006,2,Wednesday,1,-7179.672
Houston,2006,3,2006-03-01,7348.0,1393190762.0,142300.0,34364.0,5.5,2006.1666,2006,2006,3,Wednesday,1,-7479.672
Houston,2006,4,2006-04-01,6498.0,1244307093.0,145300.0,34786.0,5.5,2006.25,2006,2006,4,Saturday,2,-4479.672
Houston,2006,5,2006-05-01,8040.0,1602621368.0,151200.0,35398.0,5.5,2006.3334,2006,2006,5,Monday,2,1420.3281
Houston,2006,6,2006-06-01,8628.0,1795898108.0,155200.0,36281.0,5.6,2006.4166,2006,2006,6,Thursday,2,5420.328
Houston,2006,7,2006-07-01,7479.0,1502690226.0,154900.0,37263.0,5.7,2006.5,2006,2006,7,Saturday,3,5120.328
Houston,2006,8,2006-08-01,7811.0,1535797377.0,151400.0,37588.0,5.7,2006.5834,2006,2006,8,Tuesday,3,1620.3281
Houston,2006,9,2006-09-01,6648.0,1299808129.0,149400.0,37683.0,5.7,2006.6666,2006,2006,9,Friday,3,-379.67188
Houston,2006,10,2006-10-01,6301.0,1175035976.0,144900.0,37670.0,5.7,2006.75,2006,2006,10,Sunday,4,-4879.672
Houston,2006,11,2006-11-01,5953.0,1137231248.0,146800.0,36990.0,5.5,2006.8334,2006,2006,11,Wednesday,4,-2979.6719
Houston,2006,12,2006-12-01,6853.0,1395627554.0,152500.0,34941.0,5.2,2006.9166,2006,2006,12,Friday,4,2720.3281
Houston,2007,1,2007-01-01,4645.0,829875082.0,141500.0,35809.0,5.3,2007.0,2007,2007,1,Monday,1,-8279.672
Houston,2007,2,2007-02-01,5525.0,1069620954.0,147200.0,36443.0,5.4,2007.0834,2007,2007,2,Thursday,1,-2579.6719
Houston,2007,3,2007-03-01,6775.0,1371736948.0,151500.0,38552.0,5.7,2007.1666,2007,2007,3,Thursday,1,1720.3281
Houston,2007,4,2007-04-01,6809.0,1374714520.0,149300.0,40486.0,6.0,2007.25,2007,2007,4,Sunday,2,-479.67188
Houston,2007,5,2007-05-01,7925.0,1662459290.0,154200.0,41864.0,6.2,2007.3334,2007,2007,5,Tuesday,2,4420.328
Houston,2007,6,2007-06-01,7947.0,1704841459.0,158900.0,42766.0,6.4,2007.4166,2007,2007,6,Friday,2,9120.328
Houston,2007,7,2007-07-01,7551.0,1559002866.0,154800.0,42919.0,6.4,2007.5,2007,2007,7,Sunday,3,5020.328
Houston,2007,8,2007-08-01,7856.0,1651039958.0,157300.0,43107.0,6.4,2007.5834,2007,2007,8,Wednesday,3,7520.328
Houston,2007,9,2007-09-01,5581.0,1116470024.0,149900.0,43038.0,6.5,2007.6666,2007,2007,9,Saturday,3,120.328125
Houston,2007,10,2007-10-01,5848.0,1143651372.0,146500.0,42332.0,6.4,2007.75,2007,2007,10,Monday,4,-3279.6719
Houston,2007,11,2007-11-01,5515.0,1098384062.0,148900.0,41069.0,6.3,2007.8334,2007,2007,11,Thursday,4,-879.6719
Houston,2007,12,2007-12-01,5691.0,1207940109.0,154700.0,39100.0,6.0,2007.9166,2007,2007,12,Saturday,4,4920.328
Houston,2008,1,2008-01-01,4061.0,766263358.0,139500.0,39790.0,6.2,2008.0,2008,2008,1,Tuesday,1,-10279.672
Houston,2008,2,2008-02-01,5036.0,1013275596.0,151000.0,40104.0,6.3,2008.0834,2008,2008,2,Friday,1,1220.3281
Houston,2008,3,2008-03-01,5802.0,1174693656.0,151800.0,40896.0,6.5,2008.1666,2008,2008,3,Saturday,1,2020.3281
Houston,2008,4,2008-04-01,6049.0,1230287377.0,150300.0,41214.0,6.6,2008.25,2008,2008,4,Tuesday,2,520.3281
Houston,2008,5,2008-05-01,6781.0,1429360550.0,155800.0,41318.0,6.7,2008.3334,2008,2008,5,Thursday,2,6020.328
Houston,2008,6,2008-06-01,6981.0,1560573868.0,160100.0,41474.0,6.8,2008.4166,2008,2008,6,Sunday,2,10320.328
Houston,2008,7,2008-07-01,6718.0,1475562246.0,159900.0,41038.0,6.8,2008.5,2008,2008,7,Tuesday,3,10120.328
Houston,2008,8,2008-08-01,6251.0,1375038936.0,158900.0,39203.0,6.7,2008.5834,2008,2008,8,Friday,3,9120.328
Houston,2008,9,2008-09-01,4068.0,838147532.0,155300.0,37623.0,6.6,2008.6666,2008,2008,9,Monday,3,5520.328
Houston,2008,10,2008-10-01,4710.0,900418006.0,141900.0,36308.0,6.4,2008.75,2008,2008,10,Wednesday,4,-7879.672
Houston,2008,11,2008-11-01,3731.0,690511609.0,137500.0,34493.0,6.3,2008.8334,2008,2008,11,Saturday,4,-12279.672
Houston,2008,12,2008-12-01,4981.0,942586753.0,145200.0,31637.0,5.8,2008.9166,2008,2008,12,Monday,4,-4579.672
Houston,2009,1,2009-01-01,3108.0,512465082.0,130900.0,31654.0,5.9,2009.0,2009,2009,1,Thursday,1,-18879.672
Houston,2009,2,2009-02-01,3785.0,677290700.0,137800.0,31999.0,6.1,2009.0834,2009,2009,2,Sunday,1,-11979.672
Houston,2009,3,2009-03-01,4751.0,906519341.0,145500.0,32462.0,6.3,2009.1666,2009,2009,3,Sunday,1,-4279.672
Houston,2009,4,2009-04-01,4617.0,883272862.0,149000.0,31772.0,6.3,2009.25,2009,2009,4,Wednesday,2,-779.6719
Houston,2009,5,2009-05-01,5227.0,1086192654.0,155800.0,31649.0,6.4,2009.3334,2009,2009,5,Friday,2,6020.328
Houston,2009,6,2009-06-01,5990.0,1302481023.0,163400.0,32247.0,6.7,2009.4166,2009,2009,6,Monday,2,13620.328
Houston,2009,7,2009-07-01,6327.0,1360027881.0,161300.0,32643.0,6.8,2009.5,2009,2009,7,Wednesday,3,11520.328
Houston,2009,8,2009-08-01,5512.0,1143676294.0,158900.0,32108.0,6.8,2009.5834,2009,2009,8,Saturday,3,9120.328
Houston,2009,9,2009-09-01,5320.0,1068598207.0,155000.0,31579.0,6.5,2009.6666,2009,2009,9,Tuesday,3,5220.328
Houston,2009,10,2009-10-01,5437.0,1055633161.0,147600.0,31378.0,6.4,2009.75,2009,2009,10,Thursday,4,-2179.6719
Houston,2009,11,2009-11-01,5084.0,989179001.0,150300.0,31384.0,6.3,2009.8334,2009,2009,11,Sunday,4,520.3281
Houston,2009,12,2009-12-01,4948.0,1050628808.0,151200.0,29964.0,6.0,2009.9166,2009,2009,12,Tuesday,4,1420.3281
Houston,2010,1,2010-01-01,2856.0,544338012.0,142300.0,31581.0,6.3,2010.0,2010,2010,1,Friday,1,-7479.672
Houston,2010,2,2010-02-01,3684.0,731357757.0,146500.0,32695.0,6.6,2010.0834,2010,2010,2,Monday,1,-3279.6719
Houston,2010,3,2010-03-01,5389.0,1116539769.0,152300.0,34880.0,6.9,2010.1666,2010,2010,3,Monday,1,2520.3281
Houston,2010,4,2010-04-01,5932.0,1191105918.0,151800.0,34555.0,6.7,2010.25,2010,2010,4,Thursday,2,2020.3281
Houston,2010,5,2010-05-01,6335.0,1289709166.0,152500.0,36724.0,7.0,2010.3334,2010,2010,5,Saturday,2,2720.3281
Houston,2010,6,2010-06-01,6117.0,1324315238.0,156800.0,39303.0,7.5,2010.4166,2010,2010,6,Tuesday,2,7020.328
Houston,2010,7,2010-07-01,4719.0,1028687548.0,157100.0,40409.0,7.9,2010.5,2010,2010,7,Thursday,3,7320.328
Houston,2010,8,2010-08-01,4691.0,994092936.0,156900.0,40154.0,8.0,2010.5834,2010,2010,8,Sunday,3,7120.328
Houston,2010,9,2010-09-01,4355.0,915074585.0,153200.0,39159.0,7.9,2010.6666,2010,2010,9,Wednesday,3,3420.3281
Houston,2010,10,2010-10-01,4075.0,824541611.0,148400.0,38114.0,7.9,2010.75,2010,2010,10,Friday,4,-1379.6719
Houston,2010,11,2010-11-01,3924.0,842238262.0,150100.0,37031.0,7.8,2010.8334,2010,2010,11,Monday,4,320.32812
Houston,2010,12,2010-12-01,4730.0,1028424811.0,157500.0,34971.0,7.4,2010.9166,2010,2010,12,Wednesday,4,7720.328
Houston,2011,1,2011-01-01,3119.0,601936109.0,136500.0,35263.0,7.4,2011.0,2011,2011,1,Saturday,1,-13279.672
Houston,2011,2,2011-02-01,3627.0,754302095.0,150900.0,35521.0,7.5,2011.0834,2011,2011,2,Tuesday,1,1120.3281
Houston,2011,3,2011-03-01,5077.0,1070346087.0,148500.0,36556.0,7.7,2011.1666,2011,2011,3,Tuesday,1,-1279.6719
Houston,2011,4,2011-04-01,5162.0,1030866672.0,148800.0,37134.0,8.0,2011.25,2011,2011,4,Friday,2,-979.6719
Houston,2011,5,2011-05-01,5470.0,1173109967.0,154400.0,37182.0,8.1,2011.3334,2011,2011,5,Sunday,2,4620.328
Houston,2011,6,2011-06-01,6158.0,1375914670.0,159800.0,36929.0,8.0,2011.4166,2011,2011,6,Wednesday,2,10020.328
Houston,2011,7,2011-07-01,5485.0,1199947148.0,158500.0,35841.0,7.7,2011.5,2011,2011,7,Friday,3,8720.328
Houston,2011,8,2011-08-01,6028.0,1277659324.0,157600.0,34388.0,7.2,2011.5834,2011,2011,8,Monday,3,7820.328
Houston,2011,9,2011-09-01,5061.0,1048997852.0,154700.0,33502.0,6.9,2011.6666,2011,2011,9,Thursday,3,4920.328
Houston,2011,10,2011-10-01,4433.0,901577534.0,150700.0,32431.0,6.7,2011.75,2011,2011,10,Saturday,4,920.3281
Houston,2011,11,2011-11-01,4273.0,882601259.0,153800.0,31055.0,6.4,2011.8334,2011,2011,11,Tuesday,4,4020.3281
Houston,2011,12,2011-12-01,4961.0,1076039647.0,160100.0,28741.0,5.9,2011.9166,2011,2011,12,Thursday,4,10320.328
Houston,2012,1,2012-01-01,3336.0,635855547.0,137800.0,28634.0,5.8,2012.0,2012,2012,1,Sunday,1,-11979.672
Houston,2012,2,2012-02-01,4198.0,834998423.0,149200.0,28583.0,5.8,2012.0834,2012,2012,2,Wednesday,1,-579.6719
Houston,2012,3,2012-03-01,5389.0,1200579097.0,161700.0,28548.0,5.7,2012.1666,2012,2012,3,Thursday,1,11920.328
Houston,2012,4,2012-04-01,5629.0,1235085496.0,161100.0,29111.0,5.8,2012.25,2012,2012,4,Sunday,2,11320.328
Houston,2012,5,2012-05-01,6743.0,1565958406.0,168000.0,28819.0,5.6,2012.3334,2012,2012,5,Tuesday,2,18220.328
Houston,2012,6,2012-06-01,6990.0,1620900791.0,170700.0,28834.0,5.5,2012.4166,2012,2012,6,Friday,2,20920.328
Houston,2012,7,2012-07-01,6842.0,1541655520.0,169300.0,28514.0,5.4,2012.5,2012,2012,7,Sunday,3,19520.328
Houston,2012,8,2012-08-01,7112.0,1566297243.0,163900.0,27090.0,5.0,2012.5834,2012,2012,8,Wednesday,3,14120.328
Houston,2012,9,2012-09-01,5479.0,1186230552.0,163300.0,26019.0,4.8,2012.6666,2012,2012,9,Saturday,3,13520.328
Houston,2012,10,2012-10-01,5866.0,1280422125.0,162100.0,24828.0,4.5,2012.75,2012,2012,10,Monday,4,12320.328
Houston,2012,11,2012-11-01,5449.0,1231393037.0,166700.0,23592.0,4.2,2012.8334,2012,2012,11,Thursday,4,16920.328
Houston,2012,12,2012-12-01,5610.0,1335407998.0,171000.0,21632.0,3.8,2012.9166,2012,2012,12,Saturday,4,21220.328
Houston,2013,1,2013-01-01,4273.0,852045057.0,149500.0,21364.0,3.7,2013.0,2013,2013,1,Tuesday,1,-279.67188
Houston,2013,2,2013-02-01,4886.0,1060985674.0,161900.0,21293.0,3.6,2013.0834,2013,2013,2,Friday,1,12120.328
Houston,2013,3,2013-03-01,6382.0,1479273481.0,172300.0,20909.0,3.5,2013.1666,2013,2013,3,Friday,1,22520.328
Houston,2013,4,2013-04-01,7116.0,1770746764.0,182400.0,20607.0,3.4,2013.25,2013,2013,4,Monday,2,32620.328
Houston,2013,5,2013-05-01,8439.0,2121508529.0,186100.0,20526.0,3.3,2013.3334,2013,2013,5,Wednesday,2,36320.33
Houston,2013,6,2013-06-01,7935.0,2073909387.0,191600.0,21008.0,3.3,2013.4166,2013,2013,6,Saturday,2,41820.33
Houston,2013,7,2013-07-01,8468.0,2168720825.0,187800.0,21497.0,3.3,2013.5,2013,2013,7,Monday,3,38020.33
Houston,2013,8,2013-08-01,8155.0,2083377894.0,186700.0,21366.0,3.3,2013.5834,2013,2013,8,Thursday,3,36920.33
Houston,2013,9,2013-09-01,6706.0,1638923780.0,180200.0,21207.0,3.2,2013.6666,2013,2013,9,Sunday,3,30420.328
Houston,2013,10,2013-10-01,6551.0,1544551772.0,176000.0,20508.0,3.1,2013.75,2013,2013,10,Tuesday,4,26220.328
Houston,2013,11,2013-11-01,5557.0,1356418081.0,181400.0,19331.0,2.9,2013.8334,2013,2013,11,Friday,4,31620.328
Houston,2013,12,2013-12-01,6380.0,1658872245.0,187500.0,17857.0,2.7,2013.9166,2013,2013,12,Sunday,4,37720.33
Houston,2014,1,2014-01-01,4418.0,1048623186.0,175600.0,17882.0,2.6,2014.0,2014,2014,1,Wednesday,1,25820.328
Houston,2014,2,2014-02-01,5311.0,1299312313.0,182000.0,17623.0,2.6,2014.0834,2014,2014,2,Saturday,1,32220.328
Houston,2014,3,2014-03-01,6609.0,1699304949.0,191200.0,17857.0,2.6,2014.1666,2014,2014,3,Saturday,1,41420.33
Houston,2014,4,2014-04-01,7073.0,1878943009.0,194400.0,18029.0,2.7,2014.25,2014,2014,4,Tuesday,2,44620.33
Houston,2014,5,2014-05-01,7877.0,2154791886.0,199300.0,18883.0,2.8,2014.3334,2014,2014,5,Thursday,2,49520.33
Houston,2014,6,2014-06-01,8391.0,2342443127.0,211200.0,19725.0,2.9,2014.4166,2014,2014,6,Sunday,2,61420.33
Houston,2014,7,2014-07-01,8391.0,2278932511.0,199700.0,20214.0,3.0,2014.5,2014,2014,7,Tuesday,3,49920.33
Houston,2014,8,2014-08-01,8167.0,2195184825.0,202400.0,20007.0,2.9,2014.5834,2014,2014,8,Friday,3,52620.33
Houston,2014,9,2014-09-01,7154.0,1890290143.0,195800.0,19566.0,2.9,2014.6666,2014,2014,9,Monday,3,46020.33
Houston,2014,10,2014-10-01,7235.0,1862033446.0,191200.0,18976.0,2.8,2014.75,2014,2014,10,Wednesday,4,41420.33
Houston,2014,11,2014-11-01,5661.0,1510435168.0,195200.0,18240.0,2.6,2014.8334,2014,2014,11,Saturday,4,45420.33
Houston,2014,12,2014-12-01,7125.0,1982236986.0,209100.0,17228.0,2.5,2014.9166,2014,2014,12,Monday,4,59320.33
Houston,2015,1,2015-01-01,4494.0,1155508809.0,189300.0,18649.0,2.7,2015.0,2015,2015,1,Thursday,1,39520.33
Houston,2015,2,2015-02-01,5032.0,1286375234.0,196500.0,18811.0,2.7,2015.0834,2015,2015,2,Sunday,1,46720.33
Houston,2015,3,2015-03-01,6773.0,1839472566.0,205700.0,19286.0,2.8,2015.1666,2015,2015,3,Sunday,1,55920.33
Houston,2015,4,2015-04-01,7059.0,1942499557.0,207700.0,20099.0,2.9,2015.25,2015,2015,4,Wednesday,2,57920.33
Houston,2015,5,2015-05-01,7357.0,2097957518.0,220100.0,21101.0,3.1,2015.3334,2015,2015,5,Friday,2,70320.33
Houston,2015,6,2015-06-01,8449.0,2490238594.0,222400.0,22311.0,3.2,2015.4166,2015,2015,6,Monday,2,72620.33
Houston,2015,7,2015-07-01,8945.0,2568156780.0,217600.0,23875.0,3.4,2015.5,2015,2015,7,Wednesday,3,67820.33
Irving,2000,1,2000-01-01,69.0,8366542.0,95000.0,291.0,3.0,2000.0,2000,2000,1,Saturday,1,-43371.125
Irving,2000,2,2000-02-01,84.0,9262770.0,90800.0,296.0,3.0,2000.0834,2000,2000,2,Tuesday,1,-47571.125
Irving,2000,3,2000-03-01,97.0,12145882.0,97200.0,290.0,3.0,2000.1666,2000,2000,3,Wednesday,1,-41171.125
Irving,2000,4,2000-04-01,113.0,13050938.0,96000.0,308.0,3.1,2000.25,2000,2000,4,Saturday,2,-42371.125
Irving,2000,5,2000-05-01,121.0,14780301.0,98300.0,283.0,2.9,2000.3334,2000,2000,5,Monday,2,-40071.125
Irving,2000,6,2000-06-01,126.0,15372612.0,100000.0,287.0,2.9,2000.4166,2000,2000,6,Thursday,2,-38371.125
Irving,2000,7,2000-07-01,87.0,11584342.0,99000.0,319.0,3.3,2000.5,2000,2000,7,Saturday,3,-39371.125
Irving,2000,8,2000-08-01,119.0,16098214.0,98600.0,310.0,3.2,2000.5834,2000,2000,8,Tuesday,3,-39771.125
Irving,2000,9,2000-09-01,90.0,11207186.0,99400.0,311.0,3.2,2000.6666,2000,2000,9,Friday,3,-38971.125
Irving,2000,10,2000-10-01,105.0,13988673.0,97700.0,321.0,3.3,2000.75,2000,2000,10,Sunday,4,-40671.125
Irving,2000,11,2000-11-01,94.0,11618648.0,101000.0,311.0,3.1,2000.8334,2000,2000,11,Wednesday,4,-37371.125
Irving,2000,12,2000-12-01,79.0,9502970.0,103700.0,300.0,3.0,2000.9166,2000,2000,12,Friday,4,-34671.125
Irving,2001,1,2001-01-01,91.0,12383611.0,99700.0,318.0,3.2,2001.0,2001,2001,1,Monday,1,-38671.125
Irving,2001,2,2001-02-01,83.0,11605842.0,102500.0,332.0,3.3,2001.0834,2001,2001,2,Thursday,1,-35871.125
Irving,2001,3,2001-03-01,118.0,19800452.0,121000.0,306.0,3.0,2001.1666,2001,2001,3,Thursday,1,-17371.125
Irving,2001,4,2001-04-01,118.0,14233510.0,104000.0,335.0,3.3,2001.25,2001,2001,4,Sunday,2,-34371.125
Irving,2001,5,2001-05-01,141.0,17234549.0,108000.0,356.0,3.4,2001.3334,2001,2001,5,Tuesday,2,-30371.125
Irving,2001,6,2001-06-01,135.0,18912975.0,110000.0,395.0,3.8,2001.4166,2001,2001,6,Friday,2,-28371.125
Irving,2001,7,2001-07-01,108.0,14456022.0,107300.0,398.0,3.7,2001.5,2001,2001,7,Sunday,3,-31071.125
Irving,2001,8,2001-08-01,117.0,15899408.0,108900.0,411.0,3.9,2001.5834,2001,2001,8,Wednesday,3,-29471.125
Irving,2001,9,2001-09-01,100.0,15648345.0,110800.0,402.0,3.7,2001.6666,2001,2001,9,Saturday,3,-27571.125
Irving,2001,10,2001-10-01,109.0,15379042.0,106400.0,404.0,3.7,2001.75,2001,2001,10,Monday,4,-31971.125
Irving,2001,11,2001-11-01,91.0,12421624.0,109100.0,376.0,3.5,2001.8334,2001,2001,11,Thursday,4,-29271.125
Irving,2001,12,2001-12-01,103.0,13793897.0,103300.0,364.0,3.3,2001.9166,2001,2001,12,Saturday,4,-35071.125
Irving,2002,1,2002-01-01,77.0,9975399.0,107100.0,382.0,3.5,2002.0,2002,2002,1,Tuesday,1,-31271.125
Irving,2002,2,2002-02-01,81.0,10816607.0,110000.0,430.0,4.0,2002.0834,2002,2002,2,Friday,1,-28371.125
Irving,2002,3,2002-03-01,104.0,13567458.0,109300.0,426.0,4.0,2002.1666,2002,2002,3,Friday,1,-29071.125
Irving,2002,4,2002-04-01,111.0,15970050.0,112400.0,427.0,4.0,2002.25,2002,2002,4,Monday,2,-25971.125
Irving,2002,5,2002-05-01,128.0,16672050.0,109200.0,468.0,4.4,2002.3334,2002,2002,5,Wednesday,2,-29171.125
Irving,2002,6,2002-06-01,100.0,16375285.0,120000.0,479.0,4.7,2002.4166,2002,2002,6,Saturday,2,-18371.125
Irving,2002,7,2002-07-01,137.0,18935265.0,113400.0,510.0,4.9,2002.5,2002,2002,7,Monday,3,-24971.125
Irving,2002,8,2002-08-01,104.0,13543127.0,113900.0,498.0,4.8,2002.5834,2002,2002,8,Thursday,3,-24471.125
Irving,2002,9,2002-09-01,105.0,15014765.0,110300.0,512.0,4.9,2002.6666,2002,2002,9,Sunday,3,-28071.125
Irving,2002,10,2002-10-01,86.0,12258161.0,111900.0,516.0,5.0,2002.75,2002,2002,10,Tuesday,4,-26471.125
Irving,2002,11,2002-11-01,73.0,10538784.0,116700.0,525.0,5.2,2002.8334,2002,2002,11,Friday,4,-21671.125
Irving,2002,12,2002-12-01,92.0,12015504.0,108200.0,493.0,4.9,2002.9166,2002,2002,12,Sunday,4,-30171.125
Irving,2003,1,2003-01-01,68.0,9367563.0,108000.0,559.0,5.6,2003.0,2003,2003,1,Wednesday,1,-30371.125
Irving,2003,2,2003-02-01,74.0,10938372.0,119100.0,581.0,5.9,2003.0834,2003,2003,2,Saturday,1,-19271.125
Irving,2003,3,2003-03-01,96.0,16255985.0,117000.0,588.0,6.0,2003.1666,2003,2003,3,Saturday,1,-21371.125
Irving,2003,4,2003-04-01,126.0,19603480.0,120000.0,596.0,6.0,2003.25,2003,2003,4,Tuesday,2,-18371.125
Irving,2003,5,2003-05-01,114.0,17525153.0,120000.0,597.0,6.1,2003.3334,2003,2003,5,Thursday,2,-18371.125
Irving,2003,6,2003-06-01,112.0,17383879.0,121000.0,635.0,6.4,2003.4166,2003,2003,6,Sunday,2,-17371.125
Irving,2003,7,2003-07-01,117.0,16894893.0,121500.0,666.0,6.8,2003.5,2003,2003,7,Tuesday,3,-16871.125
Irving,2003,8,2003-08-01,114.0,17981773.0,119400.0,700.0,7.1,2003.5834,2003,2003,8,Friday,3,-18971.125
Irving,2003,9,2003-09-01,106.0,15831098.0,113800.0,676.0,6.9,2003.6666,2003,2003,9,Monday,3,-24571.125
Irving,2003,10,2003-10-01,117.0,16923609.0,115700.0,629.0,6.2,2003.75,2003,2003,10,Wednesday,4,-22671.125
Irving,2003,11,2003-11-01,95.0,14006259.0,117500.0,635.0,6.2,2003.8334,2003,2003,11,Saturday,4,-20871.125
Irving,2003,12,2003-12-01,79.0,13399325.0,126000.0,628.0,6.2,2003.9166,2003,2003,12,Monday,4,-12371.125
Irving,2004,1,2004-01-01,76.0,11308288.0,115000.0,646.0,6.3,2004.0,2004,2004,1,Thursday,1,-23371.125
Irving,2004,2,2004-02-01,82.0,14244179.0,128000.0,678.0,6.6,2004.0834,2004,2004,2,Sunday,1,-10371.125
Irving,2004,3,2004-03-01,125.0,20392909.0,119700.0,700.0,6.7,2004.1666,2004,2004,3,Monday,1,-18671.125
Irving,2004,4,2004-04-01,127.0,20460031.0,118500.0,740.0,7.0,2004.25,2004,2004,4,Thursday,2,-19871.125
Irving,2004,5,2004-05-01,121.0,17784461.0,117900.0,771.0,7.3,2004.3334,2004,2004,5,Saturday,2,-20471.125
Irving,2004,6,2004-06-01,114.0,16395234.0,119200.0,811.0,7.6,2004.4166,2004,2004,6,Tuesday,2,-19171.125
Irving,2004,7,2004-07-01,134.0,21864720.0,123200.0,817.0,7.6,2004.5,2004,2004,7,Thursday,3,-15171.125
Irving,2004,8,2004-08-01,125.0,19057154.0,116100.0,784.0,7.2,2004.5834,2004,2004,8,Sunday,3,-22271.125
Irving,2004,9,2004-09-01,120.0,19012278.0,121700.0,796.0,7.3,2004.6666,2004,2004,9,Wednesday,3,-16671.125
Irving,2004,10,2004-10-01,102.0,15828048.0,121200.0,773.0,7.1,2004.75,2004,2004,10,Friday,4,-17171.125
Irving,2004,11,2004-11-01,107.0,16316544.0,119600.0,725.0,6.6,2004.8334,2004,2004,11,Monday,4,-18771.125
Irving,2004,12,2004-12-01,127.0,22882673.0,118800.0,694.0,6.1,2004.9166,2004,2004,12,Wednesday,4,-19571.125
Irving,2005,1,2005-01-01,77.0,11605820.0,115900.0,741.0,6.5,2005.0,2005,2005,1,Saturday,1,-22471.125
Irving,2005,2,2005-02-01,99.0,17750004.0,112800.0,740.0,6.4,2005.0834,2005,2005,2,Tuesday,1,-25571.125
Irving,2005,3,2005-03-01,124.0,23604740.0,121100.0,780.0,6.8,2005.1666,2005,2005,3,Tuesday,1,-17271.125
Irving,2005,4,2005-04-01,122.0,19481136.0,118300.0,792.0,6.9,2005.25,2005,2005,4,Friday,2,-20071.125
Irving,2005,5,2005-05-01,142.0,23544356.0,124100.0,827.0,7.1,2005.3334,2005,2005,5,Sunday,2,-14271.125
Irving,2005,6,2005-06-01,161.0,25785552.0,119700.0,833.0,6.9,2005.4166,2005,2005,6,Wednesday,2,-18671.125
Irving,2005,7,2005-07-01,145.0,25702662.0,123600.0,833.0,6.9,2005.5,2005,2005,7,Friday,3,-14771.125
Irving,2005,8,2005-08-01,142.0,23403652.0,124800.0,,,2005.5834,2005,2005,8,Monday,3,-13571.125
Irving,2005,9,2005-09-01,124.0,22124324.0,119400.0,805.0,6.6,2005.6666,2005,2005,9,Thursday,3,-18971.125
Irving,2005,10,2005-10-01,112.0,21729424.0,131000.0,830.0,6.7,2005.75,2005,2005,10,Saturday,4,-7371.125
Irving,2005,11,2005-11-01,115.0,18198584.0,119700.0,788.0,6.3,2005.8334,2005,2005,11,Tuesday,4,-18671.125
Irving,2005,12,2005-12-01,121.0,18698848.0,122600.0,693.0,5.6,2005.9166,2005,2005,12,Thursday,4,-15771.125
Irving,2006,1,2006-01-01,86.0,14936311.0,122900.0,722.0,5.8,2006.0,2006,2006,1,Sunday,1,-15471.125
Irving,2006,2,2006-02-01,106.0,21669713.0,132600.0,711.0,5.7,2006.0834,2006,2006,2,Wednesday,1,-5771.125
Irving,2006,3,2006-03-01,148.0,25335014.0,116900.0,785.0,6.2,2006.1666,2006,2006,3,Wednesday,1,-21471.125
Irving,2006,4,2006-04-01,129.0,20530545.0,115900.0,867.0,6.8,2006.25,2006,2006,4,Saturday,2,-22471.125
Irving,2006,5,2006-05-01,135.0,27021855.0,134200.0,903.0,7.1,2006.3334,2006,2006,5,Monday,2,-4171.125
Irving,2006,6,2006-06-01,169.0,28843828.0,121200.0,877.0,6.9,2006.4166,2006,2006,6,Thursday,2,-17171.125
Irving,2006,7,2006-07-01,146.0,28756226.0,131700.0,914.0,7.2,2006.5,2006,2006,7,Saturday,3,-6671.125
Irving,2006,8,2006-08-01,144.0,25473708.0,125400.0,877.0,6.9,2006.5834,2006,2006,8,Tuesday,3,-12971.125
Irving,2006,9,2006-09-01,126.0,22322089.0,120000.0,863.0,6.7,2006.6666,2006,2006,9,Friday,3,-18371.125
Irving,2006,10,2006-10-01,131.0,21751872.0,126300.0,855.0,6.6,2006.75,2006,2006,10,Sunday,4,-12071.125
Irving,2006,11,2006-11-01,122.0,20522988.0,125000.0,835.0,6.4,2006.8334,2006,2006,11,Wednesday,4,-13371.125
Irving,2006,12,2006-12-01,132.0,24371490.0,136800.0,813.0,6.2,2006.9166,2006,2006,12,Friday,4,-1571.125
Irving,2007,1,2007-01-01,100.0,15973018.0,130000.0,849.0,6.4,2007.0,2007,2007,1,Monday,1,-8371.125
Irving,2007,2,2007-02-01,138.0,23703750.0,135600.0,862.0,6.4,2007.0834,2007,2007,2,Thursday,1,-2771.125
Irving,2007,3,2007-03-01,168.0,29493918.0,132500.0,915.0,6.7,2007.1666,2007,2007,3,Thursday,1,-5871.125
Irving,2007,4,2007-04-01,146.0,27255778.0,135800.0,971.0,7.0,2007.25,2007,2007,4,Sunday,2,-2571.125
Irving,2007,5,2007-05-01,170.0,30905020.0,132300.0,974.0,6.9,2007.3334,2007,2007,5,Tuesday,2,-6071.125
Irving,2007,6,2007-06-01,166.0,31177830.0,145900.0,1006.0,7.1,2007.4166,2007,2007,6,Friday,2,7528.875
Irving,2007,7,2007-07-01,169.0,34836077.0,155800.0,1034.0,7.2,2007.5,2007,2007,7,Sunday,3,17428.875
Irving,2007,8,2007-08-01,172.0,33212753.0,151100.0,1090.0,7.5,2007.5834,2007,2007,8,Wednesday,3,12728.875
Irving,2007,9,2007-09-01,121.0,22268829.0,143000.0,1056.0,7.3,2007.6666,2007,2007,9,Saturday,3,4628.875
Irving,2007,10,2007-10-01,120.0,22655123.0,147300.0,1040.0,7.2,2007.75,2007,2007,10,Monday,4,8928.875
Irving,2007,11,2007-11-01,121.0,21290367.0,137500.0,975.0,6.8,2007.8334,2007,2007,11,Thursday,4,-871.125
Irving,2007,12,2007-12-01,106.0,21708272.0,193300.0,895.0,6.3,2007.9166,2007,2007,12,Saturday,4,54928.875
Irving,2008,1,2008-01-01,113.0,19403843.0,136200.0,940.0,6.6,2008.0,2008,2008,1,Tuesday,1,-2171.125
Irving,2008,2,2008-02-01,110.0,21529684.0,133300.0,954.0,6.8,2008.0834,2008,2008,2,Friday,1,-5071.125
Irving,2008,3,2008-03-01,126.0,24991196.0,160000.0,974.0,7.1,2008.1666,2008,2008,3,Saturday,1,21628.875
Irving,2008,4,2008-04-01,164.0,29993087.0,166200.0,976.0,7.1,2008.25,2008,2008,4,Tuesday,2,27828.875
Irving,2008,5,2008-05-01,173.0,33359195.0,154200.0,924.0,6.7,2008.3334,2008,2008,5,Thursday,2,15828.875
Irving,2008,6,2008-06-01,146.0,25075168.0,136000.0,885.0,6.5,2008.4166,2008,2008,6,Sunday,2,-2371.125
Irving,2008,7,2008-07-01,160.0,30090695.0,156200.0,884.0,6.5,2008.5,2008,2008,7,Tuesday,3,17828.875
Irving,2008,8,2008-08-01,160.0,34117717.0,153300.0,871.0,6.5,2008.5834,2008,2008,8,Friday,3,14928.875
Irving,2008,9,2008-09-01,125.0,22044975.0,132700.0,825.0,6.1,2008.6666,2008,2008,9,Monday,3,-5671.125
Irving,2008,10,2008-10-01,120.0,21920541.0,152000.0,815.0,6.0,2008.75,2008,2008,10,Wednesday,4,13628.875
Irving,2008,11,2008-11-01,76.0,12268556.0,130000.0,790.0,6.0,2008.8334,2008,2008,11,Saturday,4,-8371.125
Irving,2008,12,2008-12-01,91.0,15623114.0,137300.0,740.0,5.7,2008.9166,2008,2008,12,Monday,4,-1071.125
Irving,2009,1,2009-01-01,63.0,11127405.0,135000.0,781.0,6.2,2009.0,2009,2009,1,Thursday,1,-3371.125
Irving,2009,2,2009-02-01,91.0,15011687.0,122000.0,774.0,6.2,2009.0834,2009,2009,2,Sunday,1,-16371.125
Irving,2009,3,2009-03-01,97.0,16479082.0,145600.0,795.0,6.5,2009.1666,2009,2009,3,Sunday,1,7228.875
Irving,2009,4,2009-04-01,118.0,22178827.0,134500.0,812.0,6.9,2009.25,2009,2009,4,Wednesday,2,-3871.125
Irving,2009,5,2009-05-01,115.0,20132044.0,139100.0,841.0,7.4,2009.3334,2009,2009,5,Friday,2,728.875
Irving,2009,6,2009-06-01,136.0,27342886.0,138000.0,776.0,6.9,2009.4166,2009,2009,6,Monday,2,-371.125
Irving,2009,7,2009-07-01,134.0,25167918.0,162200.0,794.0,7.2,2009.5,2009,2009,7,Wednesday,3,23828.875
Irving,2009,8,2009-08-01,96.0,16756590.0,138600.0,798.0,7.6,2009.5834,2009,2009,8,Saturday,3,228.875
Irving,2009,9,2009-09-01,118.0,18666230.0,124300.0,766.0,7.3,2009.6666,2009,2009,9,Tuesday,3,-14071.125
Irving,2009,10,2009-10-01,138.0,22730982.0,127700.0,759.0,7.2,2009.75,2009,2009,10,Thursday,4,-10671.125
Irving,2009,11,2009-11-01,115.0,19592985.0,141100.0,761.0,7.0,2009.8334,2009,2009,11,Sunday,4,2728.875
Irving,2009,12,2009-12-01,111.0,22475838.0,135500.0,714.0,6.4,2009.9166,2009,2009,12,Tuesday,4,-2871.125
Irving,2010,1,2010-01-01,74.0,14038362.0,140000.0,764.0,6.8,2010.0,2010,2010,1,Friday,1,1628.875
Irving,2010,2,2010-02-01,92.0,15470570.0,118300.0,768.0,6.9,2010.0834,2010,2010,2,Monday,1,-20071.125
Irving,2010,3,2010-03-01,124.0,20187309.0,121800.0,822.0,7.2,2010.1666,2010,2010,3,Monday,1,-16571.125
Irving,2010,4,2010-04-01,170.0,36748585.0,170000.0,810.0,6.8,2010.25,2010,2010,4,Thursday,2,31628.875
Irving,2010,5,2010-05-01,158.0,35178766.0,160000.0,896.0,7.3,2010.3334,2010,2010,5,Saturday,2,21628.875
Irving,2010,6,2010-06-01,120.0,21273770.0,136500.0,937.0,7.8,2010.4166,2010,2010,6,Tuesday,2,-1871.125
Irving,2010,7,2010-07-01,90.0,17473308.0,156000.0,966.0,8.2,2010.5,2010,2010,7,Thursday,3,17628.875
Irving,2010,8,2010-08-01,94.0,17645252.0,127500.0,966.0,8.3,2010.5834,2010,2010,8,Sunday,3,-10871.125
Irving,2010,9,2010-09-01,93.0,18778795.0,170000.0,898.0,7.8,2010.6666,2010,2010,9,Wednesday,3,31628.875
Irving,2010,10,2010-10-01,102.0,19491806.0,134000.0,867.0,7.7,2010.75,2010,2010,10,Friday,4,-4371.125
Irving,2010,11,2010-11-01,78.0,15230291.0,120000.0,839.0,7.7,2010.8334,2010,2010,11,Monday,4,-18371.125
Irving,2010,12,2010-12-01,92.0,18546287.0,145000.0,756.0,7.0,2010.9166,2010,2010,12,Wednesday,4,6628.875
Irving,2011,1,2011-01-01,67.0,10375416.0,118300.0,763.0,7.2,2011.0,2011,2011,1,Saturday,1,-20071.125
Irving,2011,2,2011-02-01,78.0,15388610.0,145000.0,772.0,7.3,2011.0834,2011,2011,2,Tuesday,1,6628.875
Irving,2011,3,2011-03-01,110.0,16853382.0,106700.0,765.0,7.3,2011.1666,2011,2011,3,Tuesday,1,-31671.125
Irving,2011,4,2011-04-01,120.0,22922064.0,143300.0,770.0,7.7,2011.25,2011,2011,4,Friday,2,4928.875
Irving,2011,5,2011-05-01,121.0,24429962.0,142000.0,768.0,7.9,2011.3334,2011,2011,5,Sunday,2,3628.875
Irving,2011,6,2011-06-01,132.0,23020488.0,128600.0,766.0,7.8,2011.4166,2011,2011,6,Wednesday,2,-9771.125
Irving,2011,7,2011-07-01,114.0,22614060.0,142500.0,725.0,7.2,2011.5,2011,2011,7,Friday,3,4128.875
Irving,2011,8,2011-08-01,126.0,21759738.0,122900.0,668.0,6.5,2011.5834,2011,2011,8,Monday,3,-15471.125
Irving,2011,9,2011-09-01,104.0,18119872.0,135000.0,635.0,6.1,2011.6666,2011,2011,9,Thursday,3,-3371.125
Irving,2011,10,2011-10-01,97.0,16152788.0,137000.0,601.0,5.8,2011.75,2011,2011,10,Saturday,4,-1371.125
Irving,2011,11,2011-11-01,99.0,18085390.0,135500.0,557.0,5.3,2011.8334,2011,2011,11,Tuesday,4,-2871.125
Irving,2011,12,2011-12-01,96.0,19030487.0,160000.0,476.0,4.5,2011.9166,2011,2011,12,Thursday,4,21628.875
Irving,2012,1,2012-01-01,95.0,18250222.0,152500.0,472.0,4.4,2012.0,2012,2012,1,Sunday,1,14128.875
Irving,2012,2,2012-02-01,88.0,14764492.0,130000.0,495.0,4.6,2012.0834,2012,2012,2,Wednesday,1,-8371.125
Irving,2012,3,2012-03-01,117.0,26270581.0,186000.0,532.0,4.9,2012.1666,2012,2012,3,Thursday,1,47628.875
Irving,2012,4,2012-04-01,135.0,21201232.0,115000.0,524.0,4.7,2012.25,2012,2012,4,Sunday,2,-23371.125
Irving,2012,5,2012-05-01,124.0,28349025.0,170000.0,540.0,4.9,2012.3334,2012,2012,5,Tuesday,2,31628.875
Irving,2012,6,2012-06-01,130.0,24737210.0,165700.0,582.0,5.3,2012.4166,2012,2012,6,Friday,2,27328.875
Irving,2012,7,2012-07-01,139.0,27695215.0,135800.0,548.0,4.9,2012.5,2012,2012,7,Sunday,3,-2571.125
Irving,2012,8,2012-08-01,168.0,32285116.0,168000.0,548.0,4.7,2012.5834,2012,2012,8,Wednesday,3,29628.875
Irving,2012,9,2012-09-01,127.0,24388527.0,156200.0,520.0,4.4,2012.6666,2012,2012,9,Saturday,3,17828.875
Irving,2012,10,2012-10-01,114.0,23382786.0,153300.0,473.0,4.0,2012.75,2012,2012,10,Monday,4,14928.875
Irving,2012,11,2012-11-01,105.0,18684270.0,136700.0,431.0,3.6,2012.8334,2012,2012,11,Thursday,4,-1671.125
Irving,2012,12,2012-12-01,113.0,24195373.0,170000.0,389.0,3.2,2012.9166,2012,2012,12,Saturday,4,31628.875
Irving,2013,1,2013-01-01,97.0,20588782.0,158300.0,383.0,3.2,2013.0,2013,2013,1,Tuesday,1,19928.875
Irving,2013,2,2013-02-01,102.0,20249376.0,168000.0,381.0,3.1,2013.0834,2013,2013,2,Friday,1,29628.875
Irving,2013,3,2013-03-01,135.0,27713826.0,194000.0,354.0,2.9,2013.1666,2013,2013,3,Friday,1,55628.875
Irving,2013,4,2013-04-01,135.0,28027323.0,169000.0,373.0,3.0,2013.25,2013,2013,4,Monday,2,30628.875
Irving,2013,5,2013-05-01,169.0,43406039.0,213100.0,368.0,2.9,2013.3334,2013,2013,5,Wednesday,2,74728.875
Irving,2013,6,2013-06-01,175.0,42247008.0,213500.0,378.0,2.9,2013.4166,2013,2013,6,Saturday,2,75128.875
Irving,2013,7,2013-07-01,191.0,44243272.0,202400.0,404.0,3.0,2013.5,2013,2013,7,Monday,3,64028.875
Irving,2013,8,2013-08-01,205.0,48194967.0,206700.0,426.0,3.1,2013.5834,2013,2013,8,Thursday,3,68328.875
Irving,2013,9,2013-09-01,129.0,30123780.0,190000.0,414.0,3.0,2013.6666,2013,2013,9,Sunday,3,51628.875
Irving,2013,10,2013-10-01,142.0,27824620.0,157500.0,426.0,3.0,2013.75,2013,2013,10,Tuesday,4,19128.875
Irving,2013,11,2013-11-01,108.0,21549806.0,152700.0,410.0,2.9,2013.8334,2013,2013,11,Friday,4,14328.875
Irving,2013,12,2013-12-01,123.0,27064554.0,173800.0,356.0,2.5,2013.9166,2013,2013,12,Sunday,4,35428.875
Irving,2014,1,2014-01-01,90.0,17212893.0,145700.0,342.0,2.4,2014.0,2014,2014,1,Wednesday,1,7328.875
Irving,2014,2,2014-02-01,112.0,26301489.0,170800.0,339.0,2.4,2014.0834,2014,2014,2,Saturday,1,32428.875
Irving,2014,3,2014-03-01,142.0,28982140.0,160000.0,316.0,2.2,2014.1666,2014,2014,3,Saturday,1,21628.875
Irving,2014,4,2014-04-01,167.0,37671111.0,183800.0,324.0,2.2,2014.25,2014,2014,4,Tuesday,2,45428.875
Irving,2014,5,2014-05-01,173.0,42727748.0,207600.0,368.0,2.5,2014.3334,2014,2014,5,Thursday,2,69228.875
Irving,2014,6,2014-06-01,178.0,44774136.0,193300.0,375.0,2.6,2014.4166,2014,2014,6,Sunday,2,54928.875
Irving,2014,7,2014-07-01,151.0,36648540.0,218800.0,388.0,2.7,2014.5,2014,2014,7,Tuesday,3,80428.875
Irving,2014,8,2014-08-01,191.0,46304161.0,199200.0,366.0,2.6,2014.5834,2014,2014,8,Friday,3,60828.875
Irving,2014,9,2014-09-01,145.0,36411820.0,229500.0,351.0,2.4,2014.6666,2014,2014,9,Monday,3,91128.875
Irving,2014,10,2014-10-01,129.0,33161312.0,206800.0,346.0,2.4,2014.75,2014,2014,10,Wednesday,4,68428.875
Irving,2014,11,2014-11-01,118.0,26056968.0,168000.0,319.0,2.2,2014.8334,2014,2014,11,Saturday,4,29628.875
Irving,2014,12,2014-12-01,161.0,45640196.0,256500.0,270.0,1.8,2014.9166,2014,2014,12,Monday,4,118128.875
Irving,2015,1,2015-01-01,82.0,20208733.0,157800.0,278.0,1.9,2015.0,2015,2015,1,Thursday,1,19428.875
Irving,2015,2,2015-02-01,123.0,33088681.0,220500.0,271.0,1.8,2015.0834,2015,2015,2,Sunday,1,82128.875
Irving,2015,3,2015-03-01,141.0,32245749.0,181200.0,275.0,1.9,2015.1666,2015,2015,3,Sunday,1,42828.875
Irving,2015,4,2015-04-01,158.0,41530256.0,223100.0,316.0,2.2,2015.25,2015,2015,4,Wednesday,2,84728.875
Irving,2015,5,2015-05-01,166.0,41729047.0,219400.0,333.0,2.3,2015.3334,2015,2015,5,Friday,2,81028.875
Irving,2015,6,2015-06-01,194.0,46433702.0,193300.0,325.0,2.2,2015.4166,2015,2015,6,Monday,2,54928.875
Irving,2015,7,2015-07-01,196.0,50898246.0,225000.0,379.0,2.5,2015.5,2015,2015,7,Wednesday,3,86628.875
Kerrville,2000,1,2000-01-01,,,,,,2000.0,2000,2000,1,Saturday,1,
Kerrville,2000,2,2000-02-01,,,,,,2000.0834,2000,2000,2,Tuesday,1,
Kerrville,2000,3,2000-03-01,,,,,,2000.1666,2000,2000,3,Wednesday,1,
Kerrville,2000,4,2000-04-01,,,,,,2000.25,2000,2000,4,Saturday,2,
Kerrville,2000,5,2000-05-01,,,,,,2000.3334,2000,2000,5,Monday,2,
Kerrville,2000,6,2000-06-01,,,,,,2000.4166,2000,2000,6,Thursday,2,
Kerrville,2000,7,2000-07-01,,,,,,2000.5,2000,2000,7,Saturday,3,
Kerrville,2000,8,2000-08-01,,,,,,2000.5834,2000,2000,8,Tuesday,3,
Kerrville,2000,9,2000-09-01,,,,,,2000.6666,2000,2000,9,Friday,3,
Kerrville,2000,10,2000-10-01,,,,,,2000.75,2000,2000,10,Sunday,4,
Kerrville,2000,11,2000-11-01,,,,,,2000.8334,2000,2000,11,Wednesday,4,
Kerrville,2000,12,2000-12-01,,,,,,2000.9166,2000,2000,12,Friday,4,
Kerrville,2001,1,2001-01-01,,,,,,2001.0,2001,2001,1,Monday,1,
Kerrville,2001,2,2001-02-01,,,,,,2001.0834,2001,2001,2,Thursday,1,
Kerrville,2001,3,2001-03-01,,,,,,2001.1666,2001,2001,3,Thursday,1,
Kerrville,2001,4,2001-04-01,,,,,,2001.25,2001,2001,4,Sunday,2,
Kerrville,2001,5,2001-05-01,,,,,,2001.3334,2001,2001,5,Tuesday,2,
Kerrville,2001,6,2001-06-01,,,,,,2001.4166,2001,2001,6,Friday,2,
Kerrville,2001,7,2001-07-01,,,,,,2001.5,2001,2001,7,Sunday,3,
Kerrville,2001,8,2001-08-01,,,,,,2001.5834,2001,2001,8,Wednesday,3,
Kerrville,2001,9,2001-09-01,,,,,,2001.6666,2001,2001,9,Saturday,3,
Kerrville,2001,10,2001-10-01,,,,,,2001.75,2001,2001,10,Monday,4,
Kerrville,2001,11,2001-11-01,,,,,,2001.8334,2001,2001,11,Thursday,4,
Kerrville,2001,12,2001-12-01,,,,,,2001.9166,2001,2001,12,Saturday,4,
Kerrville,2002,1,2002-01-01,,,,,,2002.0,2002,2002,1,Tuesday,1,
Kerrville,2002,2,2002-02-01,,,,,,2002.0834,2002,2002,2,Friday,1,
Kerrville,2002,3,2002-03-01,,,,,,2002.1666,2002,2002,3,Friday,1,
Kerrville,2002,4,2002-04-01,,,,,,2002.25,2002,2002,4,Monday,2,
Kerrville,2002,5,2002-05-01,,,,,,2002.3334,2002,2002,5,Wednesday,2,
Kerrville,2002,6,2002-06-01,,,,,,2002.4166,2002,2002,6,Saturday,2,
Kerrville,2002,7,2002-07-01,,,,,,2002.5,2002,2002,7,Monday,3,
Kerrville,2002,8,2002-08-01,,,,,,2002.5834,2002,2002,8,Thursday,3,
Kerrville,2002,9,2002-09-01,,,,,,2002.6666,2002,2002,9,Sunday,3,
Kerrville,2002,10,2002-10-01,,,,,,2002.75,2002,2002,10,Tuesday,4,
Kerrville,2002,11,2002-11-01,,,,,,2002.8334,2002,2002,11,Friday,4,
Kerrville,2002,12,2002-12-01,,,,,,2002.9166,2002,2002,12,Sunday,4,
Kerrville,2003,1,2003-01-01,,,,,,2003.0,2003,2003,1,Wednesday,1,
Kerrville,2003,2,2003-02-01,,,,,,2003.0834,2003,2003,2,Saturday,1,
Kerrville,2003,3,2003-03-01,,,,,,2003.1666,2003,2003,3,Saturday,1,
Kerrville,2003,4,2003-04-01,,,,,,2003.25,2003,2003,4,Tuesday,2,
Kerrville,2003,5,2003-05-01,,,,,,2003.3334,2003,2003,5,Thursday,2,
Kerrville,2003,6,2003-06-01,,,,,,2003.4166,2003,2003,6,Sunday,2,
Kerrville,2003,7,2003-07-01,,,,,,2003.5,2003,2003,7,Tuesday,3,
Kerrville,2003,8,2003-08-01,,,,,,2003.5834,2003,2003,8,Friday,3,
Kerrville,2003,9,2003-09-01,,,,,,2003.6666,2003,2003,9,Monday,3,
Kerrville,2003,10,2003-10-01,,,,,,2003.75,2003,2003,10,Wednesday,4,
Kerrville,2003,11,2003-11-01,,,,,,2003.8334,2003,2003,11,Saturday,4,
Kerrville,2003,12,2003-12-01,,,,,,2003.9166,2003,2003,12,Monday,4,
Kerrville,2004,1,2004-01-01,,,,,,2004.0,2004,2004,1,Thursday,1,
Kerrville,2004,2,2004-02-01,,,,,,2004.0834,2004,2004,2,Sunday,1,
Kerrville,2004,3,2004-03-01,,,,,,2004.1666,2004,2004,3,Monday,1,
Kerrville,2004,4,2004-04-01,,,,,,2004.25,2004,2004,4,Thursday,2,
Kerrville,2004,5,2004-05-01,,,,,,2004.3334,2004,2004,5,Saturday,2,
Kerrville,2004,6,2004-06-01,,,,,,2004.4166,2004,2004,6,Tuesday,2,
Kerrville,2004,7,2004-07-01,,,,,,2004.5,2004,2004,7,Thursday,3,
Kerrville,2004,8,2004-08-01,,,,,,2004.5834,2004,2004,8,Sunday,3,
Kerrville,2004,9,2004-09-01,,,,,,2004.6666,2004,2004,9,Wednesday,3,
Kerrville,2004,10,2004-10-01,,,,,,2004.75,2004,2004,10,Friday,4,
Kerrville,2004,11,2004-11-01,,,,,,2004.8334,2004,2004,11,Monday,4,
Kerrville,2004,12,2004-12-01,,,,,,2004.9166,2004,2004,12,Wednesday,4,
Kerrville,2005,1,2005-01-01,,,,,,2005.0,2005,2005,1,Saturday,1,
Kerrville,2005,2,2005-02-01,,,,,,2005.0834,2005,2005,2,Tuesday,1,
Kerrville,2005,3,2005-03-01,,,,,,2005.1666,2005,2005,3,Tuesday,1,
Kerrville,2005,4,2005-04-01,,,,,,2005.25,2005,2005,4,Friday,2,
Kerrville,2005,5,2005-05-01,,,,,,2005.3334,2005,2005,5,Sunday,2,
Kerrville,2005,6,2005-06-01,,,,,,2005.4166,2005,2005,6,Wednesday,2,
Kerrville,2005,7,2005-07-01,,,,,,2005.5,2005,2005,7,Friday,3,
Kerrville,2005,8,2005-08-01,,,,,,2005.5834,2005,2005,8,Monday,3,
Kerrville,2005,9,2005-09-01,,,,,,2005.6666,2005,2005,9,Thursday,3,
Kerrville,2005,10,2005-10-01,,,,,,2005.75,2005,2005,10,Saturday,4,
Kerrville,2005,11,2005-11-01,,,,,,2005.8334,2005,2005,11,Tuesday,4,
Kerrville,2005,12,2005-12-01,,,,,,2005.9166,2005,2005,12,Thursday,4,
Kerrville,2006,1,2006-01-01,,,,,,2006.0,2006,2006,1,Sunday,1,
Kerrville,2006,2,2006-02-01,,,,,,2006.0834,2006,2006,2,Wednesday,1,
Kerrville,2006,3,2006-03-01,,,,,,2006.1666,2006,2006,3,Wednesday,1,
Kerrville,2006,4,2006-04-01,,,,,,2006.25,2006,2006,4,Saturday,2,
Kerrville,2006,5,2006-05-01,,,,,,2006.3334,2006,2006,5,Monday,2,
Kerrville,2006,6,2006-06-01,,,,,,2006.4166,2006,2006,6,Thursday,2,
Kerrville,2006,7,2006-07-01,,,,,,2006.5,2006,2006,7,Saturday,3,
Kerrville,2006,8,2006-08-01,,,,,,2006.5834,2006,2006,8,Tuesday,3,
Kerrville,2006,9,2006-09-01,,,,,,2006.6666,2006,2006,9,Friday,3,
Kerrville,2006,10,2006-10-01,,,,,,2006.75,2006,2006,10,Sunday,4,
Kerrville,2006,11,2006-11-01,,,,,,2006.8334,2006,2006,11,Wednesday,4,
Kerrville,2006,12,2006-12-01,,,,,,2006.9166,2006,2006,12,Friday,4,
Kerrville,2007,1,2007-01-01,,,,,,2007.0,2007,2007,1,Monday,1,
Kerrville,2007,2,2007-02-01,,,,,,2007.0834,2007,2007,2,Thursday,1,
Kerrville,2007,3,2007-03-01,,,,,,2007.1666,2007,2007,3,Thursday,1,
Kerrville,2007,4,2007-04-01,,,,,,2007.25,2007,2007,4,Sunday,2,
Kerrville,2007,5,2007-05-01,,,,,,2007.3334,2007,2007,5,Tuesday,2,
Kerrville,2007,6,2007-06-01,,,,,,2007.4166,2007,2007,6,Friday,2,
Kerrville,2007,7,2007-07-01,,,,,,2007.5,2007,2007,7,Sunday,3,
Kerrville,2007,8,2007-08-01,,,,,,2007.5834,2007,2007,8,Wednesday,3,
Kerrville,2007,9,2007-09-01,,,,,,2007.6666,2007,2007,9,Saturday,3,
Kerrville,2007,10,2007-10-01,,,,,,2007.75,2007,2007,10,Monday,4,
Kerrville,2007,11,2007-11-01,,,,,,2007.8334,2007,2007,11,Thursday,4,
Kerrville,2007,12,2007-12-01,,,,,,2007.9166,2007,2007,12,Saturday,4,
Kerrville,2008,1,2008-01-01,,,,,,2008.0,2008,2008,1,Tuesday,1,
Kerrville,2008,2,2008-02-01,,,,,,2008.0834,2008,2008,2,Friday,1,
Kerrville,2008,3,2008-03-01,,,,,,2008.1666,2008,2008,3,Saturday,1,
Kerrville,2008,4,2008-04-01,,,,,,2008.25,2008,2008,4,Tuesday,2,
Kerrville,2008,5,2008-05-01,,,,,,2008.3334,2008,2008,5,Thursday,2,
Kerrville,2008,6,2008-06-01,,,,,,2008.4166,2008,2008,6,Sunday,2,
Kerrville,2008,7,2008-07-01,,,,,,2008.5,2008,2008,7,Tuesday,3,
Kerrville,2008,8,2008-08-01,,,,,,2008.5834,2008,2008,8,Friday,3,
Kerrville,2008,9,2008-09-01,37.0,9495000.0,176700.0,708.0,,2008.6666,2008,2008,9,Monday,3,10702.406
Kerrville,2008,10,2008-10-01,33.0,8580000.0,206200.0,562.0,,2008.75,2008,2008,10,Wednesday,4,40202.406
Kerrville,2008,11,2008-11-01,26.0,4955000.0,154300.0,549.0,,2008.8334,2008,2008,11,Saturday,4,-11697.594
Kerrville,2008,12,2008-12-01,21.0,3395000.0,156700.0,507.0,,2008.9166,2008,2008,12,Monday,4,-9297.594
Kerrville,2009,1,2009-01-01,24.0,4225000.0,140000.0,,,2009.0,2009,2009,1,Thursday,1,-25997.594
Kerrville,2009,2,2009-02-01,19.0,4450000.0,170000.0,568.0,,2009.0834,2009,2009,2,Sunday,1,4002.4062
Kerrville,2009,3,2009-03-01,37.0,7670000.0,157500.0,618.0,,2009.1666,2009,2009,3,Sunday,1,-8497.594
Kerrville,2009,4,2009-04-01,29.0,4497301.0,147500.0,650.0,23.0,2009.25,2009,2009,4,Wednesday,2,-18497.594
Kerrville,2009,5,2009-05-01,31.0,5216600.0,162000.0,650.0,22.7,2009.3334,2009,2009,5,Friday,2,-3997.5938
Kerrville,2009,6,2009-06-01,46.0,9321602.0,173300.0,700.0,23.1,2009.4166,2009,2009,6,Monday,2,7302.4062
Kerrville,2009,7,2009-07-01,42.0,10416414.0,186700.0,700.0,22.3,2009.5,2009,2009,7,Wednesday,3,20702.406
Kerrville,2009,8,2009-08-01,48.0,9193912.0,165500.0,700.0,21.4,2009.5834,2009,2009,8,Saturday,3,-497.59375
Kerrville,2009,9,2009-09-01,40.0,7246436.0,150000.0,700.0,21.2,2009.6666,2009,2009,9,Tuesday,3,-15997.594
Kerrville,2009,10,2009-10-01,41.0,7884136.0,143300.0,700.0,20.8,2009.75,2009,2009,10,Thursday,4,-22697.594
Kerrville,2009,11,2009-11-01,28.0,5179350.0,160000.0,738.0,21.8,2009.8334,2009,2009,11,Sunday,4,-5997.5938
Kerrville,2009,12,2009-12-01,33.0,5566950.0,134000.0,681.0,19.6,2009.9166,2009,2009,12,Tuesday,4,-31997.594
Kerrville,2010,1,2010-01-01,25.0,5254000.0,174000.0,660.0,18.9,2010.0,2010,2010,1,Friday,1,8002.4062
Kerrville,2010,2,2010-02-01,22.0,3998000.0,166700.0,578.0,16.4,2010.0834,2010,2010,2,Monday,1,702.40625
Kerrville,2010,3,2010-03-01,34.0,6911750.0,150000.0,732.0,21.0,2010.1666,2010,2010,3,Monday,1,-15997.594
Kerrville,2010,4,2010-04-01,34.0,5469475.0,145000.0,750.0,21.2,2010.25,2010,2010,4,Thursday,2,-20997.594
Kerrville,2010,5,2010-05-01,41.0,8369000.0,168300.0,770.0,21.3,2010.3334,2010,2010,5,Saturday,2,2302.4062
Kerrville,2010,6,2010-06-01,30.0,4949160.0,151400.0,795.0,22.8,2010.4166,2010,2010,6,Tuesday,2,-14597.594
Kerrville,2010,7,2010-07-01,36.0,10137400.0,173300.0,821.0,23.9,2010.5,2010,2010,7,Thursday,3,7302.4062
Kerrville,2010,8,2010-08-01,41.0,8191350.0,192500.0,828.0,24.5,2010.5834,2010,2010,8,Sunday,3,26502.406
Kerrville,2010,9,2010-09-01,41.0,7959950.0,190000.0,773.0,22.8,2010.6666,2010,2010,9,Wednesday,3,24002.406
Kerrville,2010,10,2010-10-01,38.0,6686225.0,144000.0,761.0,22.7,2010.75,2010,2010,10,Friday,4,-21997.594
Kerrville,2010,11,2010-11-01,38.0,7745200.0,170000.0,760.0,22.1,2010.8334,2010,2010,11,Monday,4,4002.4062
Kerrville,2010,12,2010-12-01,34.0,6366150.0,155000.0,760.0,22.0,2010.9166,2010,2010,12,Wednesday,4,-10997.594
Kerrville,2011,1,2011-01-01,31.0,7106849.0,170000.0,777.0,22.2,2011.0,2011,2011,1,Saturday,1,4002.4062
Kerrville,2011,2,2011-02-01,22.0,3702515.0,140000.0,788.0,22.5,2011.0834,2011,2011,2,Tuesday,1,-25997.594
Kerrville,2011,3,2011-03-01,27.0,4653865.0,134000.0,842.0,24.5,2011.1666,2011,2011,3,Tuesday,1,-31997.594
Kerrville,2011,4,2011-04-01,35.0,5619150.0,143300.0,856.0,24.8,2011.25,2011,2011,4,Friday,2,-22697.594
Kerrville,2011,5,2011-05-01,39.0,6601983.0,155000.0,875.0,25.5,2011.3334,2011,2011,5,Sunday,2,-10997.594
Kerrville,2011,6,2011-06-01,40.0,8930300.0,184000.0,884.0,25.1,2011.4166,2011,2011,6,Wednesday,2,18002.406
Kerrville,2011,7,2011-07-01,28.0,4234850.0,133300.0,912.0,26.4,2011.5,2011,2011,7,Friday,3,-32697.594
Kerrville,2011,8,2011-08-01,33.0,5611250.0,150000.0,911.0,26.9,2011.5834,2011,2011,8,Monday,3,-15997.594
Kerrville,2011,9,2011-09-01,39.0,6311635.0,132900.0,864.0,25.7,2011.6666,2011,2011,9,Thursday,3,-33097.594
Kerrville,2011,10,2011-10-01,30.0,6825857.0,180000.0,840.0,25.5,2011.75,2011,2011,10,Saturday,4,14002.406
Kerrville,2011,11,2011-11-01,34.0,6546700.0,180000.0,795.0,24.3,2011.8334,2011,2011,11,Tuesday,4,14002.406
Kerrville,2011,12,2011-12-01,25.0,3789205.0,147500.0,742.0,23.2,2011.9166,2011,2011,12,Thursday,4,-18497.594
Kerrville,2012,1,2012-01-01,29.0,5420559.0,162500.0,776.0,24.4,2012.0,2012,2012,1,Sunday,1,-3497.5938
Kerrville,2012,2,2012-02-01,37.0,6268470.0,143300.0,799.0,24.2,2012.0834,2012,2012,2,Wednesday,1,-22697.594
Kerrville,2012,3,2012-03-01,39.0,7494225.0,162000.0,835.0,24.6,2012.1666,2012,2012,3,Thursday,1,-3997.5938
Kerrville,2012,4,2012-04-01,43.0,11662242.0,194000.0,833.0,24.0,2012.25,2012,2012,4,Sunday,2,28002.406
Kerrville,2012,5,2012-05-01,55.0,11493525.0,168300.0,875.0,24.3,2012.3334,2012,2012,5,Tuesday,2,2302.4062
Kerrville,2012,6,2012-06-01,40.0,9066536.0,180000.0,882.0,24.5,2012.4166,2012,2012,6,Friday,2,14002.406
Kerrville,2012,7,2012-07-01,56.0,9990079.0,151400.0,878.0,22.9,2012.5,2012,2012,7,Sunday,3,-14597.594
Kerrville,2012,8,2012-08-01,56.0,11346975.0,155000.0,875.0,21.7,2012.5834,2012,2012,8,Wednesday,3,-10997.594
Kerrville,2012,9,2012-09-01,36.0,5865495.0,146700.0,827.0,20.7,2012.6666,2012,2012,9,Saturday,3,-19297.594
Kerrville,2012,10,2012-10-01,36.0,6947321.0,165000.0,869.0,21.5,2012.75,2012,2012,10,Monday,4,-997.59375
Kerrville,2012,11,2012-11-01,39.0,9031762.0,170000.0,880.0,21.5,2012.8334,2012,2012,11,Thursday,4,4002.4062
Kerrville,2012,12,2012-12-01,30.0,7074843.0,160000.0,803.0,19.4,2012.9166,2012,2012,12,Saturday,4,-5997.5938
Kerrville,2013,1,2013-01-01,37.0,7363675.0,147500.0,824.0,19.6,2013.0,2013,2013,1,Tuesday,1,-18497.594
Kerrville,2013,2,2013-02-01,34.0,6711100.0,140000.0,819.0,19.6,2013.0834,2013,2013,2,Friday,1,-25997.594
Kerrville,2013,3,2013-03-01,49.0,9468191.0,146000.0,808.0,19.0,2013.1666,2013,2013,3,Friday,1,-19997.594
Kerrville,2013,4,2013-04-01,64.0,13776660.0,196000.0,682.0,15.4,2013.25,2013,2013,4,Monday,2,30002.406
Kerrville,2013,5,2013-05-01,52.0,9364601.0,155000.0,820.0,18.6,2013.3334,2013,2013,5,Wednesday,2,-10997.594
Kerrville,2013,6,2013-06-01,47.0,8492677.0,165000.0,779.0,17.4,2013.4166,2013,2013,6,Saturday,2,-997.59375
Kerrville,2013,7,2013-07-01,63.0,17718830.0,190000.0,768.0,17.0,2013.5,2013,2013,7,Monday,3,24002.406
Kerrville,2013,8,2013-08-01,77.0,16909925.0,181700.0,755.0,16.1,2013.5834,2013,2013,8,Thursday,3,15702.406
Kerrville,2013,9,2013-09-01,52.0,10704478.0,168000.0,724.0,15.0,2013.6666,2013,2013,9,Sunday,3,2002.4062
Kerrville,2013,10,2013-10-01,50.0,10080060.0,153300.0,740.0,14.9,2013.75,2013,2013,10,Tuesday,4,-12697.594
Kerrville,2013,11,2013-11-01,48.0,9241350.0,160000.0,710.0,14.1,2013.8334,2013,2013,11,Friday,4,-5997.5938
Kerrville,2013,12,2013-12-01,37.0,7763096.0,190000.0,687.0,13.5,2013.9166,2013,2013,12,Sunday,4,24002.406
Kerrville,2014,1,2014-01-01,31.0,6169260.0,175000.0,722.0,14.3,2014.0,2014,2014,1,Wednesday,1,9002.406
Kerrville,2014,2,2014-02-01,36.0,7809231.0,200000.0,731.0,14.5,2014.0834,2014,2014,2,Saturday,1,34002.406
Kerrville,2014,3,2014-03-01,55.0,11744893.0,148300.0,741.0,14.5,2014.1666,2014,2014,3,Saturday,1,-17697.594
Kerrville,2014,4,2014-04-01,68.0,13583980.0,164400.0,728.0,14.2,2014.25,2014,2014,4,Tuesday,2,-1597.5938
Kerrville,2014,5,2014-05-01,53.0,10342625.0,170000.0,705.0,13.7,2014.3334,2014,2014,5,Thursday,2,4002.4062
Kerrville,2014,6,2014-06-01,57.0,13408300.0,202300.0,685.0,13.1,2014.4166,2014,2014,6,Sunday,2,36302.406
Kerrville,2014,7,2014-07-01,68.0,14305315.0,172000.0,718.0,13.6,2014.5,2014,2014,7,Tuesday,3,6002.4062
Kerrville,2014,8,2014-08-01,69.0,12843244.0,165000.0,692.0,13.3,2014.5834,2014,2014,8,Friday,3,-997.59375
Kerrville,2014,9,2014-09-01,57.0,10000548.0,156700.0,712.0,13.6,2014.6666,2014,2014,9,Monday,3,-9297.594
Kerrville,2014,10,2014-10-01,60.0,13796124.0,190000.0,707.0,13.3,2014.75,2014,2014,10,Wednesday,4,24002.406
Kerrville,2014,11,2014-11-01,42.0,9279280.0,186700.0,687.0,13.0,2014.8334,2014,2014,11,Saturday,4,20702.406
Kerrville,2014,12,2014-12-01,58.0,12226683.0,185700.0,626.0,11.5,2014.9166,2014,2014,12,Monday,4,19702.406
Kerrville,2015,1,2015-01-01,53.0,13489375.0,212500.0,643.0,11.4,2015.0,2015,2015,1,Thursday,1,46502.406
Kerrville,2015,2,2015-02-01,54.0,10751169.0,163300.0,630.0,10.9,2015.0834,2015,2015,2,Sunday,1,-2697.5938
Kerrville,2015,3,2015-03-01,70.0,15362550.0,183300.0,623.0,10.5,2015.1666,2015,2015,3,Sunday,1,17302.406
Kerrville,2015,4,2015-04-01,69.0,15797353.0,207500.0,656.0,11.1,2015.25,2015,2015,4,Wednesday,2,41502.406
Kerrville,2015,5,2015-05-01,66.0,16223863.0,168000.0,656.0,10.9,2015.3334,2015,2015,5,Friday,2,2002.4062
Kerrville,2015,6,2015-06-01,81.0,16859871.0,175000.0,648.0,10.4,2015.4166,2015,2015,6,Monday,2,9002.406
Kerrville,2015,7,2015-07-01,69.0,15350631.0,187500.0,646.0,10.4,2015.5,2015,2015,7,Wednesday,3,21502.406
Killeen-Fort Hood,2000,1,2000-01-01,101.0,7595000.0,68000.0,1327.0,8.6,2000.0,2000,2000,1,Saturday,1,-39771.508
Killeen-Fort Hood,2000,2,2000-02-01,124.0,8945000.0,66700.0,1311.0,8.5,2000.0834,2000,2000,2,Tuesday,1,-41071.508
Killeen-Fort Hood,2000,3,2000-03-01,175.0,12325000.0,65900.0,1360.0,8.7,2000.1666,2000,2000,3,Wednesday,1,-41871.508
Killeen-Fort Hood,2000,4,2000-04-01,169.0,12710000.0,69300.0,1414.0,8.9,2000.25,2000,2000,4,Saturday,2,-38471.508
Killeen-Fort Hood,2000,5,2000-05-01,162.0,12760000.0,70000.0,1522.0,9.7,2000.3334,2000,2000,5,Monday,2,-37771.508
Killeen-Fort Hood,2000,6,2000-06-01,207.0,17875000.0,79600.0,1447.0,9.2,2000.4166,2000,2000,6,Thursday,2,-28171.508
Killeen-Fort Hood,2000,7,2000-07-01,189.0,15785000.0,75600.0,1412.0,9.0,2000.5,2000,2000,7,Saturday,3,-32171.508
Killeen-Fort Hood,2000,8,2000-08-01,197.0,15450000.0,73800.0,1449.0,9.1,2000.5834,2000,2000,8,Tuesday,3,-33971.508
Killeen-Fort Hood,2000,9,2000-09-01,174.0,13570000.0,72800.0,1447.0,9.0,2000.6666,2000,2000,9,Friday,3,-34971.508
Killeen-Fort Hood,2000,10,2000-10-01,142.0,11190000.0,73800.0,1502.0,9.3,2000.75,2000,2000,10,Sunday,4,-33971.508
Killeen-Fort Hood,2000,11,2000-11-01,154.0,12075000.0,73200.0,1485.0,9.1,2000.8334,2000,2000,11,Wednesday,4,-34571.508
Killeen-Fort Hood,2000,12,2000-12-01,112.0,8810000.0,72600.0,1485.0,9.3,2000.9166,2000,2000,12,Friday,4,-35171.508
Killeen-Fort Hood,2001,1,2001-01-01,141.0,11935000.0,73700.0,,,2001.0,2001,2001,1,Monday,1,-34071.508
Killeen-Fort Hood,2001,2,2001-02-01,149.0,11765000.0,74100.0,,,2001.0834,2001,2001,2,Thursday,1,-33671.508
Killeen-Fort Hood,2001,3,2001-03-01,178.0,15320000.0,76400.0,1165.0,7.1,2001.1666,2001,2001,3,Thursday,1,-31371.508
Killeen-Fort Hood,2001,4,2001-04-01,164.0,13365000.0,74600.0,1111.0,6.8,2001.25,2001,2001,4,Sunday,2,-33171.508
Killeen-Fort Hood,2001,5,2001-05-01,214.0,17980000.0,75300.0,1063.0,6.3,2001.3334,2001,2001,5,Tuesday,2,-32471.508
Killeen-Fort Hood,2001,6,2001-06-01,222.0,20215000.0,79400.0,1033.0,6.1,2001.4166,2001,2001,6,Friday,2,-28371.508
Killeen-Fort Hood,2001,7,2001-07-01,207.0,18915000.0,80300.0,1035.0,6.0,2001.5,2001,2001,7,Sunday,3,-27471.508
Killeen-Fort Hood,2001,8,2001-08-01,207.0,18575000.0,78000.0,1009.0,5.9,2001.5834,2001,2001,8,Wednesday,3,-29771.508
Killeen-Fort Hood,2001,9,2001-09-01,140.0,11300000.0,75500.0,1027.0,6.1,2001.6666,2001,2001,9,Saturday,3,-32271.508
Killeen-Fort Hood,2001,10,2001-10-01,140.0,11840000.0,75700.0,1068.0,6.3,2001.75,2001,2001,10,Monday,4,-32071.508
Killeen-Fort Hood,2001,11,2001-11-01,169.0,14735000.0,77100.0,1026.0,6.0,2001.8334,2001,2001,11,Thursday,4,-30671.508
Killeen-Fort Hood,2001,12,2001-12-01,169.0,14735000.0,77400.0,1012.0,5.8,2001.9166,2001,2001,12,Saturday,4,-30371.508
Killeen-Fort Hood,2002,1,2002-01-01,164.0,13465000.0,76200.0,1014.0,5.7,2002.0,2002,2002,1,Tuesday,1,-31571.508
Killeen-Fort Hood,2002,2,2002-02-01,139.0,11705000.0,75200.0,1077.0,6.1,2002.0834,2002,2002,2,Friday,1,-32571.508
Killeen-Fort Hood,2002,3,2002-03-01,177.0,15630000.0,80600.0,1165.0,6.6,2002.1666,2002,2002,3,Friday,1,-27171.508
Killeen-Fort Hood,2002,4,2002-04-01,182.0,15945000.0,77600.0,1169.0,6.6,2002.25,2002,2002,4,Monday,2,-30171.508
Killeen-Fort Hood,2002,5,2002-05-01,164.0,15475000.0,83500.0,1280.0,7.4,2002.3334,2002,2002,5,Wednesday,2,-24271.508
Killeen-Fort Hood,2002,6,2002-06-01,197.0,18095000.0,82700.0,1301.0,7.6,2002.4166,2002,2002,6,Saturday,2,-25071.508
Killeen-Fort Hood,2002,7,2002-07-01,235.0,22475000.0,87400.0,1247.0,7.2,2002.5,2002,2002,7,Monday,3,-20371.508
Killeen-Fort Hood,2002,8,2002-08-01,216.0,19675000.0,82800.0,1240.0,7.1,2002.5834,2002,2002,8,Thursday,3,-24971.508
Killeen-Fort Hood,2002,9,2002-09-01,163.0,15965000.0,86400.0,1291.0,7.3,2002.6666,2002,2002,9,Sunday,3,-21371.508
Killeen-Fort Hood,2002,10,2002-10-01,166.0,14520000.0,77400.0,1387.0,7.8,2002.75,2002,2002,10,Tuesday,4,-30371.508
Killeen-Fort Hood,2002,11,2002-11-01,174.0,15985000.0,86600.0,1416.0,7.9,2002.8334,2002,2002,11,Friday,4,-21171.508
Killeen-Fort Hood,2002,12,2002-12-01,152.0,14285000.0,87400.0,1452.0,8.2,2002.9166,2002,2002,12,Sunday,4,-20371.508
Killeen-Fort Hood,2003,1,2003-01-01,167.0,15625000.0,88000.0,1584.0,8.9,2003.0,2003,2003,1,Wednesday,1,-19771.508
Killeen-Fort Hood,2003,2,2003-02-01,151.0,13670000.0,81700.0,1444.0,8.1,2003.0834,2003,2003,2,Saturday,1,-26071.508
Killeen-Fort Hood,2003,3,2003-03-01,164.0,15330000.0,87000.0,1309.0,7.4,2003.1666,2003,2003,3,Saturday,1,-20771.508
Killeen-Fort Hood,2003,4,2003-04-01,195.0,18690000.0,89300.0,1065.0,6.0,2003.25,2003,2003,4,Tuesday,2,-18471.508
Killeen-Fort Hood,2003,5,2003-05-01,206.0,18500000.0,84600.0,1021.0,5.6,2003.3334,2003,2003,5,Thursday,2,-23171.508
Killeen-Fort Hood,2003,6,2003-06-01,237.0,25330000.0,95800.0,940.0,5.1,2003.4166,2003,2003,6,Sunday,2,-11971.508
Killeen-Fort Hood,2003,7,2003-07-01,246.0,24100000.0,88700.0,828.0,4.4,2003.5,2003,2003,7,Tuesday,3,-19071.508
Killeen-Fort Hood,2003,8,2003-08-01,207.0,19745000.0,87400.0,778.0,4.2,2003.5834,2003,2003,8,Friday,3,-20371.508
Killeen-Fort Hood,2003,9,2003-09-01,181.0,17410000.0,84900.0,784.0,4.2,2003.6666,2003,2003,9,Monday,3,-22871.508
Killeen-Fort Hood,2003,10,2003-10-01,173.0,15965000.0,84500.0,646.0,3.4,2003.75,2003,2003,10,Wednesday,4,-23271.508
Killeen-Fort Hood,2003,11,2003-11-01,136.0,12420000.0,78800.0,563.0,3.1,2003.8334,2003,2003,11,Saturday,4,-28971.508
Killeen-Fort Hood,2003,12,2003-12-01,165.0,16005000.0,88700.0,448.0,2.4,2003.9166,2003,2003,12,Monday,4,-19071.508
Killeen-Fort Hood,2004,1,2004-01-01,113.0,11050000.0,89100.0,558.0,3.1,2004.0,2004,2004,1,Thursday,1,-18671.508
Killeen-Fort Hood,2004,2,2004-02-01,145.0,15185000.0,92800.0,587.0,3.2,2004.0834,2004,2004,2,Sunday,1,-14971.508
Killeen-Fort Hood,2004,3,2004-03-01,198.0,19425000.0,87700.0,686.0,3.7,2004.1666,2004,2004,3,Monday,1,-20071.508
Killeen-Fort Hood,2004,4,2004-04-01,203.0,22600000.0,98500.0,815.0,4.4,2004.25,2004,2004,4,Thursday,2,-9271.508
Killeen-Fort Hood,2004,5,2004-05-01,230.0,23835000.0,92500.0,842.0,4.5,2004.3334,2004,2004,5,Saturday,2,-15271.508
Killeen-Fort Hood,2004,6,2004-06-01,255.0,27530000.0,96500.0,895.0,4.8,2004.4166,2004,2004,6,Tuesday,2,-11271.508
Killeen-Fort Hood,2004,7,2004-07-01,275.0,28465000.0,95700.0,921.0,4.8,2004.5,2004,2004,7,Thursday,3,-12071.508
Killeen-Fort Hood,2004,8,2004-08-01,277.0,28080000.0,91600.0,929.0,4.7,2004.5834,2004,2004,8,Sunday,3,-16171.508
Killeen-Fort Hood,2004,9,2004-09-01,242.0,24540000.0,89000.0,967.0,4.8,2004.6666,2004,2004,9,Wednesday,3,-18771.508
Killeen-Fort Hood,2004,10,2004-10-01,242.0,25560000.0,94500.0,968.0,4.7,2004.75,2004,2004,10,Friday,4,-13271.508
Killeen-Fort Hood,2004,11,2004-11-01,232.0,23695000.0,95200.0,946.0,4.4,2004.8334,2004,2004,11,Monday,4,-12571.508
Killeen-Fort Hood,2004,12,2004-12-01,241.0,25905000.0,95800.0,1000.0,4.5,2004.9166,2004,2004,12,Wednesday,4,-11971.508
Killeen-Fort Hood,2005,1,2005-01-01,241.0,25530000.0,95900.0,1100.0,4.7,2005.0,2005,2005,1,Saturday,1,-11871.508
Killeen-Fort Hood,2005,2,2005-02-01,272.0,28260000.0,92800.0,1100.0,4.5,2005.0834,2005,2005,2,Tuesday,1,-14971.508
Killeen-Fort Hood,2005,3,2005-03-01,334.0,35360000.0,96700.0,1150.0,4.5,2005.1666,2005,2005,3,Tuesday,1,-11071.508
Killeen-Fort Hood,2005,4,2005-04-01,401.0,45405000.0,103100.0,1220.0,4.5,2005.25,2005,2005,4,Friday,2,-4671.508
Killeen-Fort Hood,2005,5,2005-05-01,418.0,49985000.0,108600.0,1150.0,4.0,2005.3334,2005,2005,5,Sunday,2,828.4922
Killeen-Fort Hood,2005,6,2005-06-01,421.0,49230000.0,106100.0,1100.0,3.7,2005.4166,2005,2005,6,Wednesday,2,-1671.5078
Killeen-Fort Hood,2005,7,2005-07-01,420.0,49900000.0,110400.0,1100.0,3.5,2005.5,2005,2005,7,Friday,3,2628.4922
Killeen-Fort Hood,2005,8,2005-08-01,443.0,51935000.0,109800.0,1100.0,3.4,2005.5834,2005,2005,8,Monday,3,2028.4922
Killeen-Fort Hood,2005,9,2005-09-01,356.0,42290000.0,111300.0,1094.0,3.3,2005.6666,2005,2005,9,Thursday,3,3528.4922
Killeen-Fort Hood,2005,10,2005-10-01,321.0,36035000.0,100500.0,,,2005.75,2005,2005,10,Saturday,4,-7271.508
Killeen-Fort Hood,2005,11,2005-11-01,279.0,33000000.0,105800.0,,,2005.8334,2005,2005,11,Tuesday,4,-1971.5078
Killeen-Fort Hood,2005,12,2005-12-01,267.0,31070000.0,105400.0,,,2005.9166,2005,2005,12,Thursday,4,-2371.5078
Killeen-Fort Hood,2006,1,2006-01-01,227.0,26170000.0,106600.0,,,2006.0,2006,2006,1,Sunday,1,-1171.5078
Killeen-Fort Hood,2006,2,2006-02-01,253.0,29030000.0,105300.0,,,2006.0834,2006,2006,2,Wednesday,1,-2471.5078
Killeen-Fort Hood,2006,3,2006-03-01,278.0,33925000.0,106200.0,,,2006.1666,2006,2006,3,Wednesday,1,-1571.5078
Killeen-Fort Hood,2006,4,2006-04-01,259.0,31010000.0,108000.0,,,2006.25,2006,2006,4,Saturday,2,228.49219
Killeen-Fort Hood,2006,5,2006-05-01,351.0,43290000.0,117700.0,,,2006.3334,2006,2006,5,Monday,2,9928.492
Killeen-Fort Hood,2006,6,2006-06-01,387.0,47830000.0,113800.0,,,2006.4166,2006,2006,6,Thursday,2,6028.492
Killeen-Fort Hood,2006,7,2006-07-01,340.0,40440000.0,112000.0,,,2006.5,2006,2006,7,Saturday,3,4228.492
Killeen-Fort Hood,2006,8,2006-08-01,345.0,41740000.0,108700.0,,,2006.5834,2006,2006,8,Tuesday,3,928.4922
Killeen-Fort Hood,2006,9,2006-09-01,310.0,36165000.0,109500.0,,,2006.6666,2006,2006,9,Friday,3,1728.4922
Killeen-Fort Hood,2006,10,2006-10-01,297.0,35865000.0,107400.0,,,2006.75,2006,2006,10,Sunday,4,-371.5078
Killeen-Fort Hood,2006,11,2006-11-01,235.0,27205000.0,109500.0,,,2006.8334,2006,2006,11,Wednesday,4,1728.4922
Killeen-Fort Hood,2006,12,2006-12-01,284.0,34320000.0,111000.0,,,2006.9166,2006,2006,12,Friday,4,3228.4922
Killeen-Fort Hood,2007,1,2007-01-01,208.0,24980000.0,110000.0,,,2007.0,2007,2007,1,Monday,1,2228.4922
Killeen-Fort Hood,2007,2,2007-02-01,238.0,28830000.0,110500.0,,,2007.0834,2007,2007,2,Thursday,1,2728.4922
Killeen-Fort Hood,2007,3,2007-03-01,304.0,36490000.0,111300.0,,,2007.1666,2007,2007,3,Thursday,1,3528.4922
Killeen-Fort Hood,2007,4,2007-04-01,255.0,30820000.0,113900.0,,,2007.25,2007,2007,4,Sunday,2,6128.492
Killeen-Fort Hood,2007,5,2007-05-01,395.0,51435000.0,116100.0,2076.0,6.9,2007.3334,2007,2007,5,Tuesday,2,8328.492
Killeen-Fort Hood,2007,6,2007-06-01,339.0,43125000.0,117800.0,2102.0,7.1,2007.4166,2007,2007,6,Friday,2,10028.492
Killeen-Fort Hood,2007,7,2007-07-01,281.0,36655000.0,119800.0,2100.0,7.2,2007.5,2007,2007,7,Sunday,3,12028.492
Killeen-Fort Hood,2007,8,2007-08-01,365.0,46480000.0,115900.0,1634.0,5.6,2007.5834,2007,2007,8,Wednesday,3,8128.492
Killeen-Fort Hood,2007,9,2007-09-01,194.0,24040000.0,116700.0,2073.0,7.3,2007.6666,2007,2007,9,Saturday,3,8928.492
Killeen-Fort Hood,2007,10,2007-10-01,286.0,37580000.0,122900.0,1363.0,4.8,2007.75,2007,2007,10,Monday,4,15128.492
Killeen-Fort Hood,2007,11,2007-11-01,240.0,29350000.0,113300.0,1759.0,6.2,2007.8334,2007,2007,11,Thursday,4,5528.492
Killeen-Fort Hood,2007,12,2007-12-01,206.0,26430000.0,124300.0,1667.0,6.0,2007.9166,2007,2007,12,Saturday,4,16528.492
Killeen-Fort Hood,2008,1,2008-01-01,210.0,26065000.0,116000.0,1030.0,3.7,2008.0,2008,2008,1,Tuesday,1,8228.492
Killeen-Fort Hood,2008,2,2008-02-01,241.0,30160000.0,112000.0,1950.0,7.1,2008.0834,2008,2008,2,Friday,1,4228.492
Killeen-Fort Hood,2008,3,2008-03-01,274.0,33555000.0,113800.0,1963.0,7.2,2008.1666,2008,2008,3,Saturday,1,6028.492
Killeen-Fort Hood,2008,4,2008-04-01,268.0,33320000.0,116200.0,1960.0,7.1,2008.25,2008,2008,4,Tuesday,2,8428.492
Killeen-Fort Hood,2008,5,2008-05-01,272.0,34055000.0,116900.0,1957.0,7.4,2008.3334,2008,2008,5,Thursday,2,9128.492
Killeen-Fort Hood,2008,6,2008-06-01,278.0,36045000.0,124600.0,1728.0,6.7,2008.4166,2008,2008,6,Sunday,2,16828.492
Killeen-Fort Hood,2008,7,2008-07-01,274.0,36265000.0,125900.0,1882.0,7.3,2008.5,2008,2008,7,Tuesday,3,18128.492
Killeen-Fort Hood,2008,8,2008-08-01,220.0,28820000.0,125600.0,,,2008.5834,2008,2008,8,Friday,3,17828.492
Killeen-Fort Hood,2008,9,2008-09-01,174.0,21350000.0,111300.0,1641.0,6.7,2008.6666,2008,2008,9,Monday,3,3528.4922
Killeen-Fort Hood,2008,10,2008-10-01,169.0,20445000.0,117400.0,1444.0,6.1,2008.75,2008,2008,10,Wednesday,4,9628.492
Killeen-Fort Hood,2008,11,2008-11-01,139.0,17945000.0,118100.0,1539.0,6.8,2008.8334,2008,2008,11,Saturday,4,10328.492
Killeen-Fort Hood,2008,12,2008-12-01,217.0,27480000.0,114900.0,1407.0,6.2,2008.9166,2008,2008,12,Monday,4,7128.492
Killeen-Fort Hood,2009,1,2009-01-01,135.0,15595000.0,112900.0,1589.0,7.2,2009.0,2009,2009,1,Thursday,1,5128.492
Killeen-Fort Hood,2009,2,2009-02-01,144.0,17955000.0,117900.0,1572.0,7.4,2009.0834,2009,2009,2,Sunday,1,10128.492
Killeen-Fort Hood,2009,3,2009-03-01,191.0,24025000.0,118300.0,1601.0,7.7,2009.1666,2009,2009,3,Sunday,1,10528.492
Killeen-Fort Hood,2009,4,2009-04-01,220.0,26190000.0,113900.0,1630.0,8.0,2009.25,2009,2009,4,Wednesday,2,6128.492
Killeen-Fort Hood,2009,5,2009-05-01,220.0,27870000.0,119600.0,1366.0,6.9,2009.3334,2009,2009,5,Friday,2,11828.492
Killeen-Fort Hood,2009,6,2009-06-01,237.0,30330000.0,116800.0,1776.0,9.1,2009.4166,2009,2009,6,Monday,2,9028.492
Killeen-Fort Hood,2009,7,2009-07-01,257.0,34750000.0,124800.0,1943.0,10.0,2009.5,2009,2009,7,Wednesday,3,17028.492
Killeen-Fort Hood,2009,8,2009-08-01,262.0,35275000.0,127100.0,1938.0,9.8,2009.5834,2009,2009,8,Saturday,3,19328.492
Killeen-Fort Hood,2009,9,2009-09-01,213.0,25260000.0,115000.0,1865.0,9.3,2009.6666,2009,2009,9,Tuesday,3,7228.492
Killeen-Fort Hood,2009,10,2009-10-01,226.0,27929963.0,120000.0,1579.0,7.7,2009.75,2009,2009,10,Thursday,4,12228.492
Killeen-Fort Hood,2009,11,2009-11-01,261.0,33925000.0,124000.0,1482.0,6.9,2009.8334,2009,2009,11,Sunday,4,16228.492
Killeen-Fort Hood,2009,12,2009-12-01,196.0,24285000.0,112300.0,1466.0,6.9,2009.9166,2009,2009,12,Tuesday,4,4528.492
Killeen-Fort Hood,2010,1,2010-01-01,165.0,19135453.0,113400.0,1516.0,7.0,2010.0,2010,2010,1,Friday,1,5628.492
Killeen-Fort Hood,2010,2,2010-02-01,175.0,20985381.0,115000.0,1671.0,7.6,2010.0834,2010,2010,2,Monday,1,7228.492
Killeen-Fort Hood,2010,3,2010-03-01,210.0,29822209.0,112700.0,1308.0,5.9,2010.1666,2010,2010,3,Monday,1,4928.492
Killeen-Fort Hood,2010,4,2010-04-01,266.0,34524049.0,121900.0,1297.0,5.8,2010.25,2010,2010,4,Thursday,2,14128.492
Killeen-Fort Hood,2010,5,2010-05-01,269.0,35890124.0,123700.0,1798.0,7.9,2010.3334,2010,2010,5,Saturday,2,15928.492
Killeen-Fort Hood,2010,6,2010-06-01,343.0,47205861.0,129600.0,1824.0,7.7,2010.4166,2010,2010,6,Tuesday,2,21828.492
Killeen-Fort Hood,2010,7,2010-07-01,290.0,40637730.0,126700.0,1853.0,7.7,2010.5,2010,2010,7,Thursday,3,18928.492
Killeen-Fort Hood,2010,8,2010-08-01,189.0,27333988.0,128100.0,1825.0,7.8,2010.5834,2010,2010,8,Sunday,3,20328.492
Killeen-Fort Hood,2010,9,2010-09-01,199.0,24730613.0,122600.0,1759.0,7.6,2010.6666,2010,2010,9,Wednesday,3,14828.492
Killeen-Fort Hood,2010,10,2010-10-01,183.0,23738343.0,117600.0,1718.0,7.5,2010.75,2010,2010,10,Friday,4,9828.492
Killeen-Fort Hood,2010,11,2010-11-01,160.0,21601431.0,125700.0,1731.0,7.9,2010.8334,2010,2010,11,Monday,4,17928.492
Killeen-Fort Hood,2010,12,2010-12-01,159.0,21473557.0,133700.0,1652.0,7.6,2010.9166,2010,2010,12,Wednesday,4,25928.492
Killeen-Fort Hood,2011,1,2011-01-01,153.0,18485040.0,119500.0,1440.0,6.7,2011.0,2011,2011,1,Saturday,1,11728.492
Killeen-Fort Hood,2011,2,2011-02-01,151.0,18495034.0,115200.0,1394.0,6.5,2011.0834,2011,2011,2,Tuesday,1,7428.492
Killeen-Fort Hood,2011,3,2011-03-01,171.0,20182272.0,114600.0,1437.0,6.8,2011.1666,2011,2011,3,Tuesday,1,6828.492
Killeen-Fort Hood,2011,4,2011-04-01,205.0,23258905.0,115900.0,1485.0,7.2,2011.25,2011,2011,4,Friday,2,8128.492
Killeen-Fort Hood,2011,5,2011-05-01,191.0,24358560.0,120400.0,1500.0,7.5,2011.3334,2011,2011,5,Sunday,2,12628.492
Killeen-Fort Hood,2011,6,2011-06-01,223.0,30859456.0,128200.0,1050.0,5.5,2011.4166,2011,2011,6,Wednesday,2,20428.492
Killeen-Fort Hood,2011,7,2011-07-01,187.0,22336753.0,125900.0,1525.0,8.4,2011.5,2011,2011,7,Friday,3,18128.492
Killeen-Fort Hood,2011,8,2011-08-01,192.0,26179088.0,127000.0,1536.0,8.5,2011.5834,2011,2011,8,Monday,3,19228.492
Killeen-Fort Hood,2011,9,2011-09-01,169.0,23523808.0,130700.0,1560.0,8.7,2011.6666,2011,2011,9,Thursday,3,22928.492
Killeen-Fort Hood,2011,10,2011-10-01,155.0,20216724.0,124400.0,1570.0,8.9,2011.75,2011,2011,10,Saturday,4,16628.492
Killeen-Fort Hood,2011,11,2011-11-01,180.0,23512387.0,128000.0,1473.0,8.3,2011.8334,2011,2011,11,Tuesday,4,20228.492
Killeen-Fort Hood,2011,12,2011-12-01,198.0,26708392.0,125300.0,1291.0,7.1,2011.9166,2011,2011,12,Thursday,4,17528.492
Killeen-Fort Hood,2012,1,2012-01-01,165.0,22410599.0,133700.0,1351.0,7.4,2012.0,2012,2012,1,Sunday,1,25928.492
Killeen-Fort Hood,2012,2,2012-02-01,178.0,24749369.0,135200.0,1368.0,7.4,2012.0834,2012,2012,2,Wednesday,1,27428.492
Killeen-Fort Hood,2012,3,2012-03-01,181.0,23908286.0,120400.0,1382.0,7.5,2012.1666,2012,2012,3,Thursday,1,12628.492
Killeen-Fort Hood,2012,4,2012-04-01,195.0,26291556.0,134800.0,1500.0,8.1,2012.25,2012,2012,4,Sunday,2,27028.492
Killeen-Fort Hood,2012,5,2012-05-01,224.0,28456036.0,125900.0,,,2012.3334,2012,2012,5,Tuesday,2,18128.492
Killeen-Fort Hood,2012,6,2012-06-01,253.0,36790226.0,140300.0,1396.0,7.4,2012.4166,2012,2012,6,Friday,2,32528.492
Killeen-Fort Hood,2012,7,2012-07-01,271.0,38195000.0,135200.0,1371.0,7.0,2012.5,2012,2012,7,Sunday,3,27428.492
Killeen-Fort Hood,2012,8,2012-08-01,269.0,38422456.0,139800.0,1371.0,6.7,2012.5834,2012,2012,8,Wednesday,3,32028.492
Killeen-Fort Hood,2012,9,2012-09-01,176.0,23995485.0,131800.0,1458.0,7.2,2012.6666,2012,2012,9,Saturday,3,24028.492
Killeen-Fort Hood,2012,10,2012-10-01,189.0,24751323.0,128400.0,1464.0,7.1,2012.75,2012,2012,10,Monday,4,20628.492
Killeen-Fort Hood,2012,11,2012-11-01,154.0,21006250.0,129200.0,1360.0,6.7,2012.8334,2012,2012,11,Thursday,4,21428.492
Killeen-Fort Hood,2012,12,2012-12-01,177.0,27754996.0,147200.0,1360.0,6.7,2012.9166,2012,2012,12,Saturday,4,39428.492
Killeen-Fort Hood,2013,1,2013-01-01,153.0,20615137.0,125600.0,1433.0,7.1,2013.0,2013,2013,1,Tuesday,1,17828.492
Killeen-Fort Hood,2013,2,2013-02-01,173.0,26035981.0,131000.0,2414.0,12.0,2013.0834,2013,2013,2,Friday,1,23228.492
Killeen-Fort Hood,2013,3,2013-03-01,163.0,24205778.0,123000.0,1506.0,7.5,2013.1666,2013,2013,3,Friday,1,15228.492
Killeen-Fort Hood,2013,4,2013-04-01,217.0,28440024.0,126600.0,1500.0,7.4,2013.25,2013,2013,4,Monday,2,18828.492
Killeen-Fort Hood,2013,5,2013-05-01,245.0,36663140.0,124100.0,1496.0,7.4,2013.3334,2013,2013,5,Wednesday,2,16328.492
Killeen-Fort Hood,2013,6,2013-06-01,247.0,33765985.0,132400.0,1493.0,7.4,2013.4166,2013,2013,6,Saturday,2,24628.492
Killeen-Fort Hood,2013,7,2013-07-01,255.0,36615328.0,130900.0,1493.0,7.4,2013.5,2013,2013,7,Monday,3,23128.492
Killeen-Fort Hood,2013,8,2013-08-01,269.0,33077517.0,121500.0,1580.0,7.8,2013.5834,2013,2013,8,Thursday,3,13728.492
Killeen-Fort Hood,2013,9,2013-09-01,205.0,25358619.0,118800.0,1572.0,7.7,2013.6666,2013,2013,9,Sunday,3,11028.492
Killeen-Fort Hood,2013,10,2013-10-01,212.0,26216862.0,122800.0,1577.0,7.7,2013.75,2013,2013,10,Tuesday,4,15028.492
Killeen-Fort Hood,2013,11,2013-11-01,175.0,26216832.0,127500.0,1458.0,7.0,2013.8334,2013,2013,11,Friday,4,19728.492
Killeen-Fort Hood,2013,12,2013-12-01,243.0,28460977.0,146800.0,1429.0,6.7,2013.9166,2013,2013,12,Sunday,4,39028.492
Killeen-Fort Hood,2014,1,2014-01-01,157.0,18638730.0,111500.0,1427.0,6.7,2014.0,2014,2014,1,Wednesday,1,3728.4922
Killeen-Fort Hood,2014,2,2014-02-01,197.0,24047276.0,118400.0,1403.0,6.5,2014.0834,2014,2014,2,Saturday,1,10628.492
Killeen-Fort Hood,2014,3,2014-03-01,176.0,23153200.0,116200.0,1451.0,6.7,2014.1666,2014,2014,3,Saturday,1,8428.492
Killeen-Fort Hood,2014,4,2014-04-01,215.0,27915806.0,123300.0,1459.0,6.7,2014.25,2014,2014,4,Tuesday,2,15528.492
Killeen-Fort Hood,2014,5,2014-05-01,233.0,49024571.0,123800.0,1432.0,6.7,2014.3334,2014,2014,5,Thursday,2,16028.492
Killeen-Fort Hood,2014,6,2014-06-01,262.0,35892087.0,125800.0,1394.0,6.4,2014.4166,2014,2014,6,Sunday,2,18028.492
Killeen-Fort Hood,2014,7,2014-07-01,272.0,37644661.0,128200.0,1457.0,6.7,2014.5,2014,2014,7,Tuesday,3,20428.492
Killeen-Fort Hood,2014,8,2014-08-01,280.0,38277488.0,132300.0,1455.0,6.6,2014.5834,2014,2014,8,Friday,3,24528.492
Killeen-Fort Hood,2014,9,2014-09-01,222.0,31596486.0,118500.0,1455.0,6.6,2014.6666,2014,2014,9,Monday,3,10728.492
Killeen-Fort Hood,2014,10,2014-10-01,232.0,30950642.0,124400.0,1429.0,6.4,2014.75,2014,2014,10,Wednesday,4,16628.492
Killeen-Fort Hood,2014,11,2014-11-01,212.0,29416600.0,133900.0,1333.0,5.9,2014.8334,2014,2014,11,Saturday,4,26128.492
Killeen-Fort Hood,2014,12,2014-12-01,206.0,28911930.0,127100.0,1331.0,6.0,2014.9166,2014,2014,12,Monday,4,19328.492
Killeen-Fort Hood,2015,1,2015-01-01,188.0,24417198.0,114100.0,1372.0,6.1,2015.0,2015,2015,1,Thursday,1,6328.492
Killeen-Fort Hood,2015,2,2015-02-01,212.0,25853197.0,128500.0,1377.0,6.1,2015.0834,2015,2015,2,Sunday,1,20728.492
Killeen-Fort Hood,2015,3,2015-03-01,255.0,33863567.0,122200.0,1381.0,5.9,2015.1666,2015,2015,3,Sunday,1,14428.492
Killeen-Fort Hood,2015,4,2015-04-01,282.0,39331124.0,130000.0,1354.0,5.7,2015.25,2015,2015,4,Wednesday,2,22228.492
Killeen-Fort Hood,2015,5,2015-05-01,267.0,41447580.0,141900.0,1373.0,5.7,2015.3334,2015,2015,5,Friday,2,34128.492
Killeen-Fort Hood,2015,6,2015-06-01,277.0,41102980.0,135900.0,1361.0,5.6,2015.4166,2015,2015,6,Monday,2,28128.492
Killeen-Fort Hood,2015,7,2015-07-01,,,,,,2015.5,2015,2015,7,Wednesday,3,
Laredo,2000,1,2000-01-01,,,,,,2000.0,2000,2000,1,Saturday,1,
Laredo,2000,2,2000-02-01,,,,,,2000.0834,2000,2000,2,Tuesday,1,
Laredo,2000,3,2000-03-01,,,,,,2000.1666,2000,2000,3,Wednesday,1,
Laredo,2000,4,2000-04-01,,,,,,2000.25,2000,2000,4,Saturday,2,
Laredo,2000,5,2000-05-01,,,,,,2000.3334,2000,2000,5,Monday,2,
Laredo,2000,6,2000-06-01,,,,,,2000.4166,2000,2000,6,Thursday,2,
Laredo,2000,7,2000-07-01,,,,,,2000.5,2000,2000,7,Saturday,3,
Laredo,2000,8,2000-08-01,,,,,,2000.5834,2000,2000,8,Tuesday,3,
Laredo,2000,9,2000-09-01,,,,,,2000.6666,2000,2000,9,Friday,3,
Laredo,2000,10,2000-10-01,,,,,,2000.75,2000,2000,10,Sunday,4,
Laredo,2000,11,2000-11-01,,,,,,2000.8334,2000,2000,11,Wednesday,4,
Laredo,2000,12,2000-12-01,,,,,,2000.9166,2000,2000,12,Friday,4,
Laredo,2001,1,2001-01-01,,,,,,2001.0,2001,2001,1,Monday,1,
Laredo,2001,2,2001-02-01,,,,,,2001.0834,2001,2001,2,Thursday,1,
Laredo,2001,3,2001-03-01,,,,,,2001.1666,2001,2001,3,Thursday,1,
Laredo,2001,4,2001-04-01,,,,,,2001.25,2001,2001,4,Sunday,2,
Laredo,2001,5,2001-05-01,,,,,,2001.3334,2001,2001,5,Tuesday,2,
Laredo,2001,6,2001-06-01,,,,,,2001.4166,2001,2001,6,Friday,2,
Laredo,2001,7,2001-07-01,,,,,,2001.5,2001,2001,7,Sunday,3,
Laredo,2001,8,2001-08-01,,,,,,2001.5834,2001,2001,8,Wednesday,3,
Laredo,2001,9,2001-09-01,,,,,,2001.6666,2001,2001,9,Saturday,3,
Laredo,2001,10,2001-10-01,,,,,,2001.75,2001,2001,10,Monday,4,
Laredo,2001,11,2001-11-01,,,,,,2001.8334,2001,2001,11,Thursday,4,
Laredo,2001,12,2001-12-01,,,,,,2001.9166,2001,2001,12,Saturday,4,
Laredo,2002,1,2002-01-01,,,,,,2002.0,2002,2002,1,Tuesday,1,
Laredo,2002,2,2002-02-01,,,,,,2002.0834,2002,2002,2,Friday,1,
Laredo,2002,3,2002-03-01,,,,,,2002.1666,2002,2002,3,Friday,1,
Laredo,2002,4,2002-04-01,,,,,,2002.25,2002,2002,4,Monday,2,
Laredo,2002,5,2002-05-01,,,,,,2002.3334,2002,2002,5,Wednesday,2,
Laredo,2002,6,2002-06-01,,,,,,2002.4166,2002,2002,6,Saturday,2,
Laredo,2002,7,2002-07-01,,,,,,2002.5,2002,2002,7,Monday,3,
Laredo,2002,8,2002-08-01,,,,,,2002.5834,2002,2002,8,Thursday,3,
Laredo,2002,9,2002-09-01,,,,,,2002.6666,2002,2002,9,Sunday,3,
Laredo,2002,10,2002-10-01,,,,,,2002.75,2002,2002,10,Tuesday,4,
Laredo,2002,11,2002-11-01,,,,,,2002.8334,2002,2002,11,Friday,4,
Laredo,2002,12,2002-12-01,,,,,,2002.9166,2002,2002,12,Sunday,4,
Laredo,2003,1,2003-01-01,30.0,4275000.0,127300.0,,,2003.0,2003,2003,1,Wednesday,1,-1751.0078
Laredo,2003,2,2003-02-01,33.0,4355000.0,118000.0,,,2003.0834,2003,2003,2,Saturday,1,-11051.008
Laredo,2003,3,2003-03-01,25.0,3150000.0,103300.0,,,2003.1666,2003,2003,3,Saturday,1,-25751.008
Laredo,2003,4,2003-04-01,31.0,4485214.0,112900.0,,,2003.25,2003,2003,4,Tuesday,2,-16151.008
Laredo,2003,5,2003-05-01,46.0,6527232.0,126700.0,,,2003.3334,2003,2003,5,Thursday,2,-2351.0078
Laredo,2003,6,2003-06-01,53.0,7198705.0,121200.0,,,2003.4166,2003,2003,6,Sunday,2,-7851.008
Laredo,2003,7,2003-07-01,39.0,5353108.0,124300.0,,,2003.5,2003,2003,7,Tuesday,3,-4751.008
Laredo,2003,8,2003-08-01,49.0,6765220.0,127800.0,,,2003.5834,2003,2003,8,Friday,3,-1251.0078
Laredo,2003,9,2003-09-01,56.0,6296504.0,105700.0,,,2003.6666,2003,2003,9,Monday,3,-23351.008
Laredo,2003,10,2003-10-01,77.0,12367363.0,129200.0,,,2003.75,2003,2003,10,Wednesday,4,148.99219
Laredo,2003,11,2003-11-01,43.0,5491395.0,118300.0,,,2003.8334,2003,2003,11,Saturday,4,-10751.008
Laredo,2003,12,2003-12-01,60.0,8124320.0,112000.0,,,2003.9166,2003,2003,12,Monday,4,-17051.008
Laredo,2004,1,2004-01-01,43.0,5329037.0,122300.0,,,2004.0,2004,2004,1,Thursday,1,-6751.008
Laredo,2004,2,2004-02-01,51.0,6615449.0,117000.0,,,2004.0834,2004,2004,2,Sunday,1,-12051.008
Laredo,2004,3,2004-03-01,48.0,5868880.0,102900.0,,,2004.1666,2004,2004,3,Monday,1,-26151.008
Laredo,2004,4,2004-04-01,67.0,9942025.0,130800.0,,,2004.25,2004,2004,4,Thursday,2,1748.9922
Laredo,2004,5,2004-05-01,60.0,9550060.0,144000.0,,,2004.3334,2004,2004,5,Saturday,2,14948.992
Laredo,2004,6,2004-06-01,63.0,8648551.0,115500.0,,,2004.4166,2004,2004,6,Tuesday,2,-13551.008
Laredo,2004,7,2004-07-01,74.0,9637020.0,125900.0,,,2004.5,2004,2004,7,Thursday,3,-3151.0078
Laredo,2004,8,2004-08-01,77.0,11133740.0,120700.0,,,2004.5834,2004,2004,8,Sunday,3,-8351.008
Laredo,2004,9,2004-09-01,65.0,8993129.0,129000.0,,,2004.6666,2004,2004,9,Wednesday,3,-51.007812
Laredo,2004,10,2004-10-01,56.0,8454777.0,130000.0,,,2004.75,2004,2004,10,Friday,4,948.9922
Laredo,2004,11,2004-11-01,54.0,7788265.0,128000.0,,,2004.8334,2004,2004,11,Monday,4,-1051.0078
Laredo,2004,12,2004-12-01,58.0,9159687.0,134300.0,,,2004.9166,2004,2004,12,Wednesday,4,5248.992
Laredo,2005,1,2005-01-01,50.0,7939691.0,137500.0,,,2005.0,2005,2005,1,Saturday,1,8448.992
Laredo,2005,2,2005-02-01,56.0,7949615.0,122500.0,,,2005.0834,2005,2005,2,Tuesday,1,-6551.008
Laredo,2005,3,2005-03-01,91.0,11206657.0,112100.0,,,2005.1666,2005,2005,3,Tuesday,1,-16951.008
Laredo,2005,4,2005-04-01,62.0,9182461.0,125000.0,,,2005.25,2005,2005,4,Friday,2,-4051.0078
Laredo,2005,5,2005-05-01,74.0,8971104.0,96000.0,,,2005.3334,2005,2005,5,Sunday,2,-33051.008
Laredo,2005,6,2005-06-01,77.0,12308486.0,145400.0,,,2005.4166,2005,2005,6,Wednesday,2,16348.992
Laredo,2005,7,2005-07-01,81.0,10904804.0,119200.0,,,2005.5,2005,2005,7,Friday,3,-9851.008
Laredo,2005,8,2005-08-01,86.0,12707486.0,122500.0,,,2005.5834,2005,2005,8,Monday,3,-6551.008
Laredo,2005,9,2005-09-01,71.0,10108663.0,127500.0,,,2005.6666,2005,2005,9,Thursday,3,-1551.0078
Laredo,2005,10,2005-10-01,77.0,11834099.0,145000.0,,,2005.75,2005,2005,10,Saturday,4,15948.992
Laredo,2005,11,2005-11-01,69.0,10648158.0,137500.0,,,2005.8334,2005,2005,11,Tuesday,4,8448.992
Laredo,2005,12,2005-12-01,75.0,10736090.0,118100.0,,,2005.9166,2005,2005,12,Thursday,4,-10951.008
Laredo,2006,1,2006-01-01,54.0,7659781.0,131100.0,,,2006.0,2006,2006,1,Sunday,1,2048.9922
Laredo,2006,2,2006-02-01,71.0,9116589.0,116700.0,,,2006.0834,2006,2006,2,Wednesday,1,-12351.008
Laredo,2006,3,2006-03-01,86.0,11999555.0,114300.0,,,2006.1666,2006,2006,3,Wednesday,1,-14751.008
Laredo,2006,4,2006-04-01,94.0,13289916.0,121300.0,,,2006.25,2006,2006,4,Saturday,2,-7751.008
Laredo,2006,5,2006-05-01,95.0,14810950.0,140800.0,,,2006.3334,2006,2006,5,Monday,2,11748.992
Laredo,2006,6,2006-06-01,109.0,16183567.0,130000.0,,,2006.4166,2006,2006,6,Thursday,2,948.9922
Laredo,2006,7,2006-07-01,109.0,16475422.0,135500.0,,,2006.5,2006,2006,7,Saturday,3,6448.992
Laredo,2006,8,2006-08-01,121.0,16919222.0,128800.0,,,2006.5834,2006,2006,8,Tuesday,3,-251.00781
Laredo,2006,9,2006-09-01,91.0,16040278.0,159200.0,,,2006.6666,2006,2006,9,Friday,3,30148.992
Laredo,2006,10,2006-10-01,99.0,16399773.0,139400.0,,,2006.75,2006,2006,10,Sunday,4,10348.992
Laredo,2006,11,2006-11-01,84.0,23967305.0,137800.0,,,2006.8334,2006,2006,11,Wednesday,4,8748.992
Laredo,2006,12,2006-12-01,80.0,11429023.0,130000.0,,,2006.9166,2006,2006,12,Friday,4,948.9922
Laredo,2007,1,2007-01-01,67.0,10207345.0,130000.0,,,2007.0,2007,2007,1,Monday,1,948.9922
Laredo,2007,2,2007-02-01,69.0,10899321.0,133800.0,,,2007.0834,2007,2007,2,Thursday,1,4748.992
Laredo,2007,3,2007-03-01,95.0,13990359.0,129100.0,,,2007.1666,2007,2007,3,Thursday,1,48.992188
Laredo,2007,4,2007-04-01,87.0,14985848.0,153800.0,,,2007.25,2007,2007,4,Sunday,2,24748.992
Laredo,2007,5,2007-05-01,111.0,15058318.0,118200.0,,,2007.3334,2007,2007,5,Tuesday,2,-10851.008
Laredo,2007,6,2007-06-01,109.0,17329145.0,142500.0,,,2007.4166,2007,2007,6,Friday,2,13448.992
Laredo,2007,7,2007-07-01,75.0,12605836.0,138800.0,,,2007.5,2007,2007,7,Sunday,3,9748.992
Laredo,2007,8,2007-08-01,102.0,15332545.0,135000.0,,,2007.5834,2007,2007,8,Wednesday,3,5948.992
Laredo,2007,9,2007-09-01,87.0,14377973.0,150800.0,,,2007.6666,2007,2007,9,Saturday,3,21748.992
Laredo,2007,10,2007-10-01,94.0,13828337.0,136400.0,,,2007.75,2007,2007,10,Monday,4,7348.992
Laredo,2007,11,2007-11-01,85.0,13635932.0,140900.0,,,2007.8334,2007,2007,11,Thursday,4,11848.992
Laredo,2007,12,2007-12-01,74.0,10755379.0,122000.0,,,2007.9166,2007,2007,12,Saturday,4,-7051.008
Laredo,2008,1,2008-01-01,72.0,9257946.0,106700.0,,,2008.0,2008,2008,1,Tuesday,1,-22351.008
Laredo,2008,2,2008-02-01,68.0,9359866.0,132000.0,,,2008.0834,2008,2008,2,Friday,1,2948.9922
Laredo,2008,3,2008-03-01,84.0,10969563.0,124400.0,766.0,8.8,2008.1666,2008,2008,3,Saturday,1,-4651.008
Laredo,2008,4,2008-04-01,83.0,12119929.0,120800.0,767.0,8.8,2008.25,2008,2008,4,Tuesday,2,-8251.008
Laredo,2008,5,2008-05-01,82.0,10661057.0,117500.0,751.0,8.9,2008.3334,2008,2008,5,Thursday,2,-11551.008
Laredo,2008,6,2008-06-01,98.0,13996916.0,116400.0,771.0,9.2,2008.4166,2008,2008,6,Sunday,2,-12651.008
Laredo,2008,7,2008-07-01,82.0,11330344.0,120000.0,799.0,9.5,2008.5,2008,2008,7,Tuesday,3,-9051.008
Laredo,2008,8,2008-08-01,89.0,12900268.0,130000.0,788.0,9.5,2008.5834,2008,2008,8,Friday,3,948.9922
Laredo,2008,9,2008-09-01,90.0,13979331.0,137500.0,795.0,9.5,2008.6666,2008,2008,9,Monday,3,8448.992
Laredo,2008,10,2008-10-01,93.0,12256969.0,111200.0,805.0,9.7,2008.75,2008,2008,10,Wednesday,4,-17851.008
Laredo,2008,11,2008-11-01,68.0,8590585.0,115600.0,808.0,9.9,2008.8334,2008,2008,11,Saturday,4,-13451.008
Laredo,2008,12,2008-12-01,79.0,10721558.0,124200.0,709.0,8.6,2008.9166,2008,2008,12,Monday,4,-4851.008
Laredo,2009,1,2009-01-01,57.0,6778435.0,110000.0,759.0,9.4,2009.0,2009,2009,1,Thursday,1,-19051.008
Laredo,2009,2,2009-02-01,64.0,9181843.0,117800.0,725.0,9.0,2009.0834,2009,2009,2,Sunday,1,-11251.008
Laredo,2009,3,2009-03-01,76.0,9939860.0,112000.0,687.0,8.6,2009.1666,2009,2009,3,Sunday,1,-17051.008
Laredo,2009,4,2009-04-01,94.0,12952459.0,118300.0,697.0,8.6,2009.25,2009,2009,4,Wednesday,2,-10751.008
Laredo,2009,5,2009-05-01,78.0,11021686.0,120000.0,695.0,8.6,2009.3334,2009,2009,5,Friday,2,-9051.008
Laredo,2009,6,2009-06-01,82.0,11690800.0,131400.0,695.0,8.8,2009.4166,2009,2009,6,Monday,2,2348.9922
Laredo,2009,7,2009-07-01,98.0,12476056.0,122200.0,721.0,8.9,2009.5,2009,2009,7,Wednesday,3,-6851.008
Laredo,2009,8,2009-08-01,89.0,11752055.0,117700.0,744.0,9.2,2009.5834,2009,2009,8,Saturday,3,-11351.008
Laredo,2009,9,2009-09-01,84.0,11231398.0,,736.0,9.2,2009.6666,2009,2009,9,Tuesday,3,
Laredo,2009,10,2009-10-01,82.0,12015974.0,,738.0,9.3,2009.75,2009,2009,10,Thursday,4,
Laredo,2009,11,2009-11-01,86.0,11951504.0,126700.0,745.0,9.2,2009.8334,2009,2009,11,Sunday,4,-2351.0078
Laredo,2009,12,2009-12-01,94.0,12742358.0,117100.0,710.0,8.7,2009.9166,2009,2009,12,Tuesday,4,-11951.008
Laredo,2010,1,2010-01-01,65.0,7805316.0,109000.0,735.0,8.9,2010.0,2010,2010,1,Friday,1,-20051.008
Laredo,2010,2,2010-02-01,66.0,9392136.0,105700.0,748.0,9.0,2010.0834,2010,2010,2,Monday,1,-23351.008
Laredo,2010,3,2010-03-01,76.0,10390695.0,128000.0,730.0,8.8,2010.1666,2010,2010,3,Monday,1,-1051.0078
Laredo,2010,4,2010-04-01,93.0,11925663.0,123800.0,692.0,8.4,2010.25,2010,2010,4,Thursday,2,-5251.008
Laredo,2010,5,2010-05-01,125.0,17444170.0,107200.0,694.0,8.0,2010.3334,2010,2010,5,Saturday,2,-21851.008
Laredo,2010,6,2010-06-01,117.0,15031451.0,115600.0,716.0,8.0,2010.4166,2010,2010,6,Tuesday,2,-13451.008
Laredo,2010,7,2010-07-01,75.0,11005911.0,120900.0,,,2010.5,2010,2010,7,Thursday,3,-8151.008
Laredo,2010,8,2010-08-01,90.0,12232773.0,117100.0,723.0,8.2,2010.5834,2010,2010,8,Sunday,3,-11951.008
Laredo,2010,9,2010-09-01,74.0,9948416.0,115000.0,756.0,8.7,2010.6666,2010,2010,9,Wednesday,3,-14051.008
Laredo,2010,10,2010-10-01,75.0,8829179.0,97900.0,706.0,8.2,2010.75,2010,2010,10,Friday,4,-31151.008
Laredo,2010,11,2010-11-01,79.0,11818320.0,132200.0,681.0,7.9,2010.8334,2010,2010,11,Monday,4,3148.9922
Laredo,2010,12,2010-12-01,78.0,10448635.0,126700.0,663.0,7.9,2010.9166,2010,2010,12,Wednesday,4,-2351.0078
Laredo,2011,1,2011-01-01,54.0,8447928.0,140000.0,682.0,8.2,2011.0,2011,2011,1,Saturday,1,10948.992
Laredo,2011,2,2011-02-01,66.0,8872427.0,126700.0,659.0,7.9,2011.0834,2011,2011,2,Tuesday,1,-2351.0078
Laredo,2011,3,2011-03-01,101.0,14849026.0,121400.0,629.0,7.3,2011.1666,2011,2011,3,Tuesday,1,-7651.008
Laredo,2011,4,2011-04-01,102.0,14375172.0,115000.0,613.0,7.1,2011.25,2011,2011,4,Friday,2,-14051.008
Laredo,2011,5,2011-05-01,80.0,9417730.0,105000.0,577.0,7.0,2011.3334,2011,2011,5,Sunday,2,-24051.008
Laredo,2011,6,2011-06-01,87.0,12529508.0,131200.0,578.0,7.2,2011.4166,2011,2011,6,Wednesday,2,2148.9922
Laredo,2011,7,2011-07-01,98.0,11962258.0,110000.0,600.0,7.3,2011.5,2011,2011,7,Friday,3,-19051.008
Laredo,2011,8,2011-08-01,100.0,13967971.0,127500.0,603.0,7.3,2011.5834,2011,2011,8,Monday,3,-1551.0078
Laredo,2011,9,2011-09-01,91.0,12424149.0,130000.0,599.0,7.1,2011.6666,2011,2011,9,Thursday,3,948.9922
Laredo,2011,10,2011-10-01,75.0,10511071.0,130000.0,591.0,7.0,2011.75,2011,2011,10,Saturday,4,948.9922
Laredo,2011,11,2011-11-01,65.0,8585221.0,123800.0,578.0,7.0,2011.8334,2011,2011,11,Tuesday,4,-5251.008
Laredo,2011,12,2011-12-01,74.0,11869864.0,130900.0,513.0,6.2,2011.9166,2011,2011,12,Thursday,4,1848.9922
Laredo,2012,1,2012-01-01,78.0,11386742.0,123600.0,532.0,6.3,2012.0,2012,2012,1,Sunday,1,-5451.008
Laredo,2012,2,2012-02-01,63.0,8222568.0,125000.0,539.0,6.4,2012.0834,2012,2012,2,Wednesday,1,-4051.0078
Laredo,2012,3,2012-03-01,84.0,12301781.0,140000.0,504.0,6.1,2012.1666,2012,2012,3,Thursday,1,10948.992
Laredo,2012,4,2012-04-01,88.0,13026546.0,132900.0,513.0,6.3,2012.25,2012,2012,4,Sunday,2,3848.9922
Laredo,2012,5,2012-05-01,94.0,11966878.0,110000.0,458.0,5.5,2012.3334,2012,2012,5,Tuesday,2,-19051.008
Laredo,2012,6,2012-06-01,110.0,17386131.0,124600.0,493.0,5.8,2012.4166,2012,2012,6,Friday,2,-4451.008
Laredo,2012,7,2012-07-01,83.0,13238351.0,147100.0,502.0,6.0,2012.5,2012,2012,7,Sunday,3,18048.992
Laredo,2012,8,2012-08-01,92.0,13702966.0,140000.0,503.0,6.1,2012.5834,2012,2012,8,Wednesday,3,10948.992
Laredo,2012,9,2012-09-01,79.0,13114771.0,154200.0,456.0,5.6,2012.6666,2012,2012,9,Saturday,3,25148.992
Laredo,2012,10,2012-10-01,106.0,16153465.0,145000.0,459.0,5.4,2012.75,2012,2012,10,Monday,4,15948.992
Laredo,2012,11,2012-11-01,88.0,13302445.0,142200.0,484.0,5.6,2012.8334,2012,2012,11,Thursday,4,13148.992
Laredo,2012,12,2012-12-01,84.0,12969547.0,132500.0,464.0,5.3,2012.9166,2012,2012,12,Saturday,4,3448.9922
Laredo,2013,1,2013-01-01,88.0,12293697.0,121800.0,458.0,5.2,2013.0,2013,2013,1,Tuesday,1,-7251.008
Laredo,2013,2,2013-02-01,77.0,11501523.0,131000.0,469.0,5.2,2013.0834,2013,2013,2,Friday,1,1948.9922
Laredo,2013,3,2013-03-01,95.0,12895969.0,122500.0,487.0,5.4,2013.1666,2013,2013,3,Friday,1,-6551.008
Laredo,2013,4,2013-04-01,102.0,14546164.0,135600.0,480.0,5.2,2013.25,2013,2013,4,Monday,2,6548.992
Laredo,2013,5,2013-05-01,74.0,10336980.0,130000.0,457.0,5.1,2013.3334,2013,2013,5,Wednesday,2,948.9922
Laredo,2013,6,2013-06-01,95.0,14459240.0,142300.0,461.0,5.2,2013.4166,2013,2013,6,Saturday,2,13248.992
Laredo,2013,7,2013-07-01,108.0,17814982.0,150000.0,478.0,5.3,2013.5,2013,2013,7,Monday,3,20948.992
Laredo,2013,8,2013-08-01,113.0,17015254.0,137300.0,522.0,5.6,2013.5834,2013,2013,8,Thursday,3,8248.992
Laredo,2013,9,2013-09-01,94.0,15901398.0,144000.0,550.0,5.9,2013.6666,2013,2013,9,Sunday,3,14948.992
Laredo,2013,10,2013-10-01,85.0,14657228.0,162500.0,547.0,6.0,2013.75,2013,2013,10,Tuesday,4,33448.992
Laredo,2013,11,2013-11-01,86.0,13743070.0,135000.0,531.0,5.8,2013.8334,2013,2013,11,Friday,4,5948.992
Laredo,2013,12,2013-12-01,88.0,14194520.0,140000.0,493.0,5.4,2013.9166,2013,2013,12,Sunday,4,10948.992
Laredo,2014,1,2014-01-01,64.0,9790364.0,137100.0,528.0,5.9,2014.0,2014,2014,1,Wednesday,1,8048.992
Laredo,2014,2,2014-02-01,76.0,12949101.0,152700.0,538.0,6.0,2014.0834,2014,2014,2,Saturday,1,23648.992
Laredo,2014,3,2014-03-01,101.0,18003335.0,158900.0,527.0,5.8,2014.1666,2014,2014,3,Saturday,1,29848.992
Laredo,2014,4,2014-04-01,98.0,13791970.0,123300.0,523.0,5.8,2014.25,2014,2014,4,Tuesday,2,-5751.008
Laredo,2014,5,2014-05-01,111.0,16890441.0,142700.0,516.0,5.5,2014.3334,2014,2014,5,Thursday,2,13648.992
Laredo,2014,6,2014-06-01,119.0,19808160.0,142300.0,524.0,5.5,2014.4166,2014,2014,6,Sunday,2,13248.992
Laredo,2014,7,2014-07-01,105.0,16677733.0,139200.0,498.0,5.2,2014.5,2014,2014,7,Tuesday,3,10148.992
Laredo,2014,8,2014-08-01,108.0,17419845.0,135000.0,527.0,5.6,2014.5834,2014,2014,8,Friday,3,5948.992
Laredo,2014,9,2014-09-01,95.0,18136003.0,168800.0,539.0,5.7,2014.6666,2014,2014,9,Monday,3,39748.992
Laredo,2014,10,2014-10-01,95.0,14714879.0,143300.0,521.0,5.5,2014.75,2014,2014,10,Wednesday,4,14248.992
Laredo,2014,11,2014-11-01,87.0,14127416.0,149300.0,539.0,5.6,2014.8334,2014,2014,11,Saturday,4,20248.992
Laredo,2014,12,2014-12-01,111.0,17236476.0,145300.0,501.0,5.1,2014.9166,2014,2014,12,Monday,4,16248.992
Laredo,2015,1,2015-01-01,82.0,12584701.0,136200.0,512.0,5.2,2015.0,2015,2015,1,Thursday,1,7148.992
Laredo,2015,2,2015-02-01,87.0,12765758.0,141000.0,507.0,5.1,2015.0834,2015,2015,2,Sunday,1,11948.992
Laredo,2015,3,2015-03-01,98.0,14618757.0,142900.0,540.0,5.4,2015.1666,2015,2015,3,Sunday,1,13848.992
Laredo,2015,4,2015-04-01,116.0,19324087.0,149200.0,546.0,5.4,2015.25,2015,2015,4,Wednesday,2,20148.992
Laredo,2015,5,2015-05-01,112.0,19175304.0,154500.0,529.0,5.2,2015.3334,2015,2015,5,Friday,2,25448.992
Laredo,2015,6,2015-06-01,106.0,18468901.0,154300.0,556.0,5.6,2015.4166,2015,2015,6,Monday,2,25248.992
Laredo,2015,7,2015-07-01,105.0,17825899.0,151800.0,591.0,5.9,2015.5,2015,2015,7,Wednesday,3,22748.992
Longview-Marshall,2000,1,2000-01-01,73.0,6170000.0,68100.0,1054.0,8.1,2000.0,2000,2000,1,Saturday,1,-47122.29
Longview-Marshall,2000,2,2000-02-01,100.0,10120000.0,85700.0,1090.0,8.4,2000.0834,2000,2000,2,Tuesday,1,-29522.29
Longview-Marshall,2000,3,2000-03-01,135.0,13520000.0,81100.0,1079.0,8.4,2000.1666,2000,2000,3,Wednesday,1,-34122.29
Longview-Marshall,2000,4,2000-04-01,138.0,13865000.0,78700.0,1078.0,8.2,2000.25,2000,2000,4,Saturday,2,-36522.29
Longview-Marshall,2000,5,2000-05-01,141.0,13910000.0,82700.0,1075.0,8.3,2000.3334,2000,2000,5,Monday,2,-32522.29
Longview-Marshall,2000,6,2000-06-01,188.0,18815000.0,82500.0,1075.0,8.2,2000.4166,2000,2000,6,Thursday,2,-32722.29
Longview-Marshall,2000,7,2000-07-01,,,,,,2000.5,2000,2000,7,Saturday,3,
Longview-Marshall,2000,8,2000-08-01,182.0,17235000.0,80600.0,1075.0,8.2,2000.5834,2000,2000,8,Tuesday,3,-34622.29
Longview-Marshall,2000,9,2000-09-01,147.0,13780000.0,79100.0,,,2000.6666,2000,2000,9,Friday,3,-36122.29
Longview-Marshall,2000,10,2000-10-01,124.0,13055000.0,90000.0,,,2000.75,2000,2000,10,Sunday,4,-25222.29
Longview-Marshall,2000,11,2000-11-01,134.0,12225000.0,78900.0,,,2000.8334,2000,2000,11,Wednesday,4,-36322.29
Longview-Marshall,2000,12,2000-12-01,125.0,12340000.0,81700.0,,,2000.9166,2000,2000,12,Friday,4,-33522.29
Longview-Marshall,2001,1,2001-01-01,77.0,7930000.0,69400.0,,,2001.0,2001,2001,1,Monday,1,-45822.29
Longview-Marshall,2001,2,2001-02-01,107.0,9690000.0,83900.0,,,2001.0834,2001,2001,2,Thursday,1,-31322.29
Longview-Marshall,2001,3,2001-03-01,167.0,16450000.0,80900.0,,,2001.1666,2001,2001,3,Thursday,1,-34322.29
Longview-Marshall,2001,4,2001-04-01,178.0,18440000.0,83300.0,1063.0,7.4,2001.25,2001,2001,4,Sunday,2,-31922.29
Longview-Marshall,2001,5,2001-05-01,179.0,17245000.0,88000.0,1063.0,7.3,2001.3334,2001,2001,5,Tuesday,2,-27222.29
Longview-Marshall,2001,6,2001-06-01,205.0,20975000.0,81600.0,1063.0,7.2,2001.4166,2001,2001,6,Friday,2,-33622.29
Longview-Marshall,2001,7,2001-07-01,160.0,14955000.0,82900.0,962.0,6.5,2001.5,2001,2001,7,Sunday,3,-32322.29
Longview-Marshall,2001,8,2001-08-01,181.0,19325000.0,86900.0,961.0,6.5,2001.5834,2001,2001,8,Wednesday,3,-28322.29
Longview-Marshall,2001,9,2001-09-01,145.0,15325000.0,79700.0,998.0,6.7,2001.6666,2001,2001,9,Saturday,3,-35522.29
Longview-Marshall,2001,10,2001-10-01,142.0,14610000.0,82000.0,974.0,6.5,2001.75,2001,2001,10,Monday,4,-33222.29
Longview-Marshall,2001,11,2001-11-01,,,,,,2001.8334,2001,2001,11,Thursday,4,
Longview-Marshall,2001,12,2001-12-01,145.0,15325000.0,79700.0,998.0,6.5,2001.9166,2001,2001,12,Saturday,4,-35522.29
Longview-Marshall,2002,1,2002-01-01,110.0,11865000.0,93300.0,943.0,6.0,2002.0,2002,2002,1,Tuesday,1,-21922.29
Longview-Marshall,2002,2,2002-02-01,,,,,,2002.0834,2002,2002,2,Friday,1,
Longview-Marshall,2002,3,2002-03-01,,,,,,2002.1666,2002,2002,3,Friday,1,
Longview-Marshall,2002,4,2002-04-01,,,,,,2002.25,2002,2002,4,Monday,2,
Longview-Marshall,2002,5,2002-05-01,,,,,,2002.3334,2002,2002,5,Wednesday,2,
Longview-Marshall,2002,6,2002-06-01,,,,,,2002.4166,2002,2002,6,Saturday,2,
Longview-Marshall,2002,7,2002-07-01,174.0,17645000.0,86000.0,,,2002.5,2002,2002,7,Monday,3,-29222.29
Longview-Marshall,2002,8,2002-08-01,,,,,,2002.5834,2002,2002,8,Thursday,3,
Longview-Marshall,2002,9,2002-09-01,,,,,,2002.6666,2002,2002,9,Sunday,3,
Longview-Marshall,2002,10,2002-10-01,,,,,,2002.75,2002,2002,10,Tuesday,4,
Longview-Marshall,2002,11,2002-11-01,,,,,,2002.8334,2002,2002,11,Friday,4,
Longview-Marshall,2002,12,2002-12-01,150.0,14415000.0,87000.0,,,2002.9166,2002,2002,12,Sunday,4,-28222.29
Longview-Marshall,2003,1,2003-01-01,127.0,12860000.0,85000.0,,,2003.0,2003,2003,1,Wednesday,1,-30222.29
Longview-Marshall,2003,2,2003-02-01,108.0,10890000.0,90000.0,,,2003.0834,2003,2003,2,Saturday,1,-25222.29
Longview-Marshall,2003,3,2003-03-01,137.0,14185000.0,87800.0,,,2003.1666,2003,2003,3,Saturday,1,-27422.29
Longview-Marshall,2003,4,2003-04-01,144.0,14945000.0,85000.0,,,2003.25,2003,2003,4,Tuesday,2,-30222.29
Longview-Marshall,2003,5,2003-05-01,179.0,17900000.0,86400.0,,,2003.3334,2003,2003,5,Thursday,2,-28822.29
Longview-Marshall,2003,6,2003-06-01,209.0,24730000.0,92100.0,,,2003.4166,2003,2003,6,Sunday,2,-23122.29
Longview-Marshall,2003,7,2003-07-01,179.0,19040000.0,87200.0,,,2003.5,2003,2003,7,Tuesday,3,-28022.29
Longview-Marshall,2003,8,2003-08-01,190.0,22915000.0,101800.0,,,2003.5834,2003,2003,8,Friday,3,-13422.289
Longview-Marshall,2003,9,2003-09-01,188.0,18985000.0,89600.0,,,2003.6666,2003,2003,9,Monday,3,-25622.29
Longview-Marshall,2003,10,2003-10-01,173.0,18550000.0,85300.0,,,2003.75,2003,2003,10,Wednesday,4,-29922.29
Longview-Marshall,2003,11,2003-11-01,109.0,12360000.0,91700.0,,,2003.8334,2003,2003,11,Saturday,4,-23522.29
Longview-Marshall,2003,12,2003-12-01,174.0,18435000.0,91800.0,,,2003.9166,2003,2003,12,Monday,4,-23422.29
Longview-Marshall,2004,1,2004-01-01,115.0,10820000.0,82900.0,,,2004.0,2004,2004,1,Thursday,1,-32322.29
Longview-Marshall,2004,2,2004-02-01,157.0,17475000.0,101200.0,,,2004.0834,2004,2004,2,Sunday,1,-14022.289
Longview-Marshall,2004,3,2004-03-01,185.0,20475000.0,88800.0,,,2004.1666,2004,2004,3,Monday,1,-26422.29
Longview-Marshall,2004,4,2004-04-01,212.0,22790000.0,91400.0,,,2004.25,2004,2004,4,Thursday,2,-23822.29
Longview-Marshall,2004,5,2004-05-01,214.0,22965000.0,88200.0,,,2004.3334,2004,2004,5,Saturday,2,-27022.29
Longview-Marshall,2004,6,2004-06-01,234.0,27605000.0,98100.0,,,2004.4166,2004,2004,6,Tuesday,2,-17122.29
Longview-Marshall,2004,7,2004-07-01,230.0,26975000.0,102200.0,,,2004.5,2004,2004,7,Thursday,3,-13022.289
Longview-Marshall,2004,8,2004-08-01,233.0,27465000.0,104100.0,,,2004.5834,2004,2004,8,Sunday,3,-11122.289
Longview-Marshall,2004,9,2004-09-01,190.0,19510000.0,86900.0,,,2004.6666,2004,2004,9,Wednesday,3,-28322.29
Longview-Marshall,2004,10,2004-10-01,172.0,20805000.0,100000.0,1151.0,6.2,2004.75,2004,2004,10,Friday,4,-15222.289
Longview-Marshall,2004,11,2004-11-01,150.0,14415000.0,87000.0,1154.0,6.1,2004.8334,2004,2004,11,Monday,4,-28222.29
Longview-Marshall,2004,12,2004-12-01,191.0,21795000.0,95600.0,940.0,4.9,2004.9166,2004,2004,12,Wednesday,4,-19622.29
Longview-Marshall,2005,1,2005-01-01,161.0,18610000.0,88100.0,1130.0,5.8,2005.0,2005,2005,1,Saturday,1,-27122.29
Longview-Marshall,2005,2,2005-02-01,163.0,16805000.0,88800.0,1148.0,5.9,2005.0834,2005,2005,2,Tuesday,1,-26422.29
Longview-Marshall,2005,3,2005-03-01,173.0,19200000.0,99600.0,1152.0,6.0,2005.1666,2005,2005,3,Tuesday,1,-15622.289
Longview-Marshall,2005,4,2005-04-01,226.0,24315000.0,96200.0,1170.0,6.0,2005.25,2005,2005,4,Friday,2,-19022.29
Longview-Marshall,2005,5,2005-05-01,218.0,26390000.0,101600.0,1175.0,6.0,2005.3334,2005,2005,5,Sunday,2,-13622.289
Longview-Marshall,2005,6,2005-06-01,255.0,32645000.0,100400.0,1180.0,6.0,2005.4166,2005,2005,6,Wednesday,2,-14822.289
Longview-Marshall,2005,7,2005-07-01,229.0,28890000.0,109300.0,1180.0,6.0,2005.5,2005,2005,7,Friday,3,-5922.289
Longview-Marshall,2005,8,2005-08-01,292.0,34350000.0,101700.0,1180.0,5.9,2005.5834,2005,2005,8,Monday,3,-13522.289
Longview-Marshall,2005,9,2005-09-01,191.0,22650000.0,101500.0,1180.0,5.8,2005.6666,2005,2005,9,Thursday,3,-13722.289
Longview-Marshall,2005,10,2005-10-01,220.0,26560000.0,104700.0,1175.0,5.7,2005.75,2005,2005,10,Saturday,4,-10522.289
Longview-Marshall,2005,11,2005-11-01,183.0,24005000.0,110000.0,1170.0,5.6,2005.8334,2005,2005,11,Tuesday,4,-5222.289
Longview-Marshall,2005,12,2005-12-01,185.0,21630000.0,96500.0,1170.0,5.6,2005.9166,2005,2005,12,Thursday,4,-18722.29
Longview-Marshall,2006,1,2006-01-01,139.0,14625000.0,91200.0,1120.0,5.4,2006.0,2006,2006,1,Sunday,1,-24022.29
Longview-Marshall,2006,2,2006-02-01,197.0,22775000.0,101200.0,1069.0,5.1,2006.0834,2006,2006,2,Wednesday,1,-14022.289
Longview-Marshall,2006,3,2006-03-01,250.0,32330000.0,111500.0,1073.0,5.0,2006.1666,2006,2006,3,Wednesday,1,-3722.289
Longview-Marshall,2006,4,2006-04-01,220.0,29515000.0,117100.0,1113.0,5.2,2006.25,2006,2006,4,Saturday,2,1877.7109
Longview-Marshall,2006,5,2006-05-01,258.0,32830000.0,108000.0,1141.0,5.2,2006.3334,2006,2006,5,Monday,2,-7222.289
Longview-Marshall,2006,6,2006-06-01,266.0,33660000.0,108100.0,1016.0,4.6,2006.4166,2006,2006,6,Thursday,2,-7122.289
Longview-Marshall,2006,7,2006-07-01,245.0,34075000.0,125400.0,1199.0,5.4,2006.5,2006,2006,7,Saturday,3,10177.711
Longview-Marshall,2006,8,2006-08-01,257.0,37295000.0,127600.0,1010.0,4.6,2006.5834,2006,2006,8,Tuesday,3,12377.711
Longview-Marshall,2006,9,2006-09-01,225.0,30210000.0,117500.0,1181.0,5.4,2006.6666,2006,2006,9,Friday,3,2277.711
Longview-Marshall,2006,10,2006-10-01,245.0,28940000.0,101100.0,1158.0,5.2,2006.75,2006,2006,10,Sunday,4,-14122.289
Longview-Marshall,2006,11,2006-11-01,190.0,24980000.0,111200.0,1086.0,4.9,2006.8334,2006,2006,11,Wednesday,4,-4022.289
Longview-Marshall,2006,12,2006-12-01,204.0,24160000.0,109500.0,1091.0,4.9,2006.9166,2006,2006,12,Friday,4,-5722.289
Longview-Marshall,2007,1,2007-01-01,143.0,17710000.0,111200.0,1128.0,5.0,2007.0,2007,2007,1,Monday,1,-4022.289
Longview-Marshall,2007,2,2007-02-01,204.0,25200000.0,110400.0,1023.0,4.5,2007.0834,2007,2007,2,Thursday,1,-4822.289
Longview-Marshall,2007,3,2007-03-01,223.0,31340000.0,123600.0,1220.0,5.5,2007.1666,2007,2007,3,Thursday,1,8377.711
Longview-Marshall,2007,4,2007-04-01,265.0,41980000.0,135600.0,1223.0,5.4,2007.25,2007,2007,4,Sunday,2,20377.71
Longview-Marshall,2007,5,2007-05-01,265.0,37495000.0,126100.0,1300.0,5.7,2007.3334,2007,2007,5,Tuesday,2,10877.711
Longview-Marshall,2007,6,2007-06-01,260.0,38395000.0,126500.0,1312.0,5.8,2007.4166,2007,2007,6,Friday,2,11277.711
Longview-Marshall,2007,7,2007-07-01,251.0,36715000.0,130500.0,1320.0,5.8,2007.5,2007,2007,7,Sunday,3,15277.711
Longview-Marshall,2007,8,2007-08-01,267.0,38115000.0,119700.0,1194.0,5.2,2007.5834,2007,2007,8,Wednesday,3,4477.711
Longview-Marshall,2007,9,2007-09-01,160.0,21850000.0,122400.0,1370.0,6.1,2007.6666,2007,2007,9,Saturday,3,7177.711
Longview-Marshall,2007,10,2007-10-01,204.0,26850000.0,120000.0,1320.0,6.0,2007.75,2007,2007,10,Monday,4,4777.711
Longview-Marshall,2007,11,2007-11-01,196.0,26115000.0,125000.0,1306.0,5.9,2007.8334,2007,2007,11,Thursday,4,9777.711
Longview-Marshall,2007,12,2007-12-01,151.0,19850000.0,120600.0,1238.0,5.7,2007.9166,2007,2007,12,Saturday,4,5377.711
Longview-Marshall,2008,1,2008-01-01,145.0,20260000.0,115300.0,1352.0,6.3,2008.0,2008,2008,1,Tuesday,1,77.71094
Longview-Marshall,2008,2,2008-02-01,169.0,21890000.0,114600.0,1325.0,6.2,2008.0834,2008,2008,2,Friday,1,-622.28906
Longview-Marshall,2008,3,2008-03-01,187.0,25675000.0,128300.0,1418.0,6.8,2008.1666,2008,2008,3,Saturday,1,13077.711
Longview-Marshall,2008,4,2008-04-01,196.0,28385000.0,125700.0,1439.0,7.0,2008.25,2008,2008,4,Tuesday,2,10477.711
Longview-Marshall,2008,5,2008-05-01,219.0,30765000.0,126100.0,1517.0,7.6,2008.3334,2008,2008,5,Thursday,2,10877.711
Longview-Marshall,2008,6,2008-06-01,242.0,36420000.0,136000.0,1544.0,7.8,2008.4166,2008,2008,6,Sunday,2,20777.71
Longview-Marshall,2008,7,2008-07-01,226.0,32580000.0,124800.0,1364.0,6.9,2008.5,2008,2008,7,Tuesday,3,9577.711
Longview-Marshall,2008,8,2008-08-01,216.0,30430000.0,123800.0,1491.0,7.7,2008.5834,2008,2008,8,Friday,3,8577.711
Longview-Marshall,2008,9,2008-09-01,217.0,30585000.0,133100.0,1271.0,6.4,2008.6666,2008,2008,9,Monday,3,17877.71
Longview-Marshall,2008,10,2008-10-01,187.0,26220000.0,118800.0,1216.0,6.2,2008.75,2008,2008,10,Wednesday,4,3577.711
Longview-Marshall,2008,11,2008-11-01,134.0,18580000.0,121200.0,1288.0,6.8,2008.8334,2008,2008,11,Saturday,4,5977.711
Longview-Marshall,2008,12,2008-12-01,159.0,22000000.0,115900.0,1236.0,6.5,2008.9166,2008,2008,12,Monday,4,677.71094
Longview-Marshall,2009,1,2009-01-01,91.0,12255000.0,107800.0,1296.0,6.9,2009.0,2009,2009,1,Thursday,1,-7422.289
Longview-Marshall,2009,2,2009-02-01,132.0,18075000.0,118800.0,1327.0,7.2,2009.0834,2009,2009,2,Sunday,1,3577.711
Longview-Marshall,2009,3,2009-03-01,169.0,22700000.0,119400.0,1348.0,7.4,2009.1666,2009,2009,3,Sunday,1,4177.711
Longview-Marshall,2009,4,2009-04-01,133.0,19190000.0,128300.0,1415.0,8.0,2009.25,2009,2009,4,Wednesday,2,13077.711
Longview-Marshall,2009,5,2009-05-01,186.0,27160000.0,132600.0,1461.0,8.4,2009.3334,2009,2009,5,Friday,2,17377.71
Longview-Marshall,2009,6,2009-06-01,196.0,28555000.0,129100.0,1474.0,8.6,2009.4166,2009,2009,6,Monday,2,13877.711
Longview-Marshall,2009,7,2009-07-01,228.0,31915000.0,127000.0,1514.0,8.9,2009.5,2009,2009,7,Wednesday,3,11777.711
Longview-Marshall,2009,8,2009-08-01,174.0,24685000.0,130000.0,1529.0,9.1,2009.5834,2009,2009,8,Saturday,3,14777.711
Longview-Marshall,2009,9,2009-09-01,187.0,26260000.0,127200.0,1479.0,9.0,2009.6666,2009,2009,9,Tuesday,3,11977.711
Longview-Marshall,2009,10,2009-10-01,176.0,22610000.0,121500.0,1452.0,8.9,2009.75,2009,2009,10,Thursday,4,6277.711
Longview-Marshall,2009,11,2009-11-01,202.0,27130000.0,120700.0,1409.0,8.3,2009.8334,2009,2009,11,Sunday,4,5477.711
Longview-Marshall,2009,12,2009-12-01,157.0,19985000.0,116500.0,1361.0,8.0,2009.9166,2009,2009,12,Tuesday,4,1277.7109
Longview-Marshall,2010,1,2010-01-01,111.0,14715000.0,116200.0,1472.0,8.6,2010.0,2010,2010,1,Friday,1,977.71094
Longview-Marshall,2010,2,2010-02-01,116.0,17599147.0,120000.0,1507.0,8.9,2010.0834,2010,2010,2,Monday,1,4777.711
Longview-Marshall,2010,3,2010-03-01,208.0,26017297.0,124200.0,1622.0,9.4,2010.1666,2010,2010,3,Monday,1,8977.711
Longview-Marshall,2010,4,2010-04-01,218.0,22400739.0,120000.0,1636.0,9.1,2010.25,2010,2010,4,Thursday,2,4777.711
Longview-Marshall,2010,5,2010-05-01,221.0,33817350.0,131800.0,1708.0,9.3,2010.3334,2010,2010,5,Saturday,2,16577.71
Longview-Marshall,2010,6,2010-06-01,217.0,32613928.0,132700.0,1707.0,9.2,2010.4166,2010,2010,6,Tuesday,2,17477.71
Longview-Marshall,2010,7,2010-07-01,161.0,24367750.0,139400.0,1672.0,9.3,2010.5,2010,2010,7,Thursday,3,24177.71
Longview-Marshall,2010,8,2010-08-01,213.0,31101732.0,128400.0,1653.0,9.1,2010.5834,2010,2010,8,Sunday,3,13177.711
Longview-Marshall,2010,9,2010-09-01,173.0,23016386.0,128600.0,1648.0,9.1,2010.6666,2010,2010,9,Wednesday,3,13377.711
Longview-Marshall,2010,10,2010-10-01,159.0,23335704.0,127600.0,1577.0,8.8,2010.75,2010,2010,10,Friday,4,12377.711
Longview-Marshall,2010,11,2010-11-01,142.0,19831178.0,122900.0,1577.0,9.0,2010.8334,2010,2010,11,Monday,4,7677.711
Longview-Marshall,2010,12,2010-12-01,140.0,18668950.0,125300.0,1529.0,8.8,2010.9166,2010,2010,12,Wednesday,4,10077.711
Longview-Marshall,2011,1,2011-01-01,108.0,19579215.0,114300.0,1569.0,9.1,2011.0,2011,2011,1,Saturday,1,-922.28906
Longview-Marshall,2011,2,2011-02-01,113.0,15417450.0,124300.0,1621.0,9.4,2011.0834,2011,2011,2,Tuesday,1,9077.711
Longview-Marshall,2011,3,2011-03-01,170.0,25196242.0,140000.0,1663.0,9.8,2011.1666,2011,2011,3,Tuesday,1,24777.71
Longview-Marshall,2011,4,2011-04-01,183.0,27077018.0,129400.0,1724.0,10.3,2011.25,2011,2011,4,Friday,2,14177.711
Longview-Marshall,2011,5,2011-05-01,170.0,27195115.0,129600.0,1775.0,10.9,2011.3334,2011,2011,5,Sunday,2,14377.711
Longview-Marshall,2011,6,2011-06-01,186.0,27010895.0,132700.0,1802.0,11.3,2011.4166,2011,2011,6,Wednesday,2,17477.71
Longview-Marshall,2011,7,2011-07-01,,,,,,2011.5,2011,2011,7,Friday,3,
Longview-Marshall,2011,8,2011-08-01,224.0,30826013.0,126000.0,1648.0,10.3,2011.5834,2011,2011,8,Monday,3,10777.711
Longview-Marshall,2011,9,2011-09-01,197.0,56030424.0,126600.0,1648.0,10.1,2011.6666,2011,2011,9,Thursday,3,11377.711
Longview-Marshall,2011,10,2011-10-01,164.0,24958738.0,143000.0,1640.0,10.0,2011.75,2011,2011,10,Saturday,4,27777.71
Longview-Marshall,2011,11,2011-11-01,129.0,19232592.0,139500.0,1596.0,9.8,2011.8334,2011,2011,11,Tuesday,4,24277.71
Longview-Marshall,2011,12,2011-12-01,160.0,25336012.0,148000.0,1545.0,9.4,2011.9166,2011,2011,12,Thursday,4,32777.71
Longview-Marshall,2012,1,2012-01-01,100.0,13769005.0,124000.0,1555.0,9.5,2012.0,2012,2012,1,Sunday,1,8777.711
Longview-Marshall,2012,2,2012-02-01,137.0,18563510.0,123000.0,1590.0,9.6,2012.0834,2012,2012,2,Wednesday,1,7777.711
Longview-Marshall,2012,3,2012-03-01,186.0,27303859.0,137500.0,1585.0,9.5,2012.1666,2012,2012,3,Thursday,1,22277.71
Longview-Marshall,2012,4,2012-04-01,202.0,31139840.0,143100.0,1627.0,9.6,2012.25,2012,2012,4,Sunday,2,27877.71
Longview-Marshall,2012,5,2012-05-01,189.0,32348879.0,147900.0,1630.0,9.6,2012.3334,2012,2012,5,Tuesday,2,32677.71
Longview-Marshall,2012,6,2012-06-01,222.0,35220040.0,140700.0,1747.0,10.1,2012.4166,2012,2012,6,Friday,2,25477.71
Longview-Marshall,2012,7,2012-07-01,202.0,31827437.0,147400.0,1717.0,9.8,2012.5,2012,2012,7,Sunday,3,32177.71
Longview-Marshall,2012,8,2012-08-01,223.0,30900788.0,128300.0,1718.0,9.8,2012.5834,2012,2012,8,Wednesday,3,13077.711
Longview-Marshall,2012,9,2012-09-01,223.0,23362440.0,128300.0,1743.0,9.8,2012.6666,2012,2012,9,Saturday,3,13077.711
Longview-Marshall,2012,10,2012-10-01,154.0,22657410.0,134100.0,1678.0,9.5,2012.75,2012,2012,10,Monday,4,18877.71
Longview-Marshall,2012,11,2012-11-01,146.0,21930028.0,132500.0,1644.0,9.2,2012.8334,2012,2012,11,Thursday,4,17277.71
Longview-Marshall,2012,12,2012-12-01,134.0,20396687.0,131700.0,1600.0,9.1,2012.9166,2012,2012,12,Saturday,4,16477.71
Longview-Marshall,2013,1,2013-01-01,149.0,20259114.0,114500.0,1620.0,9.0,2013.0,2013,2013,1,Tuesday,1,-722.28906
Longview-Marshall,2013,2,2013-02-01,131.0,19424973.0,135000.0,1615.0,9.0,2013.0834,2013,2013,2,Friday,1,19777.71
Longview-Marshall,2013,3,2013-03-01,203.0,29953982.0,139400.0,1655.0,9.1,2013.1666,2013,2013,3,Friday,1,24177.71
Longview-Marshall,2013,4,2013-04-01,210.0,33968684.0,149200.0,1745.0,9.6,2013.25,2013,2013,4,Monday,2,33977.71
Longview-Marshall,2013,5,2013-05-01,194.0,32118039.0,144100.0,1826.0,10.0,2013.3334,2013,2013,5,Wednesday,2,28877.71
Longview-Marshall,2013,6,2013-06-01,209.0,43348451.0,147100.0,1871.0,10.3,2013.4166,2013,2013,6,Saturday,2,31877.71
Longview-Marshall,2013,7,2013-07-01,213.0,35821193.0,152100.0,1914.0,10.5,2013.5,2013,2013,7,Monday,3,36877.71
Longview-Marshall,2013,8,2013-08-01,221.0,34595468.0,145000.0,1819.0,10.0,2013.5834,2013,2013,8,Thursday,3,29777.71
Longview-Marshall,2013,9,2013-09-01,191.0,28801523.0,141400.0,1794.0,10.0,2013.6666,2013,2013,9,Sunday,3,26177.71
Longview-Marshall,2013,10,2013-10-01,164.0,25526699.0,133300.0,1786.0,9.9,2013.75,2013,2013,10,Tuesday,4,18077.71
Longview-Marshall,2013,11,2013-11-01,138.0,20128761.0,135600.0,1755.0,9.8,2013.8334,2013,2013,11,Friday,4,20377.71
Longview-Marshall,2013,12,2013-12-01,177.0,27567332.0,138200.0,1721.0,9.4,2013.9166,2013,2013,12,Sunday,4,22977.71
Longview-Marshall,2014,1,2014-01-01,125.0,18912060.0,133100.0,1755.0,9.7,2014.0,2014,2014,1,Wednesday,1,17877.71
Longview-Marshall,2014,2,2014-02-01,160.0,25276026.0,138900.0,1771.0,9.6,2014.0834,2014,2014,2,Saturday,1,23677.71
Longview-Marshall,2014,3,2014-03-01,206.0,30903221.0,135000.0,1883.0,10.2,2014.1666,2014,2014,3,Saturday,1,19777.71
Longview-Marshall,2014,4,2014-04-01,168.0,28235345.0,141700.0,1883.0,10.4,2014.25,2014,2014,4,Tuesday,2,26477.71
Longview-Marshall,2014,5,2014-05-01,219.0,36949263.0,151400.0,1931.0,10.6,2014.3334,2014,2014,5,Thursday,2,36177.71
Longview-Marshall,2014,6,2014-06-01,223.0,33493788.0,134200.0,1976.0,10.8,2014.4166,2014,2014,6,Sunday,2,18977.71
Longview-Marshall,2014,7,2014-07-01,231.0,31692129.0,135800.0,1996.0,10.8,2014.5,2014,2014,7,Tuesday,3,20577.71
Longview-Marshall,2014,8,2014-08-01,215.0,33853202.0,138000.0,1973.0,10.7,2014.5834,2014,2014,8,Friday,3,22777.71
Longview-Marshall,2014,9,2014-09-01,199.0,32131582.0,146200.0,1912.0,10.3,2014.6666,2014,2014,9,Monday,3,30977.71
Longview-Marshall,2014,10,2014-10-01,188.0,30594328.0,133000.0,1837.0,9.8,2014.75,2014,2014,10,Wednesday,4,17777.71
Longview-Marshall,2014,11,2014-11-01,167.0,26901273.0,140400.0,1718.0,9.1,2014.8334,2014,2014,11,Saturday,4,25177.71
Longview-Marshall,2014,12,2014-12-01,209.0,34081634.0,149600.0,1694.0,8.8,2014.9166,2014,2014,12,Monday,4,34377.71
Longview-Marshall,2015,1,2015-01-01,134.0,18224348.0,131400.0,1766.0,9.1,2015.0,2015,2015,1,Thursday,1,16177.711
Longview-Marshall,2015,2,2015-02-01,144.0,21730801.0,140000.0,1746.0,9.1,2015.0834,2015,2015,2,Sunday,1,24777.71
Longview-Marshall,2015,3,2015-03-01,216.0,33363322.0,154100.0,1807.0,9.4,2015.1666,2015,2015,3,Sunday,1,38877.71
Longview-Marshall,2015,4,2015-04-01,199.0,31221756.0,133900.0,1861.0,9.5,2015.25,2015,2015,4,Wednesday,2,18677.71
Longview-Marshall,2015,5,2015-05-01,219.0,38018104.0,152100.0,1861.0,9.5,2015.3334,2015,2015,5,Friday,2,36877.71
Longview-Marshall,2015,6,2015-06-01,254.0,43893511.0,149400.0,1889.0,9.5,2015.4166,2015,2015,6,Monday,2,34177.71
Longview-Marshall,2015,7,2015-07-01,291.0,48382117.0,146100.0,1879.0,9.3,2015.5,2015,2015,7,Wednesday,3,30877.71
Lubbock,2000,1,2000-01-01,110.0,11615000.0,86000.0,723.0,3.6,2000.0,2000,2000,1,Saturday,1,-20510.75
Lubbock,2000,2,2000-02-01,182.0,19475000.0,82900.0,767.0,3.8,2000.0834,2000,2000,2,Tuesday,1,-23610.75
Lubbock,2000,3,2000-03-01,213.0,20790000.0,78200.0,764.0,3.8,2000.1666,2000,2000,3,Wednesday,1,-28310.75
Lubbock,2000,4,2000-04-01,213.0,21060000.0,81800.0,761.0,3.8,2000.25,2000,2000,4,Saturday,2,-24710.75
Lubbock,2000,5,2000-05-01,240.0,22550000.0,82100.0,778.0,3.9,2000.3334,2000,2000,5,Monday,2,-24410.75
Lubbock,2000,6,2000-06-01,256.0,27920000.0,84200.0,754.0,3.8,2000.4166,2000,2000,6,Thursday,2,-22310.75
Lubbock,2000,7,2000-07-01,223.0,23900000.0,83400.0,798.0,4.1,2000.5,2000,2000,7,Saturday,3,-23110.75
Lubbock,2000,8,2000-08-01,243.0,24590000.0,82300.0,774.0,4.0,2000.5834,2000,2000,8,Tuesday,3,-24210.75
Lubbock,2000,9,2000-09-01,185.0,19315000.0,81600.0,801.0,4.1,2000.6666,2000,2000,9,Friday,3,-24910.75
Lubbock,2000,10,2000-10-01,148.0,15340000.0,87800.0,787.0,4.0,2000.75,2000,2000,10,Sunday,4,-18710.75
Lubbock,2000,11,2000-11-01,137.0,12295339.0,73600.0,763.0,3.9,2000.8334,2000,2000,11,Wednesday,4,-32910.75
Lubbock,2000,12,2000-12-01,157.0,15420000.0,76600.0,717.0,3.7,2000.9166,2000,2000,12,Friday,4,-29910.75
Lubbock,2001,1,2001-01-01,156.0,14670000.0,81700.0,767.0,3.9,2001.0,2001,2001,1,Monday,1,-24810.75
Lubbock,2001,2,2001-02-01,166.0,16475000.0,77400.0,782.0,4.0,2001.0834,2001,2001,2,Thursday,1,-29110.75
Lubbock,2001,3,2001-03-01,260.0,26265000.0,86200.0,810.0,4.1,2001.1666,2001,2001,3,Thursday,1,-20310.75
Lubbock,2001,4,2001-04-01,200.0,19365000.0,82700.0,822.0,4.2,2001.25,2001,2001,4,Sunday,2,-23810.75
Lubbock,2001,5,2001-05-01,253.0,26790000.0,84300.0,833.0,4.2,2001.3334,2001,2001,5,Tuesday,2,-22210.75
Lubbock,2001,6,2001-06-01,274.0,28600000.0,80600.0,862.0,4.3,2001.4166,2001,2001,6,Friday,2,-25910.75
Lubbock,2001,7,2001-07-01,280.0,30435000.0,86300.0,836.0,4.1,2001.5,2001,2001,7,Sunday,3,-20210.75
Lubbock,2001,8,2001-08-01,260.0,26945000.0,83600.0,860.0,4.2,2001.5834,2001,2001,8,Wednesday,3,-22910.75
Lubbock,2001,9,2001-09-01,188.0,18945000.0,81100.0,850.0,4.1,2001.6666,2001,2001,9,Saturday,3,-25410.75
Lubbock,2001,10,2001-10-01,210.0,21585000.0,88500.0,832.0,3.9,2001.75,2001,2001,10,Monday,4,-18010.75
Lubbock,2001,11,2001-11-01,169.0,18220000.0,86900.0,769.0,3.6,2001.8334,2001,2001,11,Thursday,4,-19610.75
Lubbock,2001,12,2001-12-01,215.0,22300000.0,86500.0,711.0,3.2,2001.9166,2001,2001,12,Saturday,4,-20010.75
Lubbock,2002,1,2002-01-01,154.0,15760000.0,81300.0,753.0,3.4,2002.0,2002,2002,1,Tuesday,1,-25210.75
Lubbock,2002,2,2002-02-01,218.0,21065000.0,80000.0,700.0,3.1,2002.0834,2002,2002,2,Friday,1,-26510.75
Lubbock,2002,3,2002-03-01,238.0,24215000.0,80500.0,681.0,3.1,2002.1666,2002,2002,3,Friday,1,-26010.75
Lubbock,2002,4,2002-04-01,252.0,26790000.0,88500.0,643.0,2.8,2002.25,2002,2002,4,Monday,2,-18010.75
Lubbock,2002,5,2002-05-01,330.0,35645000.0,88400.0,598.0,2.6,2002.3334,2002,2002,5,Wednesday,2,-18110.75
Lubbock,2002,6,2002-06-01,263.0,30800000.0,91600.0,639.0,2.8,2002.4166,2002,2002,6,Saturday,2,-14910.75
Lubbock,2002,7,2002-07-01,271.0,30305000.0,89500.0,655.0,2.8,2002.5,2002,2002,7,Monday,3,-17010.75
Lubbock,2002,8,2002-08-01,297.0,34355000.0,92200.0,687.0,2.9,2002.5834,2002,2002,8,Thursday,3,-14310.75
Lubbock,2002,9,2002-09-01,219.0,25090000.0,92400.0,718.0,3.0,2002.6666,2002,2002,9,Sunday,3,-14110.75
Lubbock,2002,10,2002-10-01,221.0,24685000.0,88900.0,750.0,3.2,2002.75,2002,2002,10,Tuesday,4,-17610.75
Lubbock,2002,11,2002-11-01,186.0,20615000.0,85700.0,753.0,3.2,2002.8334,2002,2002,11,Friday,4,-20810.75
Lubbock,2002,12,2002-12-01,244.0,30370000.0,92100.0,697.0,2.9,2002.9166,2002,2002,12,Sunday,4,-14410.75
Lubbock,2003,1,2003-01-01,172.0,20375000.0,88700.0,727.0,3.0,2003.0,2003,2003,1,Wednesday,1,-17810.75
Lubbock,2003,2,2003-02-01,186.0,20930000.0,87200.0,723.0,3.0,2003.0834,2003,2003,2,Saturday,1,-19310.75
Lubbock,2003,3,2003-03-01,216.0,23980000.0,92600.0,711.0,3.0,2003.1666,2003,2003,3,Saturday,1,-13910.75
Lubbock,2003,4,2003-04-01,291.0,33395000.0,92800.0,733.0,3.0,2003.25,2003,2003,4,Tuesday,2,-13710.75
Lubbock,2003,5,2003-05-01,301.0,34460000.0,88900.0,757.0,3.2,2003.3334,2003,2003,5,Thursday,2,-17610.75
Lubbock,2003,6,2003-06-01,267.0,31450000.0,94500.0,798.0,3.3,2003.4166,2003,2003,6,Sunday,2,-12010.75
Lubbock,2003,7,2003-07-01,301.0,35355000.0,99300.0,853.0,3.5,2003.5,2003,2003,7,Tuesday,3,-7210.75
Lubbock,2003,8,2003-08-01,362.0,42510000.0,98700.0,921.0,3.7,2003.5834,2003,2003,8,Friday,3,-7810.75
Lubbock,2003,9,2003-09-01,247.0,34085000.0,105700.0,990.0,4.0,2003.6666,2003,2003,9,Monday,3,-810.75
Lubbock,2003,10,2003-10-01,241.0,28430000.0,91500.0,1027.0,4.1,2003.75,2003,2003,10,Wednesday,4,-15010.75
Lubbock,2003,11,2003-11-01,193.0,23695000.0,100500.0,1030.0,4.1,2003.8334,2003,2003,11,Saturday,4,-6010.75
Lubbock,2003,12,2003-12-01,238.0,28310000.0,96100.0,966.0,3.8,2003.9166,2003,2003,12,Monday,4,-10410.75
Lubbock,2004,1,2004-01-01,146.0,16215000.0,89200.0,1012.0,4.1,2004.0,2004,2004,1,Thursday,1,-17310.75
Lubbock,2004,2,2004-02-01,170.0,20650000.0,94400.0,1033.0,4.2,2004.0834,2004,2004,2,Sunday,1,-12110.75
Lubbock,2004,3,2004-03-01,229.0,26830000.0,94500.0,1040.0,4.2,2004.1666,2004,2004,3,Monday,1,-12010.75
Lubbock,2004,4,2004-04-01,247.0,28940000.0,92800.0,1054.0,4.3,2004.25,2004,2004,4,Thursday,2,-13710.75
Lubbock,2004,5,2004-05-01,330.0,39250000.0,93900.0,1065.0,4.3,2004.3334,2004,2004,5,Saturday,2,-12610.75
Lubbock,2004,6,2004-06-01,339.0,41645000.0,98800.0,1104.0,4.4,2004.4166,2004,2004,6,Tuesday,2,-7710.75
Lubbock,2004,7,2004-07-01,358.0,42755000.0,100400.0,1162.0,4.5,2004.5,2004,2004,7,Thursday,3,-6110.75
Lubbock,2004,8,2004-08-01,300.0,36730000.0,95800.0,1218.0,4.8,2004.5834,2004,2004,8,Sunday,3,-10710.75
Lubbock,2004,9,2004-09-01,183.0,21140000.0,96600.0,1246.0,5.0,2004.6666,2004,2004,9,Wednesday,3,-9910.75
Lubbock,2004,10,2004-10-01,183.0,25285000.0,101700.0,1259.0,5.2,2004.75,2004,2004,10,Friday,4,-4810.75
Lubbock,2004,11,2004-11-01,191.0,24400000.0,101300.0,1226.0,5.0,2004.8334,2004,2004,11,Monday,4,-5210.75
Lubbock,2004,12,2004-12-01,222.0,27165000.0,100600.0,1176.0,4.9,2004.9166,2004,2004,12,Wednesday,4,-5910.75
Lubbock,2005,1,2005-01-01,154.0,16835000.0,86500.0,1241.0,5.1,2005.0,2005,2005,1,Saturday,1,-20010.75
Lubbock,2005,2,2005-02-01,192.0,22210000.0,95000.0,1255.0,5.1,2005.0834,2005,2005,2,Tuesday,1,-11510.75
Lubbock,2005,3,2005-03-01,260.0,30585000.0,96700.0,1254.0,5.1,2005.1666,2005,2005,3,Tuesday,1,-9810.75
Lubbock,2005,4,2005-04-01,300.0,37660000.0,98600.0,1243.0,5.0,2005.25,2005,2005,4,Friday,2,-7910.75
Lubbock,2005,5,2005-05-01,318.0,38195000.0,99500.0,1308.0,5.2,2005.3334,2005,2005,5,Sunday,2,-7010.75
Lubbock,2005,6,2005-06-01,338.0,42710000.0,105000.0,1309.0,5.2,2005.4166,2005,2005,6,Wednesday,2,-1510.75
Lubbock,2005,7,2005-07-01,371.0,45990000.0,99900.0,1421.0,5.7,2005.5,2005,2005,7,Friday,3,-6610.75
Lubbock,2005,8,2005-08-01,349.0,40000000.0,93300.0,1459.0,5.7,2005.5834,2005,2005,8,Monday,3,-13210.75
Lubbock,2005,9,2005-09-01,261.0,32475000.0,98300.0,1448.0,5.5,2005.6666,2005,2005,9,Thursday,3,-8210.75
Lubbock,2005,10,2005-10-01,262.0,33195000.0,101900.0,1435.0,5.4,2005.75,2005,2005,10,Saturday,4,-4610.75
Lubbock,2005,11,2005-11-01,224.0,30975000.0,112600.0,1392.0,5.1,2005.8334,2005,2005,11,Tuesday,4,6089.25
Lubbock,2005,12,2005-12-01,214.0,25875000.0,98600.0,1441.0,5.3,2005.9166,2005,2005,12,Thursday,4,-7910.75
Lubbock,2006,1,2006-01-01,180.0,20580000.0,85400.0,1360.0,5.0,2006.0,2006,2006,1,Sunday,1,-21110.75
Lubbock,2006,2,2006-02-01,227.0,29760000.0,107000.0,1382.0,5.0,2006.0834,2006,2006,2,Wednesday,1,489.25
Lubbock,2006,3,2006-03-01,277.0,33470000.0,94200.0,1446.0,5.2,2006.1666,2006,2006,3,Wednesday,1,-12310.75
Lubbock,2006,4,2006-04-01,289.0,34610000.0,99000.0,1461.0,5.3,2006.25,2006,2006,4,Saturday,2,-7510.75
Lubbock,2006,5,2006-05-01,335.0,41035000.0,97100.0,1483.0,5.3,2006.3334,2006,2006,5,Monday,2,-9410.75
Lubbock,2006,6,2006-06-01,349.0,42415000.0,100200.0,1504.0,5.4,2006.4166,2006,2006,6,Thursday,2,-6310.75
Lubbock,2006,7,2006-07-01,393.0,51165000.0,108500.0,1548.0,5.5,2006.5,2006,2006,7,Saturday,3,1989.25
Lubbock,2006,8,2006-08-01,341.0,45705000.0,107400.0,1555.0,5.6,2006.5834,2006,2006,8,Tuesday,3,889.25
Lubbock,2006,9,2006-09-01,234.0,30460000.0,101900.0,1624.0,5.9,2006.6666,2006,2006,9,Friday,3,-4610.75
Lubbock,2006,10,2006-10-01,238.0,28600000.0,98500.0,1582.0,5.8,2006.75,2006,2006,10,Sunday,4,-8010.75
Lubbock,2006,11,2006-11-01,244.0,32095000.0,104800.0,1608.0,5.8,2006.8334,2006,2006,11,Wednesday,4,-1710.75
Lubbock,2006,12,2006-12-01,228.0,29760000.0,103800.0,1566.0,5.6,2006.9166,2006,2006,12,Friday,4,-2710.75
Lubbock,2007,1,2007-01-01,193.0,23880000.0,101000.0,1633.0,5.9,2007.0,2007,2007,1,Monday,1,-5510.75
Lubbock,2007,2,2007-02-01,237.0,30730000.0,103600.0,1661.0,5.9,2007.0834,2007,2007,2,Thursday,1,-2910.75
Lubbock,2007,3,2007-03-01,327.0,43695000.0,102400.0,1636.0,5.8,2007.1666,2007,2007,3,Thursday,1,-4110.75
Lubbock,2007,4,2007-04-01,285.0,33760000.0,100300.0,1681.0,5.9,2007.25,2007,2007,4,Sunday,2,-6210.75
Lubbock,2007,5,2007-05-01,380.0,46560000.0,101800.0,1732.0,6.0,2007.3334,2007,2007,5,Tuesday,2,-4710.75
Lubbock,2007,6,2007-06-01,373.0,48930000.0,107200.0,1833.0,6.3,2007.4166,2007,2007,6,Friday,2,689.25
Lubbock,2007,7,2007-07-01,385.0,52710000.0,111900.0,1907.0,6.6,2007.5,2007,2007,7,Sunday,3,5389.25
Lubbock,2007,8,2007-08-01,353.0,46235000.0,104900.0,1894.0,6.5,2007.5834,2007,2007,8,Wednesday,3,-1610.75
Lubbock,2007,9,2007-09-01,214.0,26225000.0,97900.0,1873.0,6.5,2007.6666,2007,2007,9,Saturday,3,-8610.75
Lubbock,2007,10,2007-10-01,252.0,34970000.0,109400.0,1813.0,6.3,2007.75,2007,2007,10,Monday,4,2889.25
Lubbock,2007,11,2007-11-01,258.0,32910000.0,100000.0,1700.0,5.9,2007.8334,2007,2007,11,Thursday,4,-6510.75
Lubbock,2007,12,2007-12-01,228.0,29050000.0,101200.0,1558.0,5.4,2007.9166,2007,2007,12,Saturday,4,-5310.75
Lubbock,2008,1,2008-01-01,170.0,22580000.0,107700.0,1565.0,5.4,2008.0,2008,2008,1,Tuesday,1,1189.25
Lubbock,2008,2,2008-02-01,222.0,28240000.0,101300.0,1534.0,5.3,2008.0834,2008,2008,2,Friday,1,-5210.75
Lubbock,2008,3,2008-03-01,299.0,38500000.0,104100.0,1539.0,5.4,2008.1666,2008,2008,3,Saturday,1,-2410.75
Lubbock,2008,4,2008-04-01,322.0,43295000.0,108400.0,1540.0,5.3,2008.25,2008,2008,4,Tuesday,2,1889.25
Lubbock,2008,5,2008-05-01,378.0,53910000.0,113100.0,1586.0,5.5,2008.3334,2008,2008,5,Thursday,2,6589.25
Lubbock,2008,6,2008-06-01,376.0,49610000.0,107100.0,1621.0,5.6,2008.4166,2008,2008,6,Sunday,2,589.25
Lubbock,2008,7,2008-07-01,345.0,45255000.0,110000.0,1619.0,5.7,2008.5,2008,2008,7,Tuesday,3,3489.25
Lubbock,2008,8,2008-08-01,342.0,48660000.0,116800.0,1544.0,5.4,2008.5834,2008,2008,8,Friday,3,10289.25
Lubbock,2008,9,2008-09-01,247.0,33360000.0,113200.0,1495.0,5.2,2008.6666,2008,2008,9,Monday,3,6689.25
Lubbock,2008,10,2008-10-01,192.0,27895000.0,116400.0,1529.0,5.4,2008.75,2008,2008,10,Wednesday,4,9889.25
Lubbock,2008,11,2008-11-01,151.0,20120000.0,103600.0,1503.0,5.5,2008.8334,2008,2008,11,Saturday,4,-2910.75
Lubbock,2008,12,2008-12-01,201.0,28115000.0,116700.0,1436.0,5.3,2008.9166,2008,2008,12,Monday,4,10189.25
Lubbock,2009,1,2009-01-01,134.0,17705000.0,108200.0,1452.0,5.4,2009.0,2009,2009,1,Thursday,1,1689.25
Lubbock,2009,2,2009-02-01,199.0,25575000.0,112600.0,1510.0,5.7,2009.0834,2009,2009,2,Sunday,1,6089.25
Lubbock,2009,3,2009-03-01,258.0,34270000.0,108600.0,1516.0,5.8,2009.1666,2009,2009,3,Sunday,1,2089.25
Lubbock,2009,4,2009-04-01,289.0,39285000.0,115200.0,1459.0,5.6,2009.25,2009,2009,4,Wednesday,2,8689.25
Lubbock,2009,5,2009-05-01,358.0,45605000.0,111400.0,1402.0,5.4,2009.3334,2009,2009,5,Friday,2,4889.25
Lubbock,2009,6,2009-06-01,385.0,53585000.0,115200.0,1371.0,5.3,2009.4166,2009,2009,6,Monday,2,8689.25
Lubbock,2009,7,2009-07-01,348.0,43620000.0,110300.0,1411.0,5.5,2009.5,2009,2009,7,Wednesday,3,3789.25
Lubbock,2009,8,2009-08-01,289.0,39445000.0,115100.0,1434.0,5.6,2009.5834,2009,2009,8,Saturday,3,8589.25
Lubbock,2009,9,2009-09-01,248.0,31955000.0,111000.0,1391.0,5.5,2009.6666,2009,2009,9,Tuesday,3,4489.25
Lubbock,2009,10,2009-10-01,250.0,34100001.0,114900.0,1355.0,5.2,2009.75,2009,2009,10,Thursday,4,8389.25
Lubbock,2009,11,2009-11-01,257.0,34035905.0,107000.0,1362.0,5.1,2009.8334,2009,2009,11,Sunday,4,489.25
Lubbock,2009,12,2009-12-01,174.0,26220386.0,116200.0,1298.0,4.9,2009.9166,2009,2009,12,Tuesday,4,9689.25
Lubbock,2010,1,2010-01-01,139.0,17914313.0,108100.0,1416.0,5.3,2010.0,2010,2010,1,Friday,1,1589.25
Lubbock,2010,2,2010-02-01,156.0,20722575.0,110700.0,1458.0,5.6,2010.0834,2010,2010,2,Monday,1,4189.25
Lubbock,2010,3,2010-03-01,316.0,42391908.0,109800.0,1535.0,5.7,2010.1666,2010,2010,3,Monday,1,3289.25
Lubbock,2010,4,2010-04-01,321.0,44003147.0,114800.0,1501.0,5.6,2010.25,2010,2010,4,Thursday,2,8289.25
Lubbock,2010,5,2010-05-01,351.0,47968867.0,114900.0,1583.0,5.9,2010.3334,2010,2010,5,Saturday,2,8389.25
Lubbock,2010,6,2010-06-01,323.0,44239700.0,116300.0,1709.0,6.5,2010.4166,2010,2010,6,Tuesday,2,9789.25
Lubbock,2010,7,2010-07-01,225.0,31597764.0,113600.0,1781.0,7.0,2010.5,2010,2010,7,Thursday,3,7089.25
Lubbock,2010,8,2010-08-01,251.0,34297122.0,111700.0,1847.0,7.4,2010.5834,2010,2010,8,Sunday,3,5189.25
Lubbock,2010,9,2010-09-01,189.0,29681315.0,126200.0,1805.0,7.3,2010.6666,2010,2010,9,Wednesday,3,19689.25
Lubbock,2010,10,2010-10-01,185.0,25702976.0,114100.0,1770.0,7.4,2010.75,2010,2010,10,Friday,4,7589.25
Lubbock,2010,11,2010-11-01,169.0,23804225.0,118500.0,1696.0,7.3,2010.8334,2010,2010,11,Monday,4,11989.25
Lubbock,2010,12,2010-12-01,220.0,30982194.0,112900.0,1597.0,6.7,2010.9166,2010,2010,12,Wednesday,4,6389.25
Lubbock,2011,1,2011-01-01,135.0,18354714.0,110000.0,1662.0,7.0,2011.0,2011,2011,1,Saturday,1,3489.25
Lubbock,2011,2,2011-02-01,142.0,20187712.0,102500.0,1618.0,6.9,2011.0834,2011,2011,2,Tuesday,1,-4010.75
Lubbock,2011,3,2011-03-01,210.0,30208084.0,116100.0,1726.0,7.6,2011.1666,2011,2011,3,Tuesday,1,9589.25
Lubbock,2011,4,2011-04-01,233.0,32230242.0,106400.0,1768.0,8.1,2011.25,2011,2011,4,Friday,2,-110.75
Lubbock,2011,5,2011-05-01,279.0,41796627.0,114900.0,1755.0,8.2,2011.3334,2011,2011,5,Sunday,2,8389.25
Lubbock,2011,6,2011-06-01,326.0,47549602.0,120500.0,1776.0,8.3,2011.4166,2011,2011,6,Wednesday,2,13989.25
Lubbock,2011,7,2011-07-01,311.0,45299546.0,119000.0,1762.0,8.0,2011.5,2011,2011,7,Friday,3,12489.25
Lubbock,2011,8,2011-08-01,264.0,43046584.0,125300.0,1765.0,8.0,2011.5834,2011,2011,8,Monday,3,18789.25
Lubbock,2011,9,2011-09-01,263.0,36880176.0,120300.0,1720.0,7.5,2011.6666,2011,2011,9,Thursday,3,13789.25
Lubbock,2011,10,2011-10-01,208.0,29121723.0,114500.0,1726.0,7.5,2011.75,2011,2011,10,Saturday,4,7989.25
Lubbock,2011,11,2011-11-01,178.0,25517273.0,123500.0,1655.0,7.2,2011.8334,2011,2011,11,Tuesday,4,16989.25
Lubbock,2011,12,2011-12-01,224.0,32436160.0,118600.0,1531.0,6.6,2011.9166,2011,2011,12,Thursday,4,12089.25
Lubbock,2012,1,2012-01-01,148.0,19423669.0,112200.0,1588.0,6.8,2012.0,2012,2012,1,Sunday,1,5689.25
Lubbock,2012,2,2012-02-01,201.0,29288490.0,115900.0,1565.0,6.6,2012.0834,2012,2012,2,Wednesday,1,9389.25
Lubbock,2012,3,2012-03-01,268.0,38008497.0,120900.0,1562.0,6.5,2012.1666,2012,2012,3,Thursday,1,14389.25
Lubbock,2012,4,2012-04-01,280.0,39482775.0,113500.0,1621.0,6.6,2012.25,2012,2012,4,Sunday,2,6989.25
Lubbock,2012,5,2012-05-01,353.0,52146396.0,121200.0,1626.0,6.5,2012.3334,2012,2012,5,Tuesday,2,14689.25
Lubbock,2012,6,2012-06-01,365.0,57557518.0,125800.0,1670.0,6.5,2012.4166,2012,2012,6,Friday,2,19289.25
Lubbock,2012,7,2012-07-01,307.0,45342778.0,121800.0,1637.0,6.4,2012.5,2012,2012,7,Sunday,3,15289.25
Lubbock,2012,8,2012-08-01,361.0,53633940.0,119600.0,1662.0,6.3,2012.5834,2012,2012,8,Wednesday,3,13089.25
Lubbock,2012,9,2012-09-01,256.0,38566793.0,122600.0,1590.0,6.1,2012.6666,2012,2012,9,Saturday,3,16089.25
Lubbock,2012,10,2012-10-01,261.0,39607330.0,123900.0,1468.0,5.5,2012.75,2012,2012,10,Monday,4,17389.25
Lubbock,2012,11,2012-11-01,256.0,38797374.0,123300.0,1400.0,5.1,2012.8334,2012,2012,11,Thursday,4,16789.25
Lubbock,2012,12,2012-12-01,275.0,41940836.0,124600.0,1237.0,4.5,2012.9166,2012,2012,12,Saturday,4,18089.25
Lubbock,2013,1,2013-01-01,217.0,32328477.0,119500.0,1231.0,4.3,2013.0,2013,2013,1,Tuesday,1,12989.25
Lubbock,2013,2,2013-02-01,250.0,41288203.0,124200.0,1206.0,4.2,2013.0834,2013,2013,2,Friday,1,17689.25
Lubbock,2013,3,2013-03-01,366.0,53039333.0,124000.0,1113.0,3.8,2013.1666,2013,2013,3,Friday,1,17489.25
Lubbock,2013,4,2013-04-01,354.0,52351004.0,120000.0,1115.0,3.7,2013.25,2013,2013,4,Monday,2,13489.25
Lubbock,2013,5,2013-05-01,427.0,65309195.0,128900.0,1150.0,3.7,2013.3334,2013,2013,5,Wednesday,2,22389.25
Lubbock,2013,6,2013-06-01,407.0,64754014.0,125700.0,1109.0,3.6,2013.4166,2013,2013,6,Saturday,2,19189.25
Lubbock,2013,7,2013-07-01,468.0,72213666.0,128600.0,1193.0,3.7,2013.5,2013,2013,7,Monday,3,22089.25
Lubbock,2013,8,2013-08-01,368.0,59334674.0,130700.0,1224.0,3.8,2013.5834,2013,2013,8,Thursday,3,24189.25
Lubbock,2013,9,2013-09-01,314.0,51199812.0,132300.0,1242.0,3.8,2013.6666,2013,2013,9,Sunday,3,25789.25
Lubbock,2013,10,2013-10-01,287.0,45278594.0,130000.0,1265.0,3.8,2013.75,2013,2013,10,Tuesday,4,23489.25
Lubbock,2013,11,2013-11-01,254.0,37509911.0,125300.0,1240.0,3.7,2013.8334,2013,2013,11,Friday,4,18789.25
Lubbock,2013,12,2013-12-01,,,,,,2013.9166,2013,2013,12,Sunday,4,
Lubbock,2014,1,2014-01-01,221.0,33705478.0,124300.0,774.0,2.3,2014.0,2014,2014,1,Wednesday,1,17789.25
Lubbock,2014,2,2014-02-01,217.0,33139748.0,127600.0,1043.0,3.1,2014.0834,2014,2014,2,Saturday,1,21089.25
Lubbock,2014,3,2014-03-01,260.0,43066279.0,133900.0,1105.0,3.4,2014.1666,2014,2014,3,Saturday,1,27389.25
Lubbock,2014,4,2014-04-01,352.0,57937483.0,133500.0,1014.0,3.1,2014.25,2014,2014,4,Tuesday,2,26989.25
Lubbock,2014,5,2014-05-01,361.0,58397155.0,133400.0,1020.0,3.2,2014.3334,2014,2014,5,Thursday,2,26889.25
Lubbock,2014,6,2014-06-01,436.0,74286810.0,141900.0,1015.0,3.2,2014.4166,2014,2014,6,Sunday,2,35389.25
Lubbock,2014,7,2014-07-01,391.0,65793023.0,137300.0,1120.0,3.6,2014.5,2014,2014,7,Tuesday,3,30789.25
Lubbock,2014,8,2014-08-01,376.0,60154521.0,143300.0,1042.0,3.3,2014.5834,2014,2014,8,Friday,3,36789.25
Lubbock,2014,9,2014-09-01,286.0,47888622.0,140000.0,959.0,3.1,2014.6666,2014,2014,9,Monday,3,33489.25
Lubbock,2014,10,2014-10-01,312.0,50480764.0,136800.0,1096.0,3.5,2014.75,2014,2014,10,Wednesday,4,30289.25
Lubbock,2014,11,2014-11-01,256.0,42076889.0,132000.0,1121.0,3.6,2014.8334,2014,2014,11,Saturday,4,25489.25
Lubbock,2014,12,2014-12-01,281.0,44863266.0,133600.0,1039.0,3.3,2014.9166,2014,2014,12,Monday,4,27089.25
Lubbock,2015,1,2015-01-01,202.0,32389876.0,132400.0,979.0,3.1,2015.0,2015,2015,1,Thursday,1,25889.25
Lubbock,2015,2,2015-02-01,228.0,38055770.0,130600.0,1046.0,3.4,2015.0834,2015,2015,2,Sunday,1,24089.25
Lubbock,2015,3,2015-03-01,372.0,59268168.0,139100.0,1011.0,3.1,2015.1666,2015,2015,3,Sunday,1,32589.25
Lubbock,2015,4,2015-04-01,360.0,59454618.0,137000.0,979.0,3.0,2015.25,2015,2015,4,Wednesday,2,30489.25
Lubbock,2015,5,2015-05-01,422.0,72716209.0,140500.0,1010.0,3.1,2015.3334,2015,2015,5,Friday,2,33989.25
Lubbock,2015,6,2015-06-01,425.0,72529370.0,141400.0,1047.0,3.2,2015.4166,2015,2015,6,Monday,2,34889.25
Lubbock,2015,7,2015-07-01,439.0,73236112.0,141400.0,1160.0,3.5,2015.5,2015,2015,7,Wednesday,3,34889.25
Lufkin,2000,1,2000-01-01,28.0,2280000.0,68000.0,,,2000.0,2000,2000,1,Saturday,1,-35624.6
Lufkin,2000,2,2000-02-01,35.0,3030000.0,75000.0,343.0,7.7,2000.0834,2000,2000,2,Tuesday,1,-28624.602
Lufkin,2000,3,2000-03-01,44.0,3700000.0,75000.0,,,2000.1666,2000,2000,3,Wednesday,1,-28624.602
Lufkin,2000,4,2000-04-01,47.0,4145000.0,67500.0,,,2000.25,2000,2000,4,Saturday,2,-36124.6
Lufkin,2000,5,2000-05-01,44.0,4135000.0,75000.0,352.0,7.9,2000.3334,2000,2000,5,Monday,2,-28624.602
Lufkin,2000,6,2000-06-01,55.0,4695000.0,75000.0,354.0,8.1,2000.4166,2000,2000,6,Thursday,2,-28624.602
Lufkin,2000,7,2000-07-01,36.0,3200000.0,86700.0,362.0,8.6,2000.5,2000,2000,7,Saturday,3,-16924.602
Lufkin,2000,8,2000-08-01,34.0,2815000.0,66700.0,362.0,9.0,2000.5834,2000,2000,8,Tuesday,3,-36924.6
Lufkin,2000,9,2000-09-01,65.0,5420000.0,67900.0,350.0,8.5,2000.6666,2000,2000,9,Friday,3,-35724.6
Lufkin,2000,10,2000-10-01,51.0,4945000.0,86400.0,,,2000.75,2000,2000,10,Sunday,4,-17224.602
Lufkin,2000,11,2000-11-01,34.0,4025000.0,105000.0,341.0,8.0,2000.8334,2000,2000,11,Wednesday,4,1375.3984
Lufkin,2000,12,2000-12-01,33.0,3105000.0,82500.0,349.0,8.3,2000.9166,2000,2000,12,Friday,4,-21124.602
Lufkin,2001,1,2001-01-01,20.0,2175000.0,80000.0,349.0,8.4,2001.0,2001,2001,1,Monday,1,-23624.602
Lufkin,2001,2,2001-02-01,30.0,3405000.0,87500.0,404.0,9.8,2001.0834,2001,2001,2,Thursday,1,-16124.602
Lufkin,2001,3,2001-03-01,50.0,4965000.0,85000.0,397.0,9.5,2001.1666,2001,2001,3,Thursday,1,-18624.602
Lufkin,2001,4,2001-04-01,34.0,3565000.0,86700.0,428.0,10.6,2001.25,2001,2001,4,Sunday,2,-16924.602
Lufkin,2001,5,2001-05-01,59.0,5245000.0,85000.0,448.0,10.7,2001.3334,2001,2001,5,Tuesday,2,-18624.602
Lufkin,2001,6,2001-06-01,63.0,6840000.0,87000.0,429.0,10.1,2001.4166,2001,2001,6,Friday,2,-16624.602
Lufkin,2001,7,2001-07-01,49.0,5645000.0,86400.0,,,2001.5,2001,2001,7,Sunday,3,-17224.602
Lufkin,2001,8,2001-08-01,43.0,3710000.0,75800.0,417.0,9.4,2001.5834,2001,2001,8,Wednesday,3,-27824.602
Lufkin,2001,9,2001-09-01,39.0,4165000.0,81700.0,425.0,10.1,2001.6666,2001,2001,9,Saturday,3,-21924.602
Lufkin,2001,10,2001-10-01,49.0,5355000.0,77500.0,,,2001.75,2001,2001,10,Monday,4,-26124.602
Lufkin,2001,11,2001-11-01,36.0,3135000.0,73300.0,,,2001.8334,2001,2001,11,Thursday,4,-30324.602
Lufkin,2001,12,2001-12-01,46.0,4765000.0,90000.0,,,2001.9166,2001,2001,12,Saturday,4,-13624.602
Lufkin,2002,1,2002-01-01,46.0,4220000.0,74000.0,,,2002.0,2002,2002,1,Tuesday,1,-29624.602
Lufkin,2002,2,2002-02-01,39.0,3315000.0,69200.0,,,2002.0834,2002,2002,2,Friday,1,-34424.6
Lufkin,2002,3,2002-03-01,64.0,6410000.0,77000.0,,,2002.1666,2002,2002,3,Friday,1,-26624.602
Lufkin,2002,4,2002-04-01,51.0,4610000.0,85800.0,,,2002.25,2002,2002,4,Monday,2,-17824.602
Lufkin,2002,5,2002-05-01,67.0,6660000.0,83000.0,,,2002.3334,2002,2002,5,Wednesday,2,-20624.602
Lufkin,2002,6,2002-06-01,57.0,5840000.0,86900.0,,,2002.4166,2002,2002,6,Saturday,2,-16724.602
Lufkin,2002,7,2002-07-01,71.0,7085000.0,81200.0,370.0,7.3,2002.5,2002,2002,7,Monday,3,-22424.602
Lufkin,2002,8,2002-08-01,69.0,7135000.0,79600.0,,,2002.5834,2002,2002,8,Thursday,3,-24024.602
Lufkin,2002,9,2002-09-01,47.0,4600000.0,81200.0,,,2002.6666,2002,2002,9,Sunday,3,-22424.602
Lufkin,2002,10,2002-10-01,65.0,5695000.0,75000.0,,,2002.75,2002,2002,10,Tuesday,4,-28624.602
Lufkin,2002,11,2002-11-01,50.0,5525000.0,85000.0,,,2002.8334,2002,2002,11,Friday,4,-18624.602
Lufkin,2002,12,2002-12-01,70.0,6620000.0,81200.0,,,2002.9166,2002,2002,12,Sunday,4,-22424.602
Lufkin,2003,1,2003-01-01,45.0,4700000.0,75600.0,,,2003.0,2003,2003,1,Wednesday,1,-28024.602
Lufkin,2003,2,2003-02-01,36.0,3695000.0,80000.0,,,2003.0834,2003,2003,2,Saturday,1,-23624.602
Lufkin,2003,3,2003-03-01,46.0,3885000.0,75000.0,671.0,11.9,2003.1666,2003,2003,3,Saturday,1,-28624.602
Lufkin,2003,4,2003-04-01,74.0,7040000.0,75600.0,,,2003.25,2003,2003,4,Tuesday,2,-28024.602
Lufkin,2003,5,2003-05-01,61.0,6325000.0,81000.0,,,2003.3334,2003,2003,5,Thursday,2,-22624.602
Lufkin,2003,6,2003-06-01,50.0,5320000.0,80000.0,,,2003.4166,2003,2003,6,Sunday,2,-23624.602
Lufkin,2003,7,2003-07-01,60.0,5655000.0,85000.0,711.0,12.7,2003.5,2003,2003,7,Tuesday,3,-18624.602
Lufkin,2003,8,2003-08-01,61.0,5795000.0,79200.0,,,2003.5834,2003,2003,8,Friday,3,-24424.602
Lufkin,2003,9,2003-09-01,45.0,4020000.0,81000.0,,,2003.6666,2003,2003,9,Monday,3,-22624.602
Lufkin,2003,10,2003-10-01,74.0,7785000.0,90000.0,,,2003.75,2003,2003,10,Wednesday,4,-13624.602
Lufkin,2003,11,2003-11-01,48.0,4530000.0,80000.0,,,2003.8334,2003,2003,11,Saturday,4,-23624.602
Lufkin,2003,12,2003-12-01,49.0,4500000.0,81000.0,780.0,14.4,2003.9166,2003,2003,12,Monday,4,-22624.602
Lufkin,2004,1,2004-01-01,39.0,3775000.0,81700.0,764.0,14.3,2004.0,2004,2004,1,Thursday,1,-21924.602
Lufkin,2004,2,2004-02-01,52.0,4995000.0,86700.0,795.0,14.5,2004.0834,2004,2004,2,Sunday,1,-16924.602
Lufkin,2004,3,2004-03-01,60.0,6210000.0,91200.0,786.0,14.0,2004.1666,2004,2004,3,Monday,1,-12424.602
Lufkin,2004,4,2004-04-01,64.0,7565000.0,93300.0,,,2004.25,2004,2004,4,Thursday,2,-10324.602
Lufkin,2004,5,2004-05-01,72.0,8050000.0,94000.0,,,2004.3334,2004,2004,5,Saturday,2,-9624.602
Lufkin,2004,6,2004-06-01,45.0,6115000.0,113800.0,,,2004.4166,2004,2004,6,Tuesday,2,10175.398
Lufkin,2004,7,2004-07-01,57.0,5735000.0,78300.0,828.0,14.9,2004.5,2004,2004,7,Thursday,3,-25324.602
Lufkin,2004,8,2004-08-01,81.0,7775000.0,76400.0,,,2004.5834,2004,2004,8,Sunday,3,-27224.602
Lufkin,2004,9,2004-09-01,59.0,7040000.0,96400.0,,,2004.6666,2004,2004,9,Wednesday,3,-7224.6016
Lufkin,2004,10,2004-10-01,56.0,5400000.0,88900.0,,,2004.75,2004,2004,10,Friday,4,-14724.602
Lufkin,2004,11,2004-11-01,76.0,7635000.0,86000.0,,,2004.8334,2004,2004,11,Monday,4,-17624.602
Lufkin,2004,12,2004-12-01,62.0,5900000.0,80000.0,,,2004.9166,2004,2004,12,Wednesday,4,-23624.602
Lufkin,2005,1,2005-01-01,40.0,5450000.0,106700.0,720.0,11.9,2005.0,2005,2005,1,Saturday,1,3075.3984
Lufkin,2005,2,2005-02-01,44.0,5065000.0,87000.0,,,2005.0834,2005,2005,2,Tuesday,1,-16624.602
Lufkin,2005,3,2005-03-01,72.0,7770000.0,80000.0,,,2005.1666,2005,2005,3,Tuesday,1,-23624.602
Lufkin,2005,4,2005-04-01,63.0,5995000.0,90800.0,,,2005.25,2005,2005,4,Friday,2,-12824.602
Lufkin,2005,5,2005-05-01,84.0,8515000.0,90000.0,,,2005.3334,2005,2005,5,Sunday,2,-13624.602
Lufkin,2005,6,2005-06-01,85.0,11790000.0,107100.0,,,2005.4166,2005,2005,6,Wednesday,2,3475.3984
Lufkin,2005,7,2005-07-01,80.0,8560000.0,95800.0,,,2005.5,2005,2005,7,Friday,3,-7824.6016
Lufkin,2005,8,2005-08-01,90.0,10565000.0,102200.0,,,2005.5834,2005,2005,8,Monday,3,-1424.6016
Lufkin,2005,9,2005-09-01,62.0,7290000.0,100000.0,,,2005.6666,2005,2005,9,Thursday,3,-3624.6016
Lufkin,2005,10,2005-10-01,67.0,7225000.0,87000.0,,,2005.75,2005,2005,10,Saturday,4,-16624.602
Lufkin,2005,11,2005-11-01,47.0,6150000.0,83800.0,,,2005.8334,2005,2005,11,Tuesday,4,-19824.602
Lufkin,2005,12,2005-12-01,63.0,8010000.0,88300.0,,,2005.9166,2005,2005,12,Thursday,4,-15324.602
Lufkin,2006,1,2006-01-01,54.0,5220000.0,93300.0,,,2006.0,2006,2006,1,Sunday,1,-10324.602
Lufkin,2006,2,2006-02-01,58.0,7570000.0,90000.0,,,2006.0834,2006,2006,2,Wednesday,1,-13624.602
Lufkin,2006,3,2006-03-01,82.0,7335000.0,65000.0,,,2006.1666,2006,2006,3,Wednesday,1,-38624.6
Lufkin,2006,4,2006-04-01,66.0,8555000.0,108600.0,,,2006.25,2006,2006,4,Saturday,2,4975.3984
Lufkin,2006,5,2006-05-01,87.0,10840000.0,102000.0,,,2006.3334,2006,2006,5,Monday,2,-1624.6016
Lufkin,2006,6,2006-06-01,75.0,10180000.0,123800.0,,,2006.4166,2006,2006,6,Thursday,2,20175.398
Lufkin,2006,7,2006-07-01,72.0,9490000.0,115000.0,,,2006.5,2006,2006,7,Saturday,3,11375.398
Lufkin,2006,8,2006-08-01,101.0,13865000.0,123300.0,,,2006.5834,2006,2006,8,Tuesday,3,19675.398
Lufkin,2006,9,2006-09-01,61.0,7765000.0,101700.0,,,2006.6666,2006,2006,9,Friday,3,-1924.6016
Lufkin,2006,10,2006-10-01,78.0,9030000.0,77800.0,,,2006.75,2006,2006,10,Sunday,4,-25824.602
Lufkin,2006,11,2006-11-01,49.0,5720000.0,89200.0,,,2006.8334,2006,2006,11,Wednesday,4,-14424.602
Lufkin,2006,12,2006-12-01,51.0,7790000.0,115000.0,,,2006.9166,2006,2006,12,Friday,4,11375.398
Lufkin,2007,1,2007-01-01,59.0,7445000.0,121100.0,,,2007.0,2007,2007,1,Monday,1,17475.398
Lufkin,2007,2,2007-02-01,47.0,5670000.0,102500.0,,,2007.0834,2007,2007,2,Thursday,1,-1124.6016
Lufkin,2007,3,2007-03-01,54.0,5650000.0,92500.0,,,2007.1666,2007,2007,3,Thursday,1,-11124.602
Lufkin,2007,4,2007-04-01,65.0,7500000.0,105000.0,,,2007.25,2007,2007,4,Sunday,2,1375.3984
Lufkin,2007,5,2007-05-01,76.0,8975000.0,120000.0,,,2007.3334,2007,2007,5,Tuesday,2,16375.398
Lufkin,2007,6,2007-06-01,86.0,10335000.0,95700.0,,,2007.4166,2007,2007,6,Friday,2,-7924.6016
Lufkin,2007,7,2007-07-01,71.0,9635000.0,87900.0,,,2007.5,2007,2007,7,Sunday,3,-15724.602
Lufkin,2007,8,2007-08-01,68.0,8735000.0,102900.0,,,2007.5834,2007,2007,8,Wednesday,3,-724.60156
Lufkin,2007,9,2007-09-01,54.0,7685000.0,116000.0,,,2007.6666,2007,2007,9,Saturday,3,12375.398
Lufkin,2007,10,2007-10-01,73.0,9015000.0,98800.0,,,2007.75,2007,2007,10,Monday,4,-4824.6016
Lufkin,2007,11,2007-11-01,63.0,7720000.0,108800.0,,,2007.8334,2007,2007,11,Thursday,4,5175.3984
Lufkin,2007,12,2007-12-01,38.0,3945000.0,82500.0,,,2007.9166,2007,2007,12,Saturday,4,-21124.602
Lufkin,2008,1,2008-01-01,54.0,6585000.0,103300.0,,,2008.0,2008,2008,1,Tuesday,1,-324.60156
Lufkin,2008,2,2008-02-01,58.0,8305000.0,100000.0,,,2008.0834,2008,2008,2,Friday,1,-3624.6016
Lufkin,2008,3,2008-03-01,51.0,5575000.0,87000.0,,,2008.1666,2008,2008,3,Saturday,1,-16624.602
Lufkin,2008,4,2008-04-01,52.0,6885000.0,120000.0,,,2008.25,2008,2008,4,Tuesday,2,16375.398
Lufkin,2008,5,2008-05-01,82.0,10905000.0,100000.0,,,2008.3334,2008,2008,5,Thursday,2,-3624.6016
Lufkin,2008,6,2008-06-01,70.0,8965000.0,120000.0,,,2008.4166,2008,2008,6,Sunday,2,16375.398
Lufkin,2008,7,2008-07-01,48.0,6095000.0,116000.0,,,2008.5,2008,2008,7,Tuesday,3,12375.398
Lufkin,2008,8,2008-08-01,60.0,8180000.0,114300.0,,,2008.5834,2008,2008,8,Friday,3,10675.398
Lufkin,2008,9,2008-09-01,37.0,4530000.0,112500.0,,,2008.6666,2008,2008,9,Monday,3,8875.398
Lufkin,2008,10,2008-10-01,44.0,5140000.0,96000.0,,,2008.75,2008,2008,10,Wednesday,4,-7624.6016
Lufkin,2008,11,2008-11-01,21.0,2795000.0,127500.0,,,2008.8334,2008,2008,11,Saturday,4,23875.398
Lufkin,2008,12,2008-12-01,51.0,6920000.0,115000.0,,,2008.9166,2008,2008,12,Monday,4,11375.398
Lufkin,2009,1,2009-01-01,28.0,3220000.0,100000.0,,,2009.0,2009,2009,1,Thursday,1,-3624.6016
Lufkin,2009,2,2009-02-01,34.0,4980000.0,116700.0,,,2009.0834,2009,2009,2,Sunday,1,13075.398
Lufkin,2009,3,2009-03-01,55.0,7605000.0,117500.0,,,2009.1666,2009,2009,3,Sunday,1,13875.398
Lufkin,2009,4,2009-04-01,44.0,6350000.0,136000.0,,,2009.25,2009,2009,4,Wednesday,2,32375.398
Lufkin,2009,5,2009-05-01,62.0,8135000.0,117100.0,,,2009.3334,2009,2009,5,Friday,2,13475.398
Lufkin,2009,6,2009-06-01,55.0,6300000.0,110000.0,,,2009.4166,2009,2009,6,Monday,2,6375.3984
Lufkin,2009,7,2009-07-01,54.0,7485000.0,130000.0,,,2009.5,2009,2009,7,Wednesday,3,26375.398
Lufkin,2009,8,2009-08-01,48.0,6255000.0,95000.0,,,2009.5834,2009,2009,8,Saturday,3,-8624.602
Lufkin,2009,9,2009-09-01,46.0,5520000.0,120000.0,,,2009.6666,2009,2009,9,Tuesday,3,16375.398
Lufkin,2009,10,2009-10-01,50.0,7141295.0,104000.0,,,2009.75,2009,2009,10,Thursday,4,375.39844
Lufkin,2009,11,2009-11-01,43.0,7351935.0,113800.0,,,2009.8334,2009,2009,11,Sunday,4,10175.398
Lufkin,2009,12,2009-12-01,46.0,6120100.0,120000.0,,,2009.9166,2009,2009,12,Tuesday,4,16375.398
Lufkin,2010,1,2010-01-01,30.0,3523700.0,92000.0,,,2010.0,2010,2010,1,Friday,1,-11624.602
Lufkin,2010,2,2010-02-01,27.0,3392700.0,103300.0,,,2010.0834,2010,2010,2,Monday,1,-324.60156
Lufkin,2010,3,2010-03-01,54.0,8384750.0,130000.0,,,2010.1666,2010,2010,3,Monday,1,26375.398
Lufkin,2010,4,2010-04-01,49.0,5980400.0,107800.0,,,2010.25,2010,2010,4,Thursday,2,4175.3984
Lufkin,2010,5,2010-05-01,53.0,7028800.0,121000.0,387.0,8.4,2010.3334,2010,2010,5,Saturday,2,17375.398
Lufkin,2010,6,2010-06-01,56.0,7630850.0,120000.0,398.0,8.6,2010.4166,2010,2010,6,Tuesday,2,16375.398
Lufkin,2010,7,2010-07-01,42.0,6904075.0,140000.0,421.0,9.3,2010.5,2010,2010,7,Thursday,3,36375.4
Lufkin,2010,8,2010-08-01,42.0,6218630.0,126700.0,420.0,9.4,2010.5834,2010,2010,8,Sunday,3,23075.398
Lufkin,2010,9,2010-09-01,36.0,4700950.0,124000.0,409.0,9.3,2010.6666,2010,2010,9,Wednesday,3,20375.398
Lufkin,2010,10,2010-10-01,37.0,4387325.0,105000.0,387.0,9.0,2010.75,2010,2010,10,Friday,4,1375.3984
Lufkin,2010,11,2010-11-01,41.0,7184710.0,143300.0,395.0,9.2,2010.8334,2010,2010,11,Monday,4,39675.4
Lufkin,2010,12,2010-12-01,43.0,4734140.0,82500.0,384.0,9.0,2010.9166,2010,2010,12,Wednesday,4,-21124.602
Lufkin,2011,1,2011-01-01,25.0,2652350.0,83800.0,396.0,9.4,2011.0,2011,2011,1,Saturday,1,-19824.602
Lufkin,2011,2,2011-02-01,29.0,3459500.0,110000.0,392.0,9.3,2011.0834,2011,2011,2,Tuesday,1,6375.3984
Lufkin,2011,3,2011-03-01,43.0,5656700.0,125000.0,392.0,9.5,2011.1666,2011,2011,3,Tuesday,1,21375.398
Lufkin,2011,4,2011-04-01,39.0,5505840.0,123300.0,417.0,10.3,2011.25,2011,2011,4,Friday,2,19675.398
Lufkin,2011,5,2011-05-01,53.0,6136791.0,102000.0,420.0,10.4,2011.3334,2011,2011,5,Sunday,2,-1624.6016
Lufkin,2011,6,2011-06-01,59.0,7256255.0,97500.0,428.0,10.5,2011.4166,2011,2011,6,Wednesday,2,-6124.6016
Lufkin,2011,7,2011-07-01,46.0,6467772.0,120000.0,413.0,10.1,2011.5,2011,2011,7,Friday,3,16375.398
Lufkin,2011,8,2011-08-01,59.0,7586567.0,110000.0,399.0,9.4,2011.5834,2011,2011,8,Monday,3,6375.3984
Lufkin,2011,9,2011-09-01,60.0,7603400.0,108900.0,409.0,9.2,2011.6666,2011,2011,9,Thursday,3,5275.3984
Lufkin,2011,10,2011-10-01,37.0,4628850.0,91700.0,400.0,9.0,2011.75,2011,2011,10,Saturday,4,-11924.602
Lufkin,2011,11,2011-11-01,27.0,3381900.0,89000.0,399.0,9.2,2011.8334,2011,2011,11,Tuesday,4,-14624.602
Lufkin,2011,12,2011-12-01,29.0,3667400.0,112500.0,374.0,8.9,2011.9166,2011,2011,12,Thursday,4,8875.398
Lufkin,2012,1,2012-01-01,30.0,4078800.0,124000.0,386.0,9.1,2012.0,2012,2012,1,Sunday,1,20375.398
Lufkin,2012,2,2012-02-01,32.0,4138205.0,100000.0,415.0,9.7,2012.0834,2012,2012,2,Wednesday,1,-3624.6016
Lufkin,2012,3,2012-03-01,54.0,7664455.0,106700.0,415.0,9.5,2012.1666,2012,2012,3,Thursday,1,3075.3984
Lufkin,2012,4,2012-04-01,43.0,5723176.0,118300.0,418.0,9.5,2012.25,2012,2012,4,Sunday,2,14675.398
Lufkin,2012,5,2012-05-01,51.0,7421650.0,136200.0,418.0,9.5,2012.3334,2012,2012,5,Tuesday,2,32575.398
Lufkin,2012,6,2012-06-01,58.0,8227930.0,120000.0,434.0,9.9,2012.4166,2012,2012,6,Friday,2,16375.398
Lufkin,2012,7,2012-07-01,47.0,5726800.0,123000.0,448.0,10.2,2012.5,2012,2012,7,Sunday,3,19375.398
Lufkin,2012,8,2012-08-01,55.0,8309429.0,148300.0,442.0,10.1,2012.5834,2012,2012,8,Wednesday,3,44675.4
Lufkin,2012,9,2012-09-01,57.0,7531450.0,127500.0,449.0,10.4,2012.6666,2012,2012,9,Saturday,3,23875.398
Lufkin,2012,10,2012-10-01,36.0,4955499.0,124000.0,417.0,9.6,2012.75,2012,2012,10,Monday,4,20375.398
Lufkin,2012,11,2012-11-01,33.0,4479779.0,136700.0,414.0,9.5,2012.8334,2012,2012,11,Thursday,4,33075.4
Lufkin,2012,12,2012-12-01,43.0,5723090.0,125000.0,407.0,9.1,2012.9166,2012,2012,12,Saturday,4,21375.398
Lufkin,2013,1,2013-01-01,35.0,4758595.0,111700.0,401.0,8.8,2013.0,2013,2013,1,Tuesday,1,8075.3984
Lufkin,2013,2,2013-02-01,35.0,4386900.0,110000.0,417.0,9.1,2013.0834,2013,2013,2,Friday,1,6375.3984
Lufkin,2013,3,2013-03-01,45.0,7100065.0,145000.0,416.0,9.3,2013.1666,2013,2013,3,Friday,1,41375.4
Lufkin,2013,4,2013-04-01,73.0,11580743.0,141200.0,404.0,8.5,2013.25,2013,2013,4,Monday,2,37575.4
Lufkin,2013,5,2013-05-01,58.0,8684877.0,120000.0,416.0,8.7,2013.3334,2013,2013,5,Wednesday,2,16375.398
Lufkin,2013,6,2013-06-01,51.0,6034085.0,113800.0,439.0,9.3,2013.4166,2013,2013,6,Saturday,2,10175.398
Lufkin,2013,7,2013-07-01,58.0,9586284.0,140000.0,435.0,9.0,2013.5,2013,2013,7,Monday,3,36375.4
Lufkin,2013,8,2013-08-01,45.0,6524199.0,118000.0,453.0,9.6,2013.5834,2013,2013,8,Thursday,3,14375.398
Lufkin,2013,9,2013-09-01,47.0,5829950.0,110000.0,439.0,9.4,2013.6666,2013,2013,9,Sunday,3,6375.3984
Lufkin,2013,10,2013-10-01,42.0,6279000.0,133300.0,450.0,9.6,2013.75,2013,2013,10,Tuesday,4,29675.398
Lufkin,2013,11,2013-11-01,37.0,4940075.0,116700.0,443.0,9.3,2013.8334,2013,2013,11,Friday,4,13075.398
Lufkin,2013,12,2013-12-01,52.0,8747800.0,126700.0,413.0,8.6,2013.9166,2013,2013,12,Sunday,4,23075.398
Lufkin,2014,1,2014-01-01,36.0,4650062.0,120000.0,422.0,8.7,2014.0,2014,2014,1,Wednesday,1,16375.398
Lufkin,2014,2,2014-02-01,34.0,4293900.0,90000.0,441.0,9.2,2014.0834,2014,2014,2,Saturday,1,-13624.602
Lufkin,2014,3,2014-03-01,48.0,7083550.0,126700.0,453.0,9.4,2014.1666,2014,2014,3,Saturday,1,23075.398
Lufkin,2014,4,2014-04-01,62.0,9628726.0,130000.0,99.0,2.1,2014.25,2014,2014,4,Tuesday,2,26375.398
Lufkin,2014,5,2014-05-01,57.0,7450710.0,118000.0,491.0,10.4,2014.3334,2014,2014,5,Thursday,2,14375.398
Lufkin,2014,6,2014-06-01,64.0,10458222.0,152500.0,491.0,10.1,2014.4166,2014,2014,6,Sunday,2,48875.4
Lufkin,2014,7,2014-07-01,55.0,8853774.0,135700.0,489.0,10.1,2014.5,2014,2014,7,Tuesday,3,32075.398
Lufkin,2014,8,2014-08-01,55.0,8897550.0,150000.0,489.0,10.0,2014.5834,2014,2014,8,Friday,3,46375.4
Lufkin,2014,9,2014-09-01,64.0,8832160.0,134500.0,483.0,9.6,2014.6666,2014,2014,9,Monday,3,30875.398
Lufkin,2014,10,2014-10-01,60.0,9318700.0,145700.0,454.0,8.7,2014.75,2014,2014,10,Wednesday,4,42075.4
Lufkin,2014,11,2014-11-01,51.0,7142800.0,125000.0,453.0,8.5,2014.8334,2014,2014,11,Saturday,4,21375.398
Lufkin,2014,12,2014-12-01,51.0,9810300.0,161400.0,410.0,7.7,2014.9166,2014,2014,12,Monday,4,57775.4
Lufkin,2015,1,2015-01-01,37.0,6865950.0,134000.0,404.0,7.6,2015.0,2015,2015,1,Thursday,1,30375.398
Lufkin,2015,2,2015-02-01,43.0,5157977.0,110000.0,387.0,7.2,2015.0834,2015,2015,2,Sunday,1,6375.3984
Lufkin,2015,3,2015-03-01,52.0,8001585.0,134300.0,400.0,7.4,2015.1666,2015,2015,3,Sunday,1,30675.398
Lufkin,2015,4,2015-04-01,61.0,10364386.0,155000.0,413.0,7.6,2015.25,2015,2015,4,Wednesday,2,51375.4
Lufkin,2015,5,2015-05-01,50.0,7211936.0,140000.0,408.0,7.6,2015.3334,2015,2015,5,Friday,2,36375.4
Lufkin,2015,6,2015-06-01,70.0,12051050.0,160000.0,408.0,7.5,2015.4166,2015,2015,6,Monday,2,56375.4
Lufkin,2015,7,2015-07-01,75.0,13514366.0,145000.0,407.0,7.3,2015.5,2015,2015,7,Wednesday,3,41375.4
Mcallen,2000,1,2000-01-01,67.0,5590000.0,69400.0,1303.0,14.1,2000.0,2000,2000,1,Saturday,1,-31774.594
Mcallen,2000,2,2000-02-01,100.0,8925000.0,73200.0,1295.0,13.7,2000.0834,2000,2000,2,Tuesday,1,-27974.594
Mcallen,2000,3,2000-03-01,,,,,,2000.1666,2000,2000,3,Wednesday,1,
Mcallen,2000,4,2000-04-01,64.0,6860000.0,80000.0,1267.0,14.0,2000.25,2000,2000,4,Saturday,2,-21174.594
Mcallen,2000,5,2000-05-01,129.0,12335000.0,78100.0,1288.0,13.6,2000.3334,2000,2000,5,Monday,2,-23074.594
Mcallen,2000,6,2000-06-01,120.0,12570000.0,82000.0,186.0,1.9,2000.4166,2000,2000,6,Thursday,2,-19174.594
Mcallen,2000,7,2000-07-01,103.0,10660000.0,85800.0,1333.0,13.9,2000.5,2000,2000,7,Saturday,3,-15374.594
Mcallen,2000,8,2000-08-01,120.0,10855000.0,77700.0,542.0,5.5,2000.5834,2000,2000,8,Tuesday,3,-23474.594
Mcallen,2000,9,2000-09-01,102.0,10710000.0,85000.0,528.0,5.4,2000.6666,2000,2000,9,Friday,3,-16174.594
Mcallen,2000,10,2000-10-01,106.0,10900000.0,84400.0,2413.0,24.4,2000.75,2000,2000,10,Sunday,4,-16774.594
Mcallen,2000,11,2000-11-01,92.0,9520000.0,84600.0,2437.0,24.6,2000.8334,2000,2000,11,Wednesday,4,-16574.594
Mcallen,2000,12,2000-12-01,,,,,,2000.9166,2000,2000,12,Friday,4,
Mcallen,2001,1,2001-01-01,86.0,8265000.0,78000.0,,,2001.0,2001,2001,1,Monday,1,-23174.594
Mcallen,2001,2,2001-02-01,107.0,11070000.0,72800.0,,,2001.0834,2001,2001,2,Thursday,1,-28374.594
Mcallen,2001,3,2001-03-01,122.0,11665000.0,82600.0,,,2001.1666,2001,2001,3,Thursday,1,-18574.594
Mcallen,2001,4,2001-04-01,132.0,12315000.0,83000.0,,,2001.25,2001,2001,4,Sunday,2,-18174.594
Mcallen,2001,5,2001-05-01,122.0,13070000.0,89200.0,,,2001.3334,2001,2001,5,Tuesday,2,-11974.594
Mcallen,2001,6,2001-06-01,132.0,15020000.0,90000.0,,,2001.4166,2001,2001,6,Friday,2,-11174.594
Mcallen,2001,7,2001-07-01,149.0,15615000.0,88900.0,,,2001.5,2001,2001,7,Sunday,3,-12274.594
Mcallen,2001,8,2001-08-01,153.0,15835000.0,89300.0,,,2001.5834,2001,2001,8,Wednesday,3,-11874.594
Mcallen,2001,9,2001-09-01,118.0,14430000.0,88600.0,,,2001.6666,2001,2001,9,Saturday,3,-12574.594
Mcallen,2001,10,2001-10-01,126.0,12700000.0,82800.0,,,2001.75,2001,2001,10,Monday,4,-18374.594
Mcallen,2001,11,2001-11-01,144.0,13620000.0,82500.0,,,2001.8334,2001,2001,11,Thursday,4,-18674.594
Mcallen,2001,12,2001-12-01,121.0,10725000.0,74600.0,,,2001.9166,2001,2001,12,Saturday,4,-26574.594
Mcallen,2002,1,2002-01-01,105.0,10940000.0,84600.0,,,2002.0,2002,2002,1,Tuesday,1,-16574.594
Mcallen,2002,2,2002-02-01,118.0,10990000.0,85000.0,,,2002.0834,2002,2002,2,Friday,1,-16174.594
Mcallen,2002,3,2002-03-01,117.0,12755000.0,89000.0,,,2002.1666,2002,2002,3,Friday,1,-12174.594
Mcallen,2002,4,2002-04-01,124.0,14285000.0,88000.0,,,2002.25,2002,2002,4,Monday,2,-13174.594
Mcallen,2002,5,2002-05-01,139.0,14760000.0,87800.0,,,2002.3334,2002,2002,5,Wednesday,2,-13374.594
Mcallen,2002,6,2002-06-01,160.0,18520000.0,88100.0,,,2002.4166,2002,2002,6,Saturday,2,-13074.594
Mcallen,2002,7,2002-07-01,119.0,13635000.0,92500.0,,,2002.5,2002,2002,7,Monday,3,-8674.594
Mcallen,2002,8,2002-08-01,185.0,19720000.0,89300.0,1263.0,9.6,2002.5834,2002,2002,8,Thursday,3,-11874.594
Mcallen,2002,9,2002-09-01,126.0,13370000.0,87900.0,1300.0,9.8,2002.6666,2002,2002,9,Sunday,3,-13274.594
Mcallen,2002,10,2002-10-01,138.0,16070000.0,88500.0,,,2002.75,2002,2002,10,Tuesday,4,-12674.594
Mcallen,2002,11,2002-11-01,129.0,13280000.0,81700.0,,,2002.8334,2002,2002,11,Friday,4,-19474.594
Mcallen,2002,12,2002-12-01,155.0,16195000.0,90000.0,1267.0,9.4,2002.9166,2002,2002,12,Sunday,4,-11174.594
Mcallen,2003,1,2003-01-01,113.0,11965000.0,86800.0,1354.0,10.0,2003.0,2003,2003,1,Wednesday,1,-14374.594
Mcallen,2003,2,2003-02-01,111.0,10855000.0,88100.0,,,2003.0834,2003,2003,2,Saturday,1,-13074.594
Mcallen,2003,3,2003-03-01,132.0,13210000.0,85000.0,,,2003.1666,2003,2003,3,Saturday,1,-16174.594
Mcallen,2003,4,2003-04-01,138.0,14650000.0,86800.0,1326.0,9.7,2003.25,2003,2003,4,Tuesday,2,-14374.594
Mcallen,2003,5,2003-05-01,152.0,15890000.0,88000.0,,,2003.3334,2003,2003,5,Thursday,2,-13174.594
Mcallen,2003,6,2003-06-01,177.0,19460000.0,95800.0,,,2003.4166,2003,2003,6,Sunday,2,-5374.5938
Mcallen,2003,7,2003-07-01,171.0,21755000.0,101800.0,,,2003.5,2003,2003,7,Tuesday,3,625.40625
Mcallen,2003,8,2003-08-01,178.0,20920000.0,87500.0,,,2003.5834,2003,2003,8,Friday,3,-13674.594
Mcallen,2003,9,2003-09-01,160.0,16680000.0,88300.0,,,2003.6666,2003,2003,9,Monday,3,-12874.594
Mcallen,2003,10,2003-10-01,136.0,15190000.0,90000.0,,,2003.75,2003,2003,10,Wednesday,4,-11174.594
Mcallen,2003,11,2003-11-01,120.0,13870000.0,92900.0,,,2003.8334,2003,2003,11,Saturday,4,-8274.594
Mcallen,2003,12,2003-12-01,151.0,18680000.0,96100.0,,,2003.9166,2003,2003,12,Monday,4,-5074.5938
Mcallen,2004,1,2004-01-01,138.0,13770000.0,86500.0,1540.0,10.5,2004.0,2004,2004,1,Thursday,1,-14674.594
Mcallen,2004,2,2004-02-01,148.0,16465000.0,88900.0,1535.0,10.2,2004.0834,2004,2004,2,Sunday,1,-12274.594
Mcallen,2004,3,2004-03-01,170.0,18335000.0,92800.0,,,2004.1666,2004,2004,3,Monday,1,-8374.594
Mcallen,2004,4,2004-04-01,201.0,20565000.0,80400.0,,,2004.25,2004,2004,4,Thursday,2,-20774.594
Mcallen,2004,5,2004-05-01,170.0,20355000.0,102500.0,1622.0,10.1,2004.3334,2004,2004,5,Saturday,2,1325.4062
Mcallen,2004,6,2004-06-01,196.0,23170000.0,99500.0,,,2004.4166,2004,2004,6,Tuesday,2,-1674.5938
Mcallen,2004,7,2004-07-01,193.0,22510000.0,95800.0,,,2004.5,2004,2004,7,Thursday,3,-5374.5938
Mcallen,2004,8,2004-08-01,183.0,20720000.0,93200.0,,,2004.5834,2004,2004,8,Sunday,3,-7974.5938
Mcallen,2004,9,2004-09-01,163.0,20845000.0,111700.0,,,2004.6666,2004,2004,9,Wednesday,3,10525.406
Mcallen,2004,10,2004-10-01,162.0,19580000.0,101200.0,,,2004.75,2004,2004,10,Friday,4,25.40625
Mcallen,2004,11,2004-11-01,147.0,19410000.0,101800.0,,,2004.8334,2004,2004,11,Monday,4,625.40625
Mcallen,2004,12,2004-12-01,174.0,21085000.0,94000.0,,,2004.9166,2004,2004,12,Wednesday,4,-7174.5938
Mcallen,2005,1,2005-01-01,154.0,15950000.0,90000.0,,,2005.0,2005,2005,1,Saturday,1,-11174.594
Mcallen,2005,2,2005-02-01,151.0,17760000.0,94400.0,,,2005.0834,2005,2005,2,Tuesday,1,-6774.5938
Mcallen,2005,3,2005-03-01,177.0,22165000.0,107900.0,,,2005.1666,2005,2005,3,Tuesday,1,6725.4062
Mcallen,2005,4,2005-04-01,170.0,19635000.0,90000.0,,,2005.25,2005,2005,4,Friday,2,-11174.594
Mcallen,2005,5,2005-05-01,205.0,23540000.0,106500.0,,,2005.3334,2005,2005,5,Sunday,2,5325.4062
Mcallen,2005,6,2005-06-01,224.0,28945000.0,102100.0,,,2005.4166,2005,2005,6,Wednesday,2,925.40625
Mcallen,2005,7,2005-07-01,196.0,25380000.0,100000.0,,,2005.5,2005,2005,7,Friday,3,-1174.5938
Mcallen,2005,8,2005-08-01,214.0,27240000.0,105900.0,,,2005.5834,2005,2005,8,Monday,3,4725.4062
Mcallen,2005,9,2005-09-01,187.0,22955000.0,97500.0,,,2005.6666,2005,2005,9,Thursday,3,-3674.5938
Mcallen,2005,10,2005-10-01,218.0,27050000.0,100000.0,,,2005.75,2005,2005,10,Saturday,4,-1174.5938
Mcallen,2005,11,2005-11-01,254.0,30230000.0,97000.0,,,2005.8334,2005,2005,11,Tuesday,4,-4174.5938
Mcallen,2005,12,2005-12-01,184.0,23655000.0,110400.0,,,2005.9166,2005,2005,12,Thursday,4,9225.406
Mcallen,2006,1,2006-01-01,148.0,16905000.0,103200.0,,,2006.0,2006,2006,1,Sunday,1,2025.4062
Mcallen,2006,2,2006-02-01,150.0,20120000.0,110000.0,,,2006.0834,2006,2006,2,Wednesday,1,8825.406
Mcallen,2006,3,2006-03-01,227.0,27125000.0,102000.0,,,2006.1666,2006,2006,3,Wednesday,1,825.40625
Mcallen,2006,4,2006-04-01,208.0,26875000.0,110300.0,,,2006.25,2006,2006,4,Saturday,2,9125.406
Mcallen,2006,5,2006-05-01,184.0,24060000.0,110400.0,,,2006.3334,2006,2006,5,Monday,2,9225.406
Mcallen,2006,6,2006-06-01,261.0,34140000.0,107000.0,,,2006.4166,2006,2006,6,Thursday,2,5825.4062
Mcallen,2006,7,2006-07-01,216.0,27905000.0,109000.0,,,2006.5,2006,2006,7,Saturday,3,7825.4062
Mcallen,2006,8,2006-08-01,258.0,36690000.0,118800.0,,,2006.5834,2006,2006,8,Tuesday,3,17625.406
Mcallen,2006,9,2006-09-01,217.0,31155000.0,116200.0,,,2006.6666,2006,2006,9,Friday,3,15025.406
Mcallen,2006,10,2006-10-01,248.0,33445000.0,110900.0,,,2006.75,2006,2006,10,Sunday,4,9725.406
Mcallen,2006,11,2006-11-01,212.0,28730000.0,118100.0,,,2006.8334,2006,2006,11,Wednesday,4,16925.406
Mcallen,2006,12,2006-12-01,201.0,25540000.0,103900.0,,,2006.9166,2006,2006,12,Friday,4,2725.4062
Mcallen,2007,1,2007-01-01,170.0,22155000.0,107500.0,,,2007.0,2007,2007,1,Monday,1,6325.4062
Mcallen,2007,2,2007-02-01,167.0,21600000.0,110700.0,,,2007.0834,2007,2007,2,Thursday,1,9525.406
Mcallen,2007,3,2007-03-01,231.0,28985000.0,102400.0,,,2007.1666,2007,2007,3,Thursday,1,1225.4062
Mcallen,2007,4,2007-04-01,208.0,25640000.0,96700.0,,,2007.25,2007,2007,4,Sunday,2,-4474.5938
Mcallen,2007,5,2007-05-01,231.0,29035000.0,106200.0,,,2007.3334,2007,2007,5,Tuesday,2,5025.4062
Mcallen,2007,6,2007-06-01,161.0,22220000.0,123900.0,,,2007.4166,2007,2007,6,Friday,2,22725.406
Mcallen,2007,7,2007-07-01,176.0,24615000.0,123200.0,,,2007.5,2007,2007,7,Sunday,3,22025.406
Mcallen,2007,8,2007-08-01,207.0,29645000.0,124200.0,,,2007.5834,2007,2007,8,Wednesday,3,23025.406
Mcallen,2007,9,2007-09-01,184.0,23220000.0,99000.0,,,2007.6666,2007,2007,9,Saturday,3,-2174.5938
Mcallen,2007,10,2007-10-01,202.0,27635000.0,117100.0,,,2007.75,2007,2007,10,Monday,4,15925.406
Mcallen,2007,11,2007-11-01,163.0,22900000.0,114600.0,,,2007.8334,2007,2007,11,Thursday,4,13425.406
Mcallen,2007,12,2007-12-01,186.0,24115000.0,106300.0,2573.0,13.5,2007.9166,2007,2007,12,Saturday,4,5125.4062
Mcallen,2008,1,2008-01-01,184.0,22365000.0,100000.0,2769.0,14.4,2008.0,2008,2008,1,Tuesday,1,-1174.5938
Mcallen,2008,2,2008-02-01,209.0,24345000.0,97300.0,2759.0,14.1,2008.0834,2008,2008,2,Friday,1,-3874.5938
Mcallen,2008,3,2008-03-01,169.0,18510000.0,89100.0,2793.0,14.7,2008.1666,2008,2008,3,Saturday,1,-12074.594
Mcallen,2008,4,2008-04-01,187.0,23305000.0,100500.0,2848.0,15.1,2008.25,2008,2008,4,Tuesday,2,-674.59375
Mcallen,2008,5,2008-05-01,227.0,28620000.0,100400.0,2852.0,15.2,2008.3334,2008,2008,5,Thursday,2,-774.59375
Mcallen,2008,6,2008-06-01,157.0,20220000.0,105500.0,2823.0,15.0,2008.4166,2008,2008,6,Sunday,2,4325.4062
Mcallen,2008,7,2008-07-01,159.0,19670000.0,101300.0,2849.0,15.3,2008.5,2008,2008,7,Tuesday,3,125.40625
Mcallen,2008,8,2008-08-01,220.0,29115000.0,106500.0,2764.0,14.8,2008.5834,2008,2008,8,Friday,3,5325.4062
Mcallen,2008,9,2008-09-01,178.0,25015000.0,117100.0,2737.0,14.7,2008.6666,2008,2008,9,Monday,3,15925.406
Mcallen,2008,10,2008-10-01,194.0,26060000.0,108600.0,2631.0,14.1,2008.75,2008,2008,10,Wednesday,4,7425.4062
Mcallen,2008,11,2008-11-01,103.0,13200000.0,101100.0,2584.0,14.3,2008.8334,2008,2008,11,Saturday,4,-74.59375
Mcallen,2008,12,2008-12-01,165.0,18615000.0,89700.0,2333.0,13.0,2008.9166,2008,2008,12,Monday,4,-11474.594
Mcallen,2009,1,2009-01-01,131.0,13785000.0,91200.0,2304.0,13.2,2009.0,2009,2009,1,Thursday,1,-9974.594
Mcallen,2009,2,2009-02-01,143.0,15640000.0,90400.0,2230.0,13.2,2009.0834,2009,2009,2,Sunday,1,-10774.594
Mcallen,2009,3,2009-03-01,179.0,21420000.0,94700.0,2182.0,12.8,2009.1666,2009,2009,3,Sunday,1,-6474.5938
Mcallen,2009,4,2009-04-01,173.0,20335000.0,89700.0,2085.0,12.3,2009.25,2009,2009,4,Wednesday,2,-11474.594
Mcallen,2009,5,2009-05-01,167.0,19285000.0,96800.0,2078.0,12.7,2009.3334,2009,2009,5,Friday,2,-4374.5938
Mcallen,2009,6,2009-06-01,182.0,23480000.0,110000.0,2176.0,13.1,2009.4166,2009,2009,6,Monday,2,8825.406
Mcallen,2009,7,2009-07-01,176.0,21330000.0,108700.0,2272.0,13.6,2009.5,2009,2009,7,Wednesday,3,7525.4062
Mcallen,2009,8,2009-08-01,136.0,16355000.0,104800.0,2230.0,13.9,2009.5834,2009,2009,8,Saturday,3,3625.4062
Mcallen,2009,9,2009-09-01,181.0,22405000.0,104100.0,2231.0,13.9,2009.6666,2009,2009,9,Tuesday,3,2925.4062
Mcallen,2009,10,2009-10-01,188.0,23678472.0,101500.0,2188.0,13.6,2009.75,2009,2009,10,Thursday,4,325.40625
Mcallen,2009,11,2009-11-01,140.0,17273296.0,103300.0,2199.0,13.5,2009.8334,2009,2009,11,Sunday,4,2125.4062
Mcallen,2009,12,2009-12-01,163.0,19747456.0,100500.0,2053.0,12.6,2009.9166,2009,2009,12,Tuesday,4,-674.59375
Mcallen,2010,1,2010-01-01,137.0,15292975.0,93800.0,2217.0,13.5,2010.0,2010,2010,1,Friday,1,-7374.5938
Mcallen,2010,2,2010-02-01,146.0,16770033.0,96700.0,2148.0,13.1,2010.0834,2010,2010,2,Monday,1,-4474.5938
Mcallen,2010,3,2010-03-01,256.0,29166400.0,93800.0,2011.0,11.8,2010.1666,2010,2010,3,Monday,1,-7374.5938
Mcallen,2010,4,2010-04-01,249.0,31418889.0,104700.0,,,2010.25,2010,2010,4,Thursday,2,3525.4062
Mcallen,2010,5,2010-05-01,181.0,22875778.0,104300.0,2556.0,14.4,2010.3334,2010,2010,5,Saturday,2,3125.4062
Mcallen,2010,6,2010-06-01,156.0,21137279.0,111000.0,2156.0,12.3,2010.4166,2010,2010,6,Tuesday,2,9825.406
Mcallen,2010,7,2010-07-01,157.0,20658636.0,122800.0,2185.0,12.5,2010.5,2010,2010,7,Thursday,3,21625.406
Mcallen,2010,8,2010-08-01,137.0,20386721.0,116400.0,2176.0,12.5,2010.5834,2010,2010,8,Sunday,3,15225.406
Mcallen,2010,9,2010-09-01,125.0,15629850.0,102300.0,2146.0,12.7,2010.6666,2010,2010,9,Wednesday,3,1125.4062
Mcallen,2010,10,2010-10-01,141.0,17708221.0,97000.0,2142.0,12.9,2010.75,2010,2010,10,Friday,4,-4174.5938
Mcallen,2010,11,2010-11-01,150.0,19906886.0,106000.0,2315.0,13.9,2010.8334,2010,2010,11,Monday,4,4825.4062
Mcallen,2010,12,2010-12-01,149.0,17958669.0,98100.0,2230.0,13.5,2010.9166,2010,2010,12,Wednesday,4,-3074.5938
Mcallen,2011,1,2011-01-01,124.0,13833552.0,100000.0,2233.0,13.6,2011.0,2011,2011,1,Saturday,1,-1174.5938
Mcallen,2011,2,2011-02-01,109.0,14175787.0,108200.0,2232.0,13.8,2011.0834,2011,2011,2,Tuesday,1,7025.4062
Mcallen,2011,3,2011-03-01,185.0,22222756.0,98800.0,2218.0,14.3,2011.1666,2011,2011,3,Tuesday,1,-2374.5938
Mcallen,2011,4,2011-04-01,222.0,26904957.0,96000.0,2218.0,14.5,2011.25,2011,2011,4,Friday,2,-5174.5938
Mcallen,2011,5,2011-05-01,130.0,18327206.0,114300.0,2141.0,14.4,2011.3334,2011,2011,5,Sunday,2,13125.406
Mcallen,2011,6,2011-06-01,135.0,16781167.0,104100.0,2249.0,15.3,2011.4166,2011,2011,6,Wednesday,2,2925.4062
Mcallen,2011,7,2011-07-01,126.0,15510210.0,109100.0,2244.0,15.5,2011.5,2011,2011,7,Friday,3,7925.4062
Mcallen,2011,8,2011-08-01,185.0,22314472.0,109700.0,2237.0,15.1,2011.5834,2011,2011,8,Monday,3,8525.406
Mcallen,2011,9,2011-09-01,152.0,17495267.0,96900.0,2244.0,14.9,2011.6666,2011,2011,9,Thursday,3,-4274.5938
Mcallen,2011,10,2011-10-01,121.0,16376469.0,103600.0,2278.0,15.3,2011.75,2011,2011,10,Saturday,4,2425.4062
Mcallen,2011,11,2011-11-01,137.0,18735990.0,115300.0,2265.0,15.3,2011.8334,2011,2011,11,Tuesday,4,14125.406
Mcallen,2011,12,2011-12-01,118.0,13997048.0,98800.0,2088.0,14.4,2011.9166,2011,2011,12,Thursday,4,-2374.5938
Mcallen,2012,1,2012-01-01,99.0,11010270.0,104300.0,2171.0,15.2,2012.0,2012,2012,1,Sunday,1,3125.4062
Mcallen,2012,2,2012-02-01,115.0,13198331.0,93100.0,2242.0,15.6,2012.0834,2012,2012,2,Wednesday,1,-8074.5938
Mcallen,2012,3,2012-03-01,169.0,21596724.0,102600.0,2187.0,15.4,2012.1666,2012,2012,3,Thursday,1,1425.4062
Mcallen,2012,4,2012-04-01,143.0,17699875.0,105000.0,2159.0,15.9,2012.25,2012,2012,4,Sunday,2,3825.4062
Mcallen,2012,5,2012-05-01,216.0,25805990.0,97600.0,2191.0,15.3,2012.3334,2012,2012,5,Tuesday,2,-3574.5938
Mcallen,2012,6,2012-06-01,167.0,20799585.0,112100.0,2126.0,14.6,2012.4166,2012,2012,6,Friday,2,10925.406
Mcallen,2012,7,2012-07-01,185.0,24403777.0,105200.0,2154.0,14.3,2012.5,2012,2012,7,Sunday,3,4025.4062
Mcallen,2012,8,2012-08-01,165.0,19722903.0,98200.0,2153.0,14.5,2012.5834,2012,2012,8,Wednesday,3,-2974.5938
Mcallen,2012,9,2012-09-01,146.0,19555541.0,108200.0,2165.0,14.6,2012.6666,2012,2012,9,Saturday,3,7025.4062
Mcallen,2012,10,2012-10-01,199.0,25228949.0,100600.0,2193.0,14.2,2012.75,2012,2012,10,Monday,4,-574.59375
Mcallen,2012,11,2012-11-01,127.0,16700129.0,121600.0,2176.0,14.1,2012.8334,2012,2012,11,Thursday,4,20425.406
Mcallen,2012,12,2012-12-01,137.0,16853088.0,106900.0,2016.0,13.0,2012.9166,2012,2012,12,Saturday,4,5725.4062
Mcallen,2013,1,2013-01-01,132.0,16082491.0,110000.0,2147.0,13.6,2013.0,2013,2013,1,Tuesday,1,8825.406
Mcallen,2013,2,2013-02-01,151.0,18045861.0,107100.0,2147.0,13.3,2013.0834,2013,2013,2,Friday,1,5925.4062
Mcallen,2013,3,2013-03-01,164.0,20420172.0,107700.0,2216.0,13.8,2013.1666,2013,2013,3,Friday,1,6525.4062
Mcallen,2013,4,2013-04-01,155.0,19990778.0,109300.0,2218.0,13.7,2013.25,2013,2013,4,Monday,2,8125.4062
Mcallen,2013,5,2013-05-01,186.0,25314299.0,112800.0,2247.0,14.1,2013.3334,2013,2013,5,Wednesday,2,11625.406
Mcallen,2013,6,2013-06-01,195.0,27724189.0,115800.0,2225.0,13.7,2013.4166,2013,2013,6,Saturday,2,14625.406
Mcallen,2013,7,2013-07-01,188.0,27578974.0,123300.0,2254.0,13.9,2013.5,2013,2013,7,Monday,3,22125.406
Mcallen,2013,8,2013-08-01,156.0,19584061.0,115000.0,2247.0,13.9,2013.5834,2013,2013,8,Thursday,3,13825.406
Mcallen,2013,9,2013-09-01,157.0,22353425.0,114400.0,2204.0,13.6,2013.6666,2013,2013,9,Sunday,3,13225.406
Mcallen,2013,10,2013-10-01,192.0,27205888.0,120000.0,2267.0,14.0,2013.75,2013,2013,10,Tuesday,4,18825.406
Mcallen,2013,11,2013-11-01,138.0,18503135.0,115700.0,2308.0,14.2,2013.8334,2013,2013,11,Friday,4,14525.406
Mcallen,2013,12,2013-12-01,119.0,16139062.0,110600.0,2136.0,13.3,2013.9166,2013,2013,12,Sunday,4,9425.406
Mcallen,2014,1,2014-01-01,115.0,14227423.0,99500.0,2248.0,14.1,2014.0,2014,2014,1,Wednesday,1,-1674.5938
Mcallen,2014,2,2014-02-01,134.0,15647395.0,106200.0,2218.0,14.0,2014.0834,2014,2014,2,Saturday,1,5025.4062
Mcallen,2014,3,2014-03-01,196.0,26125290.0,119400.0,2198.0,13.7,2014.1666,2014,2014,3,Saturday,1,18225.406
Mcallen,2014,4,2014-04-01,201.0,26990279.0,108800.0,2215.0,13.4,2014.25,2014,2014,4,Tuesday,2,7625.4062
Mcallen,2014,5,2014-05-01,166.0,22425845.0,113600.0,2270.0,13.9,2014.3334,2014,2014,5,Thursday,2,12425.406
Mcallen,2014,6,2014-06-01,221.0,31166697.0,123700.0,2244.0,13.6,2014.4166,2014,2014,6,Sunday,2,22525.406
Mcallen,2014,7,2014-07-01,200.0,27854369.0,128000.0,2297.0,13.8,2014.5,2014,2014,7,Tuesday,3,26825.406
Mcallen,2014,8,2014-08-01,169.0,23530788.0,112900.0,2311.0,13.8,2014.5834,2014,2014,8,Friday,3,11725.406
Mcallen,2014,9,2014-09-01,171.0,24270096.0,125000.0,2254.0,13.4,2014.6666,2014,2014,9,Monday,3,23825.406
Mcallen,2014,10,2014-10-01,185.0,24712328.0,122000.0,2254.0,13.4,2014.75,2014,2014,10,Wednesday,4,20825.406
Mcallen,2014,11,2014-11-01,149.0,19694164.0,113800.0,2206.0,13.1,2014.8334,2014,2014,11,Saturday,4,12625.406
Mcallen,2014,12,2014-12-01,204.0,29477730.0,124000.0,2001.0,11.4,2014.9166,2014,2014,12,Monday,4,22825.406
Mcallen,2015,1,2015-01-01,146.0,19446443.0,118300.0,2068.0,11.6,2015.0,2015,2015,1,Thursday,1,17125.406
Mcallen,2015,2,2015-02-01,116.0,14125311.0,111400.0,2149.0,12.1,2015.0834,2015,2015,2,Sunday,1,10225.406
Mcallen,2015,3,2015-03-01,170.0,21855944.0,118000.0,2175.0,12.4,2015.1666,2015,2015,3,Sunday,1,16825.406
Mcallen,2015,4,2015-04-01,170.0,23057144.0,125800.0,2199.0,12.8,2015.25,2015,2015,4,Wednesday,2,24625.406
Mcallen,2015,5,2015-05-01,193.0,26755504.0,125000.0,2227.0,12.8,2015.3334,2015,2015,5,Friday,2,23825.406
Mcallen,2015,6,2015-06-01,170.0,21855944.0,118000.0,2175.0,12.8,2015.4166,2015,2015,6,Monday,2,16825.406
Mcallen,2015,7,2015-07-01,222.0,31962432.0,128700.0,2304.0,13.4,2015.5,2015,2015,7,Wednesday,3,27525.406
Midland,2000,1,2000-01-01,,,,,,2000.0,2000,2000,1,Saturday,1,
Midland,2000,2,2000-02-01,,,,,,2000.0834,2000,2000,2,Tuesday,1,
Midland,2000,3,2000-03-01,,,,,,2000.1666,2000,2000,3,Wednesday,1,
Midland,2000,4,2000-04-01,,,,,,2000.25,2000,2000,4,Saturday,2,
Midland,2000,5,2000-05-01,,,,,,2000.3334,2000,2000,5,Monday,2,
Midland,2000,6,2000-06-01,,,,,,2000.4166,2000,2000,6,Thursday,2,
Midland,2000,7,2000-07-01,,,,,,2000.5,2000,2000,7,Saturday,3,
Midland,2000,8,2000-08-01,,,,,,2000.5834,2000,2000,8,Tuesday,3,
Midland,2000,9,2000-09-01,,,,,,2000.6666,2000,2000,9,Friday,3,
Midland,2000,10,2000-10-01,,,,,,2000.75,2000,2000,10,Sunday,4,
Midland,2000,11,2000-11-01,,,,,,2000.8334,2000,2000,11,Wednesday,4,
Midland,2000,12,2000-12-01,,,,,,2000.9166,2000,2000,12,Friday,4,
Midland,2001,1,2001-01-01,,,,,,2001.0,2001,2001,1,Monday,1,
Midland,2001,2,2001-02-01,,,,,,2001.0834,2001,2001,2,Thursday,1,
Midland,2001,3,2001-03-01,,,,,,2001.1666,2001,2001,3,Thursday,1,
Midland,2001,4,2001-04-01,,,,,,2001.25,2001,2001,4,Sunday,2,
Midland,2001,5,2001-05-01,,,,,,2001.3334,2001,2001,5,Tuesday,2,
Midland,2001,6,2001-06-01,,,,,,2001.4166,2001,2001,6,Friday,2,
Midland,2001,7,2001-07-01,,,,,,2001.5,2001,2001,7,Sunday,3,
Midland,2001,8,2001-08-01,,,,,,2001.5834,2001,2001,8,Wednesday,3,
Midland,2001,9,2001-09-01,,,,,,2001.6666,2001,2001,9,Saturday,3,
Midland,2001,10,2001-10-01,,,,,,2001.75,2001,2001,10,Monday,4,
Midland,2001,11,2001-11-01,,,,,,2001.8334,2001,2001,11,Thursday,4,
Midland,2001,12,2001-12-01,,,,,,2001.9166,2001,2001,12,Saturday,4,
Midland,2002,1,2002-01-01,,,,,,2002.0,2002,2002,1,Tuesday,1,
Midland,2002,2,2002-02-01,,,,,,2002.0834,2002,2002,2,Friday,1,
Midland,2002,3,2002-03-01,,,,,,2002.1666,2002,2002,3,Friday,1,
Midland,2002,4,2002-04-01,,,,,,2002.25,2002,2002,4,Monday,2,
Midland,2002,5,2002-05-01,,,,,,2002.3334,2002,2002,5,Wednesday,2,
Midland,2002,6,2002-06-01,,,,,,2002.4166,2002,2002,6,Saturday,2,
Midland,2002,7,2002-07-01,,,,,,2002.5,2002,2002,7,Monday,3,
Midland,2002,8,2002-08-01,,,,,,2002.5834,2002,2002,8,Thursday,3,
Midland,2002,9,2002-09-01,,,,,,2002.6666,2002,2002,9,Sunday,3,
Midland,2002,10,2002-10-01,,,,,,2002.75,2002,2002,10,Tuesday,4,
Midland,2002,11,2002-11-01,,,,,,2002.8334,2002,2002,11,Friday,4,
Midland,2002,12,2002-12-01,,,,,,2002.9166,2002,2002,12,Sunday,4,
Midland,2003,1,2003-01-01,,,,,,2003.0,2003,2003,1,Wednesday,1,
Midland,2003,2,2003-02-01,,,,,,2003.0834,2003,2003,2,Saturday,1,
Midland,2003,3,2003-03-01,,,,,,2003.1666,2003,2003,3,Saturday,1,
Midland,2003,4,2003-04-01,,,,,,2003.25,2003,2003,4,Tuesday,2,
Midland,2003,5,2003-05-01,,,,,,2003.3334,2003,2003,5,Thursday,2,
Midland,2003,6,2003-06-01,,,,,,2003.4166,2003,2003,6,Sunday,2,
Midland,2003,7,2003-07-01,,,,,,2003.5,2003,2003,7,Tuesday,3,
Midland,2003,8,2003-08-01,,,,,,2003.5834,2003,2003,8,Friday,3,
Midland,2003,9,2003-09-01,,,,,,2003.6666,2003,2003,9,Monday,3,
Midland,2003,10,2003-10-01,,,,,,2003.75,2003,2003,10,Wednesday,4,
Midland,2003,11,2003-11-01,,,,,,2003.8334,2003,2003,11,Saturday,4,
Midland,2003,12,2003-12-01,,,,,,2003.9166,2003,2003,12,Monday,4,
Midland,2004,1,2004-01-01,,,,,,2004.0,2004,2004,1,Thursday,1,
Midland,2004,2,2004-02-01,,,,,,2004.0834,2004,2004,2,Sunday,1,
Midland,2004,3,2004-03-01,,,,,,2004.1666,2004,2004,3,Monday,1,
Midland,2004,4,2004-04-01,,,,,,2004.25,2004,2004,4,Thursday,2,
Midland,2004,5,2004-05-01,,,,,,2004.3334,2004,2004,5,Saturday,2,
Midland,2004,6,2004-06-01,,,,,,2004.4166,2004,2004,6,Tuesday,2,
Midland,2004,7,2004-07-01,,,,,,2004.5,2004,2004,7,Thursday,3,
Midland,2004,8,2004-08-01,,,,,,2004.5834,2004,2004,8,Sunday,3,
Midland,2004,9,2004-09-01,,,,,,2004.6666,2004,2004,9,Wednesday,3,
Midland,2004,10,2004-10-01,,,,,,2004.75,2004,2004,10,Friday,4,
Midland,2004,11,2004-11-01,,,,,,2004.8334,2004,2004,11,Monday,4,
Midland,2004,12,2004-12-01,,,,,,2004.9166,2004,2004,12,Wednesday,4,
Midland,2005,1,2005-01-01,,,,,,2005.0,2005,2005,1,Saturday,1,
Midland,2005,2,2005-02-01,,,,,,2005.0834,2005,2005,2,Tuesday,1,
Midland,2005,3,2005-03-01,,,,,,2005.1666,2005,2005,3,Tuesday,1,
Midland,2005,4,2005-04-01,,,,,,2005.25,2005,2005,4,Friday,2,
Midland,2005,5,2005-05-01,,,,,,2005.3334,2005,2005,5,Sunday,2,
Midland,2005,6,2005-06-01,,,,,,2005.4166,2005,2005,6,Wednesday,2,
Midland,2005,7,2005-07-01,,,,,,2005.5,2005,2005,7,Friday,3,
Midland,2005,8,2005-08-01,,,,,,2005.5834,2005,2005,8,Monday,3,
Midland,2005,9,2005-09-01,,,,,,2005.6666,2005,2005,9,Thursday,3,
Midland,2005,10,2005-10-01,,,,,,2005.75,2005,2005,10,Saturday,4,
Midland,2005,11,2005-11-01,,,,,,2005.8334,2005,2005,11,Tuesday,4,
Midland,2005,12,2005-12-01,,,,,,2005.9166,2005,2005,12,Thursday,4,
Midland,2006,1,2006-01-01,,,,,,2006.0,2006,2006,1,Sunday,1,
Midland,2006,2,2006-02-01,139.0,16125000.0,98800.0,,,2006.0834,2006,2006,2,Wednesday,1,-91047.33
Midland,2006,3,2006-03-01,,,,,,2006.1666,2006,2006,3,Wednesday,1,
Midland,2006,4,2006-04-01,153.0,23330000.0,127000.0,287.0,,2006.25,2006,2006,4,Saturday,2,-62847.33
Midland,2006,5,2006-05-01,175.0,25070000.0,127400.0,274.0,,2006.3334,2006,2006,5,Monday,2,-62447.33
Midland,2006,6,2006-06-01,200.0,32860000.0,143000.0,279.0,,2006.4166,2006,2006,6,Thursday,2,-46847.33
Midland,2006,7,2006-07-01,166.0,25280000.0,130000.0,283.0,,2006.5,2006,2006,7,Saturday,3,-59847.33
Midland,2006,8,2006-08-01,190.0,28315000.0,132000.0,286.0,,2006.5834,2006,2006,8,Tuesday,3,-57847.33
Midland,2006,9,2006-09-01,163.0,22710000.0,125000.0,273.0,,2006.6666,2006,2006,9,Friday,3,-64847.33
Midland,2006,10,2006-10-01,150.0,25425000.0,145900.0,268.0,1.6,2006.75,2006,2006,10,Sunday,4,-43947.33
Midland,2006,11,2006-11-01,152.0,22035000.0,137000.0,259.0,1.6,2006.8334,2006,2006,11,Wednesday,4,-52847.33
Midland,2006,12,2006-12-01,116.0,18180000.0,141800.0,231.0,1.4,2006.9166,2006,2006,12,Friday,4,-48047.33
Midland,2007,1,2007-01-01,100.0,18560000.0,150600.0,242.0,1.6,2007.0,2007,2007,1,Monday,1,-39247.33
Midland,2007,2,2007-02-01,139.0,20760000.0,135600.0,249.0,1.6,2007.0834,2007,2007,2,Thursday,1,-54247.33
Midland,2007,3,2007-03-01,162.0,27370000.0,148600.0,246.0,1.6,2007.1666,2007,2007,3,Thursday,1,-41247.33
Midland,2007,4,2007-04-01,150.0,25265000.0,151100.0,235.0,1.5,2007.25,2007,2007,4,Sunday,2,-38747.33
Midland,2007,5,2007-05-01,170.0,31585000.0,163600.0,267.0,1.7,2007.3334,2007,2007,5,Tuesday,2,-26247.328
Midland,2007,6,2007-06-01,187.0,36145000.0,171500.0,254.0,1.7,2007.4166,2007,2007,6,Friday,2,-18347.328
Midland,2007,7,2007-07-01,186.0,33890000.0,156900.0,263.0,1.7,2007.5,2007,2007,7,Sunday,3,-32947.33
Midland,2007,8,2007-08-01,175.0,34525000.0,167500.0,279.0,1.8,2007.5834,2007,2007,8,Wednesday,3,-22347.328
Midland,2007,9,2007-09-01,151.0,29030000.0,167900.0,287.0,1.9,2007.6666,2007,2007,9,Saturday,3,-21947.328
Midland,2007,10,2007-10-01,147.0,27130000.0,167600.0,301.0,2.0,2007.75,2007,2007,10,Monday,4,-22247.328
Midland,2007,11,2007-11-01,138.0,24105000.0,152500.0,332.0,2.2,2007.8334,2007,2007,11,Thursday,4,-37347.33
Midland,2007,12,2007-12-01,113.0,23610000.0,186000.0,346.0,2.3,2007.9166,2007,2007,12,Saturday,4,-3847.3281
Midland,2008,1,2008-01-01,111.0,20470000.0,165600.0,352.0,2.3,2008.0,2008,2008,1,Tuesday,1,-24247.328
Midland,2008,2,2008-02-01,139.0,26890000.0,161400.0,321.0,2.1,2008.0834,2008,2008,2,Friday,1,-28447.328
Midland,2008,3,2008-03-01,174.0,33680000.0,177300.0,286.0,1.9,2008.1666,2008,2008,3,Saturday,1,-12547.328
Midland,2008,4,2008-04-01,180.0,33845000.0,162400.0,264.0,1.7,2008.25,2008,2008,4,Tuesday,2,-27447.328
Midland,2008,5,2008-05-01,183.0,33340000.0,164500.0,297.0,1.9,2008.3334,2008,2008,5,Thursday,2,-25347.328
Midland,2008,6,2008-06-01,161.0,33035000.0,179500.0,332.0,2.1,2008.4166,2008,2008,6,Sunday,2,-10347.328
Midland,2008,7,2008-07-01,199.0,42030000.0,182200.0,370.0,2.4,2008.5,2008,2008,7,Tuesday,3,-7647.328
Midland,2008,8,2008-08-01,179.0,37670000.0,186900.0,382.0,2.4,2008.5834,2008,2008,8,Friday,3,-2947.3281
Midland,2008,9,2008-09-01,135.0,25740000.0,180500.0,414.0,2.7,2008.6666,2008,2008,9,Monday,3,-9347.328
Midland,2008,10,2008-10-01,129.0,24690000.0,170000.0,493.0,3.2,2008.75,2008,2008,10,Wednesday,4,-19847.328
Midland,2008,11,2008-11-01,78.0,14025000.0,166300.0,522.0,3.5,2008.8334,2008,2008,11,Saturday,4,-23547.328
Midland,2008,12,2008-12-01,99.0,19160000.0,175000.0,558.0,3.8,2008.9166,2008,2008,12,Monday,4,-14847.328
Midland,2009,1,2009-01-01,68.0,11910000.0,166700.0,565.0,3.9,2009.0,2009,2009,1,Thursday,1,-23147.328
Midland,2009,2,2009-02-01,98.0,18555000.0,170000.0,544.0,3.9,2009.0834,2009,2009,2,Sunday,1,-19847.328
Midland,2009,3,2009-03-01,113.0,22490000.0,169400.0,555.0,4.1,2009.1666,2009,2009,3,Sunday,1,-20447.328
Midland,2009,4,2009-04-01,121.0,24235000.0,174400.0,534.0,4.1,2009.25,2009,2009,4,Wednesday,2,-15447.328
Midland,2009,5,2009-05-01,135.0,26465000.0,176800.0,553.0,4.4,2009.3334,2009,2009,5,Friday,2,-13047.328
Midland,2009,6,2009-06-01,159.0,35085000.0,191800.0,538.0,4.3,2009.4166,2009,2009,6,Monday,2,1952.6719
Midland,2009,7,2009-07-01,160.0,30320000.0,167300.0,544.0,4.4,2009.5,2009,2009,7,Wednesday,3,-22547.328
Midland,2009,8,2009-08-01,151.0,28060000.0,168500.0,548.0,4.5,2009.5834,2009,2009,8,Saturday,3,-21347.328
Midland,2009,9,2009-09-01,131.0,23465000.0,164800.0,553.0,4.6,2009.6666,2009,2009,9,Tuesday,3,-25047.328
Midland,2009,10,2009-10-01,121.0,23029931.0,165500.0,557.0,4.7,2009.75,2009,2009,10,Thursday,4,-24347.328
Midland,2009,11,2009-11-01,106.0,19335000.0,161700.0,541.0,4.4,2009.8334,2009,2009,11,Sunday,4,-28147.328
Midland,2009,12,2009-12-01,90.0,18181850.0,168900.0,522.0,4.3,2009.9166,2009,2009,12,Tuesday,4,-20947.328
Midland,2010,1,2010-01-01,78.0,14849835.0,167500.0,501.0,4.1,2010.0,2010,2010,1,Friday,1,-22347.328
Midland,2010,2,2010-02-01,100.0,19880017.0,175400.0,0.0,0.0,2010.0834,2010,2010,2,Monday,1,-14447.328
Midland,2010,3,2010-03-01,151.0,29792288.0,162300.0,502.0,4.0,2010.1666,2010,2010,3,Monday,1,-27547.328
Midland,2010,4,2010-04-01,155.0,28927746.0,162800.0,699.0,5.5,2010.25,2010,2010,4,Thursday,2,-27047.328
Midland,2010,5,2010-05-01,158.0,30114297.0,171800.0,495.0,3.8,2010.3334,2010,2010,5,Saturday,2,-18047.328
Midland,2010,6,2010-06-01,173.0,35102719.0,174000.0,804.0,6.1,2010.4166,2010,2010,6,Tuesday,2,-15847.328
Midland,2010,7,2010-07-01,130.0,27920612.0,192000.0,841.0,6.5,2010.5,2010,2010,7,Thursday,3,2152.6719
Midland,2010,8,2010-08-01,132.0,24686787.0,174700.0,825.0,6.5,2010.5834,2010,2010,8,Sunday,3,-15147.328
Midland,2010,9,2010-09-01,118.0,24570307.0,189100.0,798.0,6.3,2010.6666,2010,2010,9,Wednesday,3,-747.3281
Midland,2010,10,2010-10-01,106.0,20583435.0,170600.0,778.0,6.2,2010.75,2010,2010,10,Friday,4,-19247.328
Midland,2010,11,2010-11-01,88.0,22186144.0,180000.0,719.0,5.8,2010.8334,2010,2010,11,Monday,4,-9847.328
Midland,2010,12,2010-12-01,115.0,24236433.0,185000.0,651.0,5.2,2010.9166,2010,2010,12,Wednesday,4,-4847.328
Midland,2011,1,2011-01-01,91.0,18300222.0,176200.0,663.0,5.2,2011.0,2011,2011,1,Saturday,1,-13647.328
Midland,2011,2,2011-02-01,120.0,25450885.0,178800.0,642.0,5.0,2011.0834,2011,2011,2,Tuesday,1,-11047.328
Midland,2011,3,2011-03-01,151.0,32104870.0,186900.0,628.0,4.9,2011.1666,2011,2011,3,Tuesday,1,-2947.3281
Midland,2011,4,2011-04-01,167.0,27171896.0,148500.0,633.0,4.9,2011.25,2011,2011,4,Friday,2,-41347.33
Midland,2011,5,2011-05-01,177.0,39994139.0,194500.0,599.0,4.6,2011.3334,2011,2011,5,Sunday,2,4652.672
Midland,2011,6,2011-06-01,154.0,33763761.0,186700.0,624.0,4.8,2011.4166,2011,2011,6,Wednesday,2,-3147.3281
Midland,2011,7,2011-07-01,153.0,34013830.0,190000.0,666.0,5.1,2011.5,2011,2011,7,Friday,3,152.67188
Midland,2011,8,2011-08-01,202.0,43273705.0,196200.0,696.0,5.1,2011.5834,2011,2011,8,Monday,3,6352.672
Midland,2011,9,2011-09-01,156.0,33986365.0,200000.0,663.0,4.7,2011.6666,2011,2011,9,Thursday,3,10152.672
Midland,2011,10,2011-10-01,126.0,26645522.0,176000.0,599.0,4.2,2011.75,2011,2011,10,Saturday,4,-13847.328
Midland,2011,11,2011-11-01,118.0,25590986.0,202100.0,560.0,3.9,2011.8334,2011,2011,11,Tuesday,4,12252.672
Midland,2011,12,2011-12-01,134.0,27866850.0,184000.0,475.0,3.3,2011.9166,2011,2011,12,Thursday,4,-5847.328
Midland,2012,1,2012-01-01,103.0,26196608.0,203900.0,433.0,3.0,2012.0,2012,2012,1,Sunday,1,14052.672
Midland,2012,2,2012-02-01,154.0,35654751.0,185700.0,386.0,2.6,2012.0834,2012,2012,2,Wednesday,1,-4147.328
Midland,2012,3,2012-03-01,154.0,33855251.0,196000.0,344.0,2.3,2012.1666,2012,2012,3,Thursday,1,6152.672
Midland,2012,4,2012-04-01,142.0,32161066.0,201900.0,380.0,2.6,2012.25,2012,2012,4,Sunday,2,12052.672
Midland,2012,5,2012-05-01,180.0,44467837.0,231600.0,456.0,3.1,2012.3334,2012,2012,5,Tuesday,2,41752.67
Midland,2012,6,2012-06-01,169.0,39643093.0,206700.0,514.0,3.4,2012.4166,2012,2012,6,Friday,2,16852.672
Midland,2012,7,2012-07-01,199.0,44817998.0,190500.0,571.0,3.7,2012.5,2012,2012,7,Sunday,3,652.6719
Midland,2012,8,2012-08-01,183.0,43966422.0,218900.0,593.0,3.9,2012.5834,2012,2012,8,Wednesday,3,29052.672
Midland,2012,9,2012-09-01,161.0,37413224.0,201000.0,551.0,3.6,2012.6666,2012,2012,9,Saturday,3,11152.672
Midland,2012,10,2012-10-01,158.0,40899914.0,222400.0,539.0,3.5,2012.75,2012,2012,10,Monday,4,32552.672
Midland,2012,11,2012-11-01,143.0,35574373.0,212500.0,503.0,3.2,2012.8334,2012,2012,11,Thursday,4,22652.672
Midland,2012,12,2012-12-01,153.0,36147287.0,214500.0,450.0,2.8,2012.9166,2012,2012,12,Saturday,4,24652.672
Midland,2013,1,2013-01-01,99.0,24026375.0,216200.0,451.0,2.9,2013.0,2013,2013,1,Tuesday,1,26352.672
Midland,2013,2,2013-02-01,127.0,31973317.0,226000.0,349.0,2.2,2013.0834,2013,2013,2,Friday,1,36152.67
Midland,2013,3,2013-03-01,205.0,43974843.0,177100.0,327.0,2.0,2013.1666,2013,2013,3,Friday,1,-12747.328
Midland,2013,4,2013-04-01,158.0,38268470.0,211500.0,348.0,2.2,2013.25,2013,2013,4,Monday,2,21652.672
Midland,2013,5,2013-05-01,158.0,39551293.0,230600.0,379.0,2.4,2013.3334,2013,2013,5,Wednesday,2,40752.67
Midland,2013,6,2013-06-01,182.0,45595923.0,229700.0,392.0,2.4,2013.4166,2013,2013,6,Saturday,2,39852.67
Midland,2013,7,2013-07-01,190.0,48389349.0,231400.0,434.0,2.7,2013.5,2013,2013,7,Monday,3,41552.67
Midland,2013,8,2013-08-01,156.0,48096185.0,246800.0,505.0,3.2,2013.5834,2013,2013,8,Thursday,3,56952.67
Midland,2013,9,2013-09-01,163.0,45521787.0,244000.0,487.0,3.1,2013.6666,2013,2013,9,Sunday,3,54152.67
Midland,2013,10,2013-10-01,156.0,39922788.0,225800.0,514.0,3.3,2013.75,2013,2013,10,Tuesday,4,35952.67
Midland,2013,11,2013-11-01,137.0,34984981.0,235200.0,541.0,3.4,2013.8334,2013,2013,11,Friday,4,45352.67
Midland,2013,12,2013-12-01,120.0,31779275.0,235700.0,496.0,3.2,2013.9166,2013,2013,12,Sunday,4,45852.67
Midland,2014,1,2014-01-01,125.0,34234377.0,251500.0,533.0,3.4,2014.0,2014,2014,1,Wednesday,1,61652.67
Midland,2014,2,2014-02-01,132.0,33468574.0,233300.0,493.0,3.1,2014.0834,2014,2014,2,Saturday,1,43452.67
Midland,2014,3,2014-03-01,160.0,45865307.0,230800.0,274.0,1.8,2014.1666,2014,2014,3,Saturday,1,40952.67
Midland,2014,4,2014-04-01,164.0,44435674.0,227000.0,546.0,3.6,2014.25,2014,2014,4,Tuesday,2,37152.67
Midland,2014,5,2014-05-01,173.0,45524484.0,240400.0,550.0,3.6,2014.3334,2014,2014,5,Thursday,2,50552.67
Midland,2014,6,2014-06-01,208.0,70836346.0,283100.0,550.0,3.5,2014.4166,2014,2014,6,Sunday,2,93252.67
Midland,2014,7,2014-07-01,214.0,58670179.0,247900.0,542.0,3.4,2014.5,2014,2014,7,Tuesday,3,58052.67
Midland,2014,8,2014-08-01,185.0,54336773.0,249200.0,590.0,3.7,2014.5834,2014,2014,8,Friday,3,59352.67
Midland,2014,9,2014-09-01,170.0,49865725.0,246800.0,587.0,3.6,2014.6666,2014,2014,9,Monday,3,56952.67
Midland,2014,10,2014-10-01,204.0,60429147.0,260300.0,650.0,3.9,2014.75,2014,2014,10,Wednesday,4,70452.67
Midland,2014,11,2014-11-01,156.0,47034982.0,250000.0,629.0,3.8,2014.8334,2014,2014,11,Saturday,4,60152.67
Midland,2014,12,2014-12-01,159.0,44922948.0,237500.0,653.0,3.8,2014.9166,2014,2014,12,Monday,4,47652.67
Midland,2015,1,2015-01-01,91.0,24143774.0,235900.0,840.0,5.0,2015.0,2015,2015,1,Thursday,1,46052.67
Midland,2015,2,2015-02-01,86.0,22267882.0,231800.0,866.0,5.3,2015.0834,2015,2015,2,Sunday,1,41952.67
Midland,2015,3,2015-03-01,130.0,36197585.0,235700.0,853.0,5.3,2015.1666,2015,2015,3,Sunday,1,45852.67
Midland,2015,4,2015-04-01,140.0,36644678.0,234400.0,500.0,3.1,2015.25,2015,2015,4,Wednesday,2,44552.67
Midland,2015,5,2015-05-01,196.0,55855836.0,244200.0,434.0,2.7,2015.3334,2015,2015,5,Friday,2,54352.67
Midland,2015,6,2015-06-01,218.0,63667557.0,257700.0,797.0,4.9,2015.4166,2015,2015,6,Monday,2,67852.67
Midland,2015,7,2015-07-01,,,,,,2015.5,2015,2015,7,Wednesday,3,
Montgomery County,2000,1,2000-01-01,259.0,41671055.0,126400.0,2063.0,5.8,2000.0,2000,2000,1,Saturday,1,-44587.17
Montgomery County,2000,2,2000-02-01,309.0,51582288.0,135500.0,2148.0,6.0,2000.0834,2000,2000,2,Tuesday,1,-35487.17
Montgomery County,2000,3,2000-03-01,420.0,64497180.0,120700.0,2251.0,6.2,2000.1666,2000,2000,3,Wednesday,1,-50287.17
Montgomery County,2000,4,2000-04-01,383.0,59771686.0,122500.0,2373.0,6.4,2000.25,2000,2000,4,Saturday,2,-48487.17
Montgomery County,2000,5,2000-05-01,427.0,70040083.0,131900.0,2447.0,6.6,2000.3334,2000,2000,5,Monday,2,-39087.17
Montgomery County,2000,6,2000-06-01,492.0,84681733.0,135700.0,2497.0,6.7,2000.4166,2000,2000,6,Thursday,2,-35287.17
Montgomery County,2000,7,2000-07-01,463.0,84625173.0,147200.0,2561.0,6.8,2000.5,2000,2000,7,Saturday,3,-23787.172
Montgomery County,2000,8,2000-08-01,460.0,76996741.0,135200.0,2538.0,6.8,2000.5834,2000,2000,8,Tuesday,3,-35787.17
Montgomery County,2000,9,2000-09-01,346.0,55851169.0,132300.0,2528.0,6.7,2000.6666,2000,2000,9,Friday,3,-38687.17
Montgomery County,2000,10,2000-10-01,321.0,50656134.0,128800.0,2502.0,6.7,2000.75,2000,2000,10,Sunday,4,-42187.17
Montgomery County,2000,11,2000-11-01,313.0,48150044.0,125000.0,2429.0,6.5,2000.8334,2000,2000,11,Wednesday,4,-45987.17
Montgomery County,2000,12,2000-12-01,333.0,57166357.0,131100.0,2280.0,6.0,2000.9166,2000,2000,12,Friday,4,-39887.17
Montgomery County,2001,1,2001-01-01,226.0,36908197.0,128600.0,2498.0,6.7,2001.0,2001,2001,1,Monday,1,-42387.17
Montgomery County,2001,2,2001-02-01,270.0,41458347.0,127000.0,2582.0,7.0,2001.0834,2001,2001,2,Thursday,1,-43987.17
Montgomery County,2001,3,2001-03-01,349.0,55728773.0,126000.0,2788.0,7.6,2001.1666,2001,2001,3,Thursday,1,-44987.17
Montgomery County,2001,4,2001-04-01,394.0,70683241.0,139500.0,2851.0,7.8,2001.25,2001,2001,4,Sunday,2,-31487.172
Montgomery County,2001,5,2001-05-01,463.0,80572293.0,144400.0,2876.0,7.8,2001.3334,2001,2001,5,Tuesday,2,-26587.172
Montgomery County,2001,6,2001-06-01,465.0,83192738.0,139500.0,2882.0,7.9,2001.4166,2001,2001,6,Friday,2,-31487.172
Montgomery County,2001,7,2001-07-01,493.0,86092885.0,138100.0,2930.0,7.9,2001.5,2001,2001,7,Sunday,3,-32887.17
Montgomery County,2001,8,2001-08-01,499.0,84393806.0,139200.0,2834.0,7.6,2001.5834,2001,2001,8,Wednesday,3,-31787.172
Montgomery County,2001,9,2001-09-01,338.0,54718502.0,132200.0,,,2001.6666,2001,2001,9,Saturday,3,-38787.17
Montgomery County,2001,10,2001-10-01,321.0,52891134.0,128400.0,2825.0,7.6,2001.75,2001,2001,10,Monday,4,-42587.17
Montgomery County,2001,11,2001-11-01,328.0,54289248.0,137600.0,2751.0,7.4,2001.8334,2001,2001,11,Thursday,4,-33387.17
Montgomery County,2001,12,2001-12-01,397.0,69600436.0,141200.0,2580.0,6.8,2001.9166,2001,2001,12,Saturday,4,-29787.172
Montgomery County,2002,1,2002-01-01,265.0,43545301.0,131900.0,2725.0,7.1,2002.0,2002,2002,1,Tuesday,1,-39087.17
Montgomery County,2002,2,2002-02-01,303.0,50489522.0,141200.0,2874.0,7.5,2002.0834,2002,2002,2,Friday,1,-29787.172
Montgomery County,2002,3,2002-03-01,368.0,67134214.0,138700.0,2967.0,7.7,2002.1666,2002,2002,3,Friday,1,-32287.172
Montgomery County,2002,4,2002-04-01,440.0,80417126.0,139100.0,3084.0,7.9,2002.25,2002,2002,4,Monday,2,-31887.172
Montgomery County,2002,5,2002-05-01,497.0,92387158.0,141300.0,3158.0,8.0,2002.3334,2002,2002,5,Wednesday,2,-29687.172
Montgomery County,2002,6,2002-06-01,476.0,84662993.0,146700.0,3347.0,8.5,2002.4166,2002,2002,6,Saturday,2,-24287.172
Montgomery County,2002,7,2002-07-01,520.0,94850613.0,141600.0,3376.0,8.5,2002.5,2002,2002,7,Monday,3,-29387.172
Montgomery County,2002,8,2002-08-01,493.0,91372576.0,137400.0,3429.0,8.7,2002.5834,2002,2002,8,Thursday,3,-33587.17
Montgomery County,2002,9,2002-09-01,427.0,76447043.0,140800.0,3343.0,8.3,2002.6666,2002,2002,9,Sunday,3,-30187.172
Montgomery County,2002,10,2002-10-01,390.0,74236993.0,135300.0,3401.0,8.3,2002.75,2002,2002,10,Tuesday,4,-35687.17
Montgomery County,2002,11,2002-11-01,306.0,53267782.0,138700.0,3386.0,8.3,2002.8334,2002,2002,11,Friday,4,-32287.172
Montgomery County,2002,12,2002-12-01,380.0,66136351.0,140000.0,3268.0,8.1,2002.9166,2002,2002,12,Sunday,4,-30987.172
Montgomery County,2003,1,2003-01-01,286.0,47016745.0,131300.0,3353.0,8.2,2003.0,2003,2003,1,Wednesday,1,-39687.17
Montgomery County,2003,2,2003-02-01,323.0,56971638.0,143300.0,3502.0,8.6,2003.0834,2003,2003,2,Saturday,1,-27687.172
Montgomery County,2003,3,2003-03-01,414.0,68063298.0,142600.0,3570.0,8.7,2003.1666,2003,2003,3,Saturday,1,-28387.172
Montgomery County,2003,4,2003-04-01,427.0,72675560.0,143300.0,3659.0,8.9,2003.25,2003,2003,4,Tuesday,2,-27687.172
Montgomery County,2003,5,2003-05-01,545.0,97071650.0,142600.0,3648.0,8.8,2003.3334,2003,2003,5,Thursday,2,-28387.172
Montgomery County,2003,6,2003-06-01,615.0,117200968.0,157500.0,3689.0,8.6,2003.4166,2003,2003,6,Sunday,2,-13487.172
Montgomery County,2003,7,2003-07-01,606.0,119139036.0,153000.0,3777.0,8.7,2003.5,2003,2003,7,Tuesday,3,-17987.172
Montgomery County,2003,8,2003-08-01,591.0,108498489.0,148600.0,3732.0,8.4,2003.5834,2003,2003,8,Friday,3,-22387.172
Montgomery County,2003,9,2003-09-01,475.0,75895198.0,135600.0,3751.0,8.4,2003.6666,2003,2003,9,Monday,3,-35387.17
Montgomery County,2003,10,2003-10-01,490.0,83394580.0,133000.0,3734.0,8.2,2003.75,2003,2003,10,Wednesday,4,-37987.17
Montgomery County,2003,11,2003-11-01,400.0,67982207.0,133700.0,3683.0,8.0,2003.8334,2003,2003,11,Saturday,4,-37287.17
Montgomery County,2003,12,2003-12-01,467.0,87137740.0,140600.0,3385.0,7.2,2003.9166,2003,2003,12,Monday,4,-30387.172
Montgomery County,2004,1,2004-01-01,342.0,52690257.0,122400.0,3536.0,7.5,2004.0,2004,2004,1,Thursday,1,-48587.17
Montgomery County,2004,2,2004-02-01,391.0,69920372.0,139800.0,3631.0,7.6,2004.0834,2004,2004,2,Sunday,1,-31187.172
Montgomery County,2004,3,2004-03-01,560.0,98999102.0,137200.0,3754.0,7.6,2004.1666,2004,2004,3,Monday,1,-33787.17
Montgomery County,2004,4,2004-04-01,512.0,91836156.0,144400.0,3968.0,7.9,2004.25,2004,2004,4,Thursday,2,-26587.172
Montgomery County,2004,5,2004-05-01,576.0,99738401.0,141400.0,3973.0,7.9,2004.3334,2004,2004,5,Saturday,2,-29587.172
Montgomery County,2004,6,2004-06-01,710.0,144367298.0,158100.0,3915.0,7.7,2004.4166,2004,2004,6,Tuesday,2,-12887.172
Montgomery County,2004,7,2004-07-01,659.0,130170496.0,155500.0,3909.0,7.6,2004.5,2004,2004,7,Thursday,3,-15487.172
Montgomery County,2004,8,2004-08-01,587.0,107470422.0,145500.0,3877.0,7.5,2004.5834,2004,2004,8,Sunday,3,-25487.172
Montgomery County,2004,9,2004-09-01,531.0,100246831.0,138100.0,3900.0,7.5,2004.6666,2004,2004,9,Wednesday,3,-32887.17
Montgomery County,2004,10,2004-10-01,493.0,89373196.0,135500.0,3855.0,7.4,2004.75,2004,2004,10,Friday,4,-35487.17
Montgomery County,2004,11,2004-11-01,439.0,83696216.0,141500.0,3758.0,7.2,2004.8334,2004,2004,11,Monday,4,-29487.172
Montgomery County,2004,12,2004-12-01,549.0,110078010.0,149600.0,3562.0,6.7,2004.9166,2004,2004,12,Wednesday,4,-21387.172
Montgomery County,2005,1,2005-01-01,347.0,62704265.0,138400.0,3670.0,6.9,2005.0,2005,2005,1,Saturday,1,-32587.172
Montgomery County,2005,2,2005-02-01,466.0,88685543.0,147100.0,3717.0,6.9,2005.0834,2005,2005,2,Tuesday,1,-23887.172
Montgomery County,2005,3,2005-03-01,532.0,106793343.0,152800.0,3814.0,7.2,2005.1666,2005,2005,3,Tuesday,1,-18187.172
Montgomery County,2005,4,2005-04-01,578.0,126591910.0,160400.0,3935.0,7.3,2005.25,2005,2005,4,Friday,2,-10587.172
Montgomery County,2005,5,2005-05-01,716.0,150914377.0,162600.0,3968.0,7.2,2005.3334,2005,2005,5,Sunday,2,-8387.172
Montgomery County,2005,6,2005-06-01,834.0,181376147.0,166700.0,3929.0,7.0,2005.4166,2005,2005,6,Wednesday,2,-4287.172
Montgomery County,2005,7,2005-07-01,802.0,169081619.0,159400.0,3829.0,6.7,2005.5,2005,2005,7,Friday,3,-11587.172
Montgomery County,2005,8,2005-08-01,807.0,170055538.0,161100.0,3794.0,6.4,2005.5834,2005,2005,8,Monday,3,-9887.172
Montgomery County,2005,9,2005-09-01,600.0,120527450.0,160000.0,3642.0,6.1,2005.6666,2005,2005,9,Thursday,3,-10987.172
Montgomery County,2005,10,2005-10-01,584.0,112710918.0,152300.0,3564.0,5.9,2005.75,2005,2005,10,Saturday,4,-18687.172
Montgomery County,2005,11,2005-11-01,572.0,117376173.0,154200.0,3410.0,5.5,2005.8334,2005,2005,11,Tuesday,4,-16787.172
Montgomery County,2005,12,2005-12-01,635.0,135828646.0,159800.0,3248.0,5.2,2005.9166,2005,2005,12,Thursday,4,-11187.172
Montgomery County,2006,1,2006-01-01,402.0,85321950.0,152800.0,3345.0,5.3,2006.0,2006,2006,1,Sunday,1,-18187.172
Montgomery County,2006,2,2006-02-01,500.0,102693248.0,155200.0,3354.0,5.3,2006.0834,2006,2006,2,Wednesday,1,-15787.172
Montgomery County,2006,3,2006-03-01,770.0,163539331.0,156700.0,3418.0,5.3,2006.1666,2006,2006,3,Wednesday,1,-14287.172
Montgomery County,2006,4,2006-04-01,630.0,129376073.0,157200.0,3572.0,5.5,2006.25,2006,2006,4,Saturday,2,-13787.172
Montgomery County,2006,5,2006-05-01,831.0,192246723.0,172400.0,3611.0,5.4,2006.3334,2006,2006,5,Monday,2,1412.8281
Montgomery County,2006,6,2006-06-01,929.0,222757002.0,171300.0,3652.0,5.4,2006.4166,2006,2006,6,Thursday,2,312.82812
Montgomery County,2006,7,2006-07-01,884.0,190664538.0,171600.0,3698.0,5.4,2006.5,2006,2006,7,Saturday,3,612.8281
Montgomery County,2006,8,2006-08-01,824.0,176422601.0,164900.0,3638.0,5.3,2006.5834,2006,2006,8,Tuesday,3,-6087.172
Montgomery County,2006,9,2006-09-01,704.0,153754192.0,162600.0,3589.0,5.2,2006.6666,2006,2006,9,Friday,3,-8387.172
Montgomery County,2006,10,2006-10-01,649.0,133594271.0,157900.0,3578.0,5.2,2006.75,2006,2006,10,Sunday,4,-13087.172
Montgomery County,2006,11,2006-11-01,626.0,131576987.0,160400.0,3598.0,5.1,2006.8334,2006,2006,11,Wednesday,4,-10587.172
Montgomery County,2006,12,2006-12-01,698.0,146643923.0,161300.0,3331.0,4.7,2006.9166,2006,2006,12,Friday,4,-9687.172
Montgomery County,2007,1,2007-01-01,501.0,104120412.0,157200.0,3400.0,4.8,2007.0,2007,2007,1,Monday,1,-13787.172
Montgomery County,2007,2,2007-02-01,592.0,126802093.0,159000.0,3505.0,4.9,2007.0834,2007,2007,2,Thursday,1,-11987.172
Montgomery County,2007,3,2007-03-01,715.0,159985312.0,166700.0,3676.0,5.1,2007.1666,2007,2007,3,Thursday,1,-4287.172
Montgomery County,2007,4,2007-04-01,664.0,149066732.0,168700.0,3839.0,5.3,2007.25,2007,2007,4,Sunday,2,-2287.1719
Montgomery County,2007,5,2007-05-01,847.0,199381986.0,175100.0,3967.0,5.5,2007.3334,2007,2007,5,Tuesday,2,4112.828
Montgomery County,2007,6,2007-06-01,855.0,207022258.0,179600.0,4115.0,5.8,2007.4166,2007,2007,6,Friday,2,8612.828
Montgomery County,2007,7,2007-07-01,801.0,197583189.0,185600.0,3937.0,5.6,2007.5,2007,2007,7,Sunday,3,14612.828
Montgomery County,2007,8,2007-08-01,881.0,214542345.0,175400.0,3902.0,5.5,2007.5834,2007,2007,8,Wednesday,3,4412.828
Montgomery County,2007,9,2007-09-01,565.0,136175292.0,171700.0,3942.0,5.6,2007.6666,2007,2007,9,Saturday,3,712.8281
Montgomery County,2007,10,2007-10-01,589.0,130581930.0,166700.0,3947.0,5.7,2007.75,2007,2007,10,Monday,4,-4287.172
Montgomery County,2007,11,2007-11-01,539.0,118134004.0,171700.0,3824.0,5.6,2007.8334,2007,2007,11,Thursday,4,712.8281
Montgomery County,2007,12,2007-12-01,542.0,126141072.0,167200.0,3639.0,5.4,2007.9166,2007,2007,12,Saturday,4,-3787.1719
Montgomery County,2008,1,2008-01-01,378.0,87161870.0,168600.0,3691.0,5.6,2008.0,2008,2008,1,Tuesday,1,-2387.1719
Montgomery County,2008,2,2008-02-01,504.0,113487645.0,170200.0,3688.0,5.6,2008.0834,2008,2008,2,Friday,1,-787.1719
Montgomery County,2008,3,2008-03-01,595.0,136045521.0,171000.0,3838.0,5.9,2008.1666,2008,2008,3,Saturday,1,12.828125
Montgomery County,2008,4,2008-04-01,575.0,135998344.0,169500.0,3950.0,6.2,2008.25,2008,2008,4,Tuesday,2,-1487.1719
Montgomery County,2008,5,2008-05-01,653.0,164690422.0,187100.0,4000.0,6.4,2008.3334,2008,2008,5,Thursday,2,16112.828
Montgomery County,2008,6,2008-06-01,715.0,188781176.0,196300.0,4124.0,6.7,2008.4166,2008,2008,6,Sunday,2,25312.828
Montgomery County,2008,7,2008-07-01,655.0,164320930.0,175500.0,4099.0,6.8,2008.5,2008,2008,7,Tuesday,3,4512.828
Montgomery County,2008,8,2008-08-01,651.0,154817138.0,177900.0,3852.0,6.6,2008.5834,2008,2008,8,Friday,3,6912.828
Montgomery County,2008,9,2008-09-01,432.0,110250070.0,180600.0,3751.0,6.6,2008.6666,2008,2008,9,Monday,3,9612.828
Montgomery County,2008,10,2008-10-01,461.0,101164413.0,160300.0,3707.0,6.6,2008.75,2008,2008,10,Wednesday,4,-10687.172
Montgomery County,2008,11,2008-11-01,325.0,67232889.0,161700.0,3547.0,6.6,2008.8334,2008,2008,11,Saturday,4,-9287.172
Montgomery County,2008,12,2008-12-01,427.0,94543584.0,171700.0,3296.0,6.2,2008.9166,2008,2008,12,Monday,4,712.8281
Montgomery County,2009,1,2009-01-01,289.0,56573293.0,146000.0,3419.0,6.5,2009.0,2009,2009,1,Thursday,1,-24987.172
Montgomery County,2009,2,2009-02-01,337.0,74953024.0,167500.0,3528.0,6.9,2009.0834,2009,2009,2,Sunday,1,-3487.1719
Montgomery County,2009,3,2009-03-01,475.0,102336623.0,168400.0,3706.0,7.4,2009.1666,2009,2009,3,Sunday,1,-2587.1719
Montgomery County,2009,4,2009-04-01,430.0,97760110.0,181900.0,3654.0,7.5,2009.25,2009,2009,4,Wednesday,2,10912.828
Montgomery County,2009,5,2009-05-01,526.0,127195783.0,186100.0,3670.0,7.7,2009.3334,2009,2009,5,Friday,2,15112.828
Montgomery County,2009,6,2009-06-01,616.0,149681724.0,190700.0,3770.0,8.0,2009.4166,2009,2009,6,Monday,2,19712.828
Montgomery County,2009,7,2009-07-01,674.0,172128577.0,191700.0,3638.0,7.7,2009.5,2009,2009,7,Wednesday,3,20712.828
Montgomery County,2009,8,2009-08-01,548.0,136846289.0,195300.0,3541.0,7.7,2009.5834,2009,2009,8,Saturday,3,24312.828
Montgomery County,2009,9,2009-09-01,550.0,121079312.0,170900.0,3381.0,7.2,2009.6666,2009,2009,9,Tuesday,3,-87.171875
Montgomery County,2009,10,2009-10-01,544.0,116469123.0,169800.0,3317.0,6.9,2009.75,2009,2009,10,Thursday,4,-1187.1719
Montgomery County,2009,11,2009-11-01,474.0,102038422.0,166300.0,3271.0,6.7,2009.8334,2009,2009,11,Sunday,4,-4687.172
Montgomery County,2009,12,2009-12-01,461.0,109420419.0,181900.0,3080.0,6.2,2009.9166,2009,2009,12,Tuesday,4,10912.828
Montgomery County,2010,1,2010-01-01,287.0,66477578.0,158800.0,3298.0,6.7,2010.0,2010,2010,1,Friday,1,-12187.172
Montgomery County,2010,2,2010-02-01,365.0,84790909.0,170300.0,3470.0,7.0,2010.0834,2010,2010,2,Monday,1,-687.1719
Montgomery County,2010,3,2010-03-01,536.0,121953270.0,177400.0,3674.0,7.3,2010.1666,2010,2010,3,Monday,1,6412.828
Montgomery County,2010,4,2010-04-01,593.0,133208954.0,175000.0,3772.0,7.3,2010.25,2010,2010,4,Thursday,2,4012.8281
Montgomery County,2010,5,2010-05-01,619.0,144351363.0,176600.0,3936.0,7.5,2010.3334,2010,2010,5,Saturday,2,5612.828
Montgomery County,2010,6,2010-06-01,669.0,163234328.0,179800.0,4216.0,8.0,2010.4166,2010,2010,6,Tuesday,2,8812.828
Montgomery County,2010,7,2010-07-01,544.0,137337887.0,189000.0,4248.0,8.2,2010.5,2010,2010,7,Thursday,3,18012.828
Montgomery County,2010,8,2010-08-01,518.0,134820849.0,185700.0,4202.0,8.2,2010.5834,2010,2010,8,Sunday,3,14712.828
Montgomery County,2010,9,2010-09-01,469.0,120796350.0,195000.0,4090.0,8.1,2010.6666,2010,2010,9,Wednesday,3,24012.828
Montgomery County,2010,10,2010-10-01,448.0,113032865.0,182900.0,3859.0,7.7,2010.75,2010,2010,10,Friday,4,11912.828
Montgomery County,2010,11,2010-11-01,438.0,102622935.0,178100.0,3712.0,7.5,2010.8334,2010,2010,11,Monday,4,7112.828
Montgomery County,2010,12,2010-12-01,455.0,102697606.0,174100.0,3500.0,7.1,2010.9166,2010,2010,12,Wednesday,4,3112.8281
Montgomery County,2011,1,2011-01-01,303.0,73972513.0,174200.0,3533.0,7.1,2011.0,2011,2011,1,Saturday,1,3212.8281
Montgomery County,2011,2,2011-02-01,369.0,89818041.0,179100.0,3638.0,7.3,2011.0834,2011,2011,2,Tuesday,1,8112.828
Montgomery County,2011,3,2011-03-01,518.0,131683910.0,183100.0,3886.0,7.8,2011.1666,2011,2011,3,Tuesday,1,12112.828
Montgomery County,2011,4,2011-04-01,518.0,123801438.0,182400.0,3967.0,8.1,2011.25,2011,2011,4,Friday,2,11412.828
Montgomery County,2011,5,2011-05-01,573.0,146601224.0,183700.0,3996.0,8.2,2011.3334,2011,2011,5,Sunday,2,12712.828
Montgomery County,2011,6,2011-06-01,668.0,171588267.0,192600.0,3901.0,8.0,2011.4166,2011,2011,6,Wednesday,2,21612.828
Montgomery County,2011,7,2011-07-01,619.0,152465705.0,197100.0,3833.0,7.8,2011.5,2011,2011,7,Friday,3,26112.828
Montgomery County,2011,8,2011-08-01,655.0,174369087.0,194900.0,3595.0,7.2,2011.5834,2011,2011,8,Monday,3,23912.828
Montgomery County,2011,9,2011-09-01,532.0,133664849.0,177000.0,3525.0,6.9,2011.6666,2011,2011,9,Thursday,3,6012.828
Montgomery County,2011,10,2011-10-01,442.0,102178763.0,179600.0,3353.0,6.6,2011.75,2011,2011,10,Saturday,4,8612.828
Montgomery County,2011,11,2011-11-01,408.0,95219968.0,174400.0,3230.0,6.4,2011.8334,2011,2011,11,Tuesday,4,3412.8281
Montgomery County,2011,12,2011-12-01,485.0,116764993.0,185600.0,3066.0,6.0,2011.9166,2011,2011,12,Thursday,4,14612.828
Montgomery County,2012,1,2012-01-01,304.0,77475784.0,165300.0,3070.0,6.0,2012.0,2012,2012,1,Sunday,1,-5687.172
Montgomery County,2012,2,2012-02-01,407.0,91923318.0,175200.0,3112.0,6.1,2012.0834,2012,2012,2,Wednesday,1,4212.828
Montgomery County,2012,3,2012-03-01,528.0,132248587.0,192600.0,3185.0,6.2,2012.1666,2012,2012,3,Thursday,1,21612.828
Montgomery County,2012,4,2012-04-01,568.0,144313453.0,194500.0,3182.0,6.2,2012.25,2012,2012,4,Sunday,2,23512.828
Montgomery County,2012,5,2012-05-01,789.0,200860796.0,193700.0,3249.0,6.1,2012.3334,2012,2012,5,Tuesday,2,22712.828
Montgomery County,2012,6,2012-06-01,774.0,209504853.0,212700.0,3274.0,6.0,2012.4166,2012,2012,6,Friday,2,41712.83
Montgomery County,2012,7,2012-07-01,693.0,180621009.0,199800.0,3215.0,5.9,2012.5,2012,2012,7,Sunday,3,28812.828
Montgomery County,2012,8,2012-08-01,744.0,186810415.0,198800.0,3045.0,5.5,2012.5834,2012,2012,8,Wednesday,3,27812.828
Montgomery County,2012,9,2012-09-01,632.0,151109901.0,187700.0,2960.0,5.2,2012.6666,2012,2012,9,Saturday,3,16712.828
Montgomery County,2012,10,2012-10-01,610.0,145018491.0,188800.0,2794.0,4.8,2012.75,2012,2012,10,Monday,4,17812.828
Montgomery County,2012,11,2012-11-01,529.0,124804286.0,190000.0,2674.0,4.5,2012.8334,2012,2012,11,Thursday,4,19012.828
Montgomery County,2012,12,2012-12-01,519.0,138769631.0,200300.0,2425.0,4.1,2012.9166,2012,2012,12,Saturday,4,29312.828
Montgomery County,2013,1,2013-01-01,413.0,101764157.0,183700.0,2466.0,4.1,2013.0,2013,2013,1,Tuesday,1,12712.828
Montgomery County,2013,2,2013-02-01,493.0,117971943.0,185900.0,2433.0,4.0,2013.0834,2013,2013,2,Friday,1,14912.828
Montgomery County,2013,3,2013-03-01,672.0,175456163.0,203200.0,2492.0,4.0,2013.1666,2013,2013,3,Friday,1,32212.828
Montgomery County,2013,4,2013-04-01,738.0,201748514.0,214800.0,2526.0,4.0,2013.25,2013,2013,4,Monday,2,43812.83
Montgomery County,2013,5,2013-05-01,938.0,253173157.0,206000.0,2551.0,3.9,2013.3334,2013,2013,5,Wednesday,2,35012.83
Montgomery County,2013,6,2013-06-01,932.0,279477859.0,237100.0,2536.0,3.8,2013.4166,2013,2013,6,Saturday,2,66112.83
Montgomery County,2013,7,2013-07-01,963.0,281832727.0,223300.0,2542.0,3.7,2013.5,2013,2013,7,Monday,3,52312.83
Montgomery County,2013,8,2013-08-01,912.0,262397934.0,218700.0,2578.0,3.7,2013.5834,2013,2013,8,Thursday,3,47712.83
Montgomery County,2013,9,2013-09-01,728.0,193224173.0,205300.0,2507.0,3.6,2013.6666,2013,2013,9,Sunday,3,34312.83
Montgomery County,2013,10,2013-10-01,706.0,201835217.0,212600.0,2361.0,3.3,2013.75,2013,2013,10,Tuesday,4,41612.83
Montgomery County,2013,11,2013-11-01,602.0,162681954.0,219900.0,2228.0,3.1,2013.8334,2013,2013,11,Friday,4,48912.83
Montgomery County,2013,12,2013-12-01,655.0,177117857.0,211300.0,2035.0,2.8,2013.9166,2013,2013,12,Sunday,4,40312.83
Montgomery County,2014,1,2014-01-01,457.0,124362808.0,215200.0,2036.0,2.8,2014.0,2014,2014,1,Wednesday,1,44212.83
Montgomery County,2014,2,2014-02-01,538.0,155000542.0,224700.0,2052.0,2.8,2014.0834,2014,2014,2,Saturday,1,53712.83
Montgomery County,2014,3,2014-03-01,701.0,199971748.0,221900.0,2122.0,2.9,2014.1666,2014,2014,3,Saturday,1,50912.83
Montgomery County,2014,4,2014-04-01,770.0,220649945.0,232000.0,2195.0,3.0,2014.25,2014,2014,4,Tuesday,2,61012.83
Montgomery County,2014,5,2014-05-01,897.0,268587303.0,233900.0,2343.0,3.2,2014.3334,2014,2014,5,Thursday,2,62912.83
Montgomery County,2014,6,2014-06-01,928.0,289784320.0,251100.0,2502.0,3.4,2014.4166,2014,2014,6,Sunday,2,80112.83
Montgomery County,2014,7,2014-07-01,955.0,288551567.0,245500.0,2611.0,3.5,2014.5,2014,2014,7,Tuesday,3,74512.83
Montgomery County,2014,8,2014-08-01,882.0,271248786.0,245100.0,2534.0,3.4,2014.5834,2014,2014,8,Friday,3,74112.83
Montgomery County,2014,9,2014-09-01,777.0,215673794.0,226800.0,2502.0,3.4,2014.6666,2014,2014,9,Monday,3,55812.83
Montgomery County,2014,10,2014-10-01,754.0,211023554.0,219400.0,2489.0,3.3,2014.75,2014,2014,10,Wednesday,4,48412.83
Montgomery County,2014,11,2014-11-01,588.0,174764985.0,225300.0,2436.0,3.3,2014.8334,2014,2014,11,Saturday,4,54312.83
Montgomery County,2014,12,2014-12-01,760.0,216086478.0,241500.0,2332.0,3.1,2014.9166,2014,2014,12,Monday,4,70512.83
Montgomery County,2015,1,2015-01-01,487.0,146660495.0,213200.0,2507.0,3.3,2015.0,2015,2015,1,Thursday,1,42212.83
Montgomery County,2015,2,2015-02-01,568.0,159713063.0,232000.0,2649.0,3.5,2015.0834,2015,2015,2,Sunday,1,61012.83
Montgomery County,2015,3,2015-03-01,759.0,213857010.0,230300.0,2864.0,3.8,2015.1666,2015,2015,3,Sunday,1,59312.83
Montgomery County,2015,4,2015-04-01,783.0,247366763.0,241900.0,2960.0,3.9,2015.25,2015,2015,4,Wednesday,2,70912.83
Montgomery County,2015,5,2015-05-01,860.0,268515335.0,246900.0,3033.0,4.0,2015.3334,2015,2015,5,Friday,2,75912.83
Montgomery County,2015,6,2015-06-01,1032.0,350936735.0,256300.0,3305.0,4.3,2015.4166,2015,2015,6,Monday,2,85312.83
Montgomery County,2015,7,2015-07-01,985.0,320756564.0,252600.0,3495.0,4.5,2015.5,2015,2015,7,Wednesday,3,81612.83
Nacogdoches,2000,1,2000-01-01,,,,,,2000.0,2000,2000,1,Saturday,1,
Nacogdoches,2000,2,2000-02-01,,,,,,2000.0834,2000,2000,2,Tuesday,1,
Nacogdoches,2000,3,2000-03-01,,,,,,2000.1666,2000,2000,3,Wednesday,1,
Nacogdoches,2000,4,2000-04-01,,,,,,2000.25,2000,2000,4,Saturday,2,
Nacogdoches,2000,5,2000-05-01,,,,,,2000.3334,2000,2000,5,Monday,2,
Nacogdoches,2000,6,2000-06-01,,,,,,2000.4166,2000,2000,6,Thursday,2,
Nacogdoches,2000,7,2000-07-01,,,,,,2000.5,2000,2000,7,Saturday,3,
Nacogdoches,2000,8,2000-08-01,,,,,,2000.5834,2000,2000,8,Tuesday,3,
Nacogdoches,2000,9,2000-09-01,,,,,,2000.6666,2000,2000,9,Friday,3,
Nacogdoches,2000,10,2000-10-01,,,,,,2000.75,2000,2000,10,Sunday,4,
Nacogdoches,2000,11,2000-11-01,19.0,1875000.0,88800.0,212.0,,2000.8334,2000,2000,11,Wednesday,4,-27131.25
Nacogdoches,2000,12,2000-12-01,,,,,,2000.9166,2000,2000,12,Friday,4,
Nacogdoches,2001,1,2001-01-01,21.0,2085000.0,85000.0,,,2001.0,2001,2001,1,Monday,1,-30931.25
Nacogdoches,2001,2,2001-02-01,33.0,3465000.0,101200.0,,,2001.0834,2001,2001,2,Thursday,1,-14731.25
Nacogdoches,2001,3,2001-03-01,37.0,3355000.0,82500.0,,,2001.1666,2001,2001,3,Thursday,1,-33431.25
Nacogdoches,2001,4,2001-04-01,31.0,3370000.0,97000.0,,,2001.25,2001,2001,4,Sunday,2,-18931.25
Nacogdoches,2001,5,2001-05-01,39.0,3975000.0,81700.0,,,2001.3334,2001,2001,5,Tuesday,2,-34231.25
Nacogdoches,2001,6,2001-06-01,44.0,5360000.0,92000.0,,,2001.4166,2001,2001,6,Friday,2,-23931.25
Nacogdoches,2001,7,2001-07-01,34.0,4410000.0,85700.0,,,2001.5,2001,2001,7,Sunday,3,-30231.25
Nacogdoches,2001,8,2001-08-01,38.0,3550000.0,85000.0,,,2001.5834,2001,2001,8,Wednesday,3,-30931.25
Nacogdoches,2001,9,2001-09-01,39.0,4080000.0,78800.0,,,2001.6666,2001,2001,9,Saturday,3,-37131.25
Nacogdoches,2001,10,2001-10-01,24.0,2410000.0,76700.0,,,2001.75,2001,2001,10,Monday,4,-39231.25
Nacogdoches,2001,11,2001-11-01,30.0,2700000.0,80000.0,,,2001.8334,2001,2001,11,Thursday,4,-35931.25
Nacogdoches,2001,12,2001-12-01,27.0,2155000.0,75000.0,,,2001.9166,2001,2001,12,Saturday,4,-40931.25
Nacogdoches,2002,1,2002-01-01,21.0,1985000.0,65000.0,66.0,2.0,2002.0,2002,2002,1,Tuesday,1,-50931.25
Nacogdoches,2002,2,2002-02-01,25.0,2660000.0,97000.0,,,2002.0834,2002,2002,2,Friday,1,-18931.25
Nacogdoches,2002,3,2002-03-01,27.0,2735000.0,86200.0,,,2002.1666,2002,2002,3,Friday,1,-29731.25
Nacogdoches,2002,4,2002-04-01,30.0,3430000.0,110000.0,,,2002.25,2002,2002,4,Monday,2,-5931.25
Nacogdoches,2002,5,2002-05-01,44.0,4890000.0,92500.0,,,2002.3334,2002,2002,5,Wednesday,2,-23431.25
Nacogdoches,2002,6,2002-06-01,42.0,4240000.0,90000.0,,,2002.4166,2002,2002,6,Saturday,2,-25931.25
Nacogdoches,2002,7,2002-07-01,40.0,5005000.0,106700.0,,,2002.5,2002,2002,7,Monday,3,-9231.25
Nacogdoches,2002,8,2002-08-01,42.0,4650000.0,100000.0,,,2002.5834,2002,2002,8,Thursday,3,-15931.25
Nacogdoches,2002,9,2002-09-01,31.0,3295000.0,97500.0,,,2002.6666,2002,2002,9,Sunday,3,-18431.25
Nacogdoches,2002,10,2002-10-01,32.0,3020000.0,83300.0,,,2002.75,2002,2002,10,Tuesday,4,-32631.25
Nacogdoches,2002,11,2002-11-01,20.0,1375000.0,60000.0,,,2002.8334,2002,2002,11,Friday,4,-55931.25
Nacogdoches,2002,12,2002-12-01,35.0,3370000.0,91000.0,,,2002.9166,2002,2002,12,Sunday,4,-24931.25
Nacogdoches,2003,1,2003-01-01,31.0,2390000.0,66200.0,222.0,6.7,2003.0,2003,2003,1,Wednesday,1,-49731.25
Nacogdoches,2003,2,2003-02-01,16.0,1685000.0,85000.0,236.0,7.3,2003.0834,2003,2003,2,Saturday,1,-30931.25
Nacogdoches,2003,3,2003-03-01,19.0,2270000.0,95000.0,61.0,1.9,2003.1666,2003,2003,3,Saturday,1,-20931.25
Nacogdoches,2003,4,2003-04-01,28.0,2700000.0,90000.0,62.0,2.0,2003.25,2003,2003,4,Tuesday,2,-25931.25
Nacogdoches,2003,5,2003-05-01,31.0,3305000.0,98300.0,54.0,1.8,2003.3334,2003,2003,5,Thursday,2,-17631.25
Nacogdoches,2003,6,2003-06-01,30.0,3775000.0,113300.0,253.0,8.6,2003.4166,2003,2003,6,Sunday,2,-2631.25
Nacogdoches,2003,7,2003-07-01,51.0,5240000.0,89400.0,253.0,8.3,2003.5,2003,2003,7,Tuesday,3,-26531.25
Nacogdoches,2003,8,2003-08-01,36.0,3995000.0,80000.0,253.0,8.4,2003.5834,2003,2003,8,Friday,3,-35931.25
Nacogdoches,2003,9,2003-09-01,34.0,4010000.0,108000.0,215.0,7.1,2003.6666,2003,2003,9,Monday,3,-7931.25
Nacogdoches,2003,10,2003-10-01,38.0,3850000.0,90000.0,238.0,7.7,2003.75,2003,2003,10,Wednesday,4,-25931.25
Nacogdoches,2003,11,2003-11-01,34.0,3450000.0,88300.0,,,2003.8334,2003,2003,11,Saturday,4,-27631.25
Nacogdoches,2003,12,2003-12-01,34.0,3680000.0,95000.0,671.0,21.1,2003.9166,2003,2003,12,Monday,4,-20931.25
Nacogdoches,2004,1,2004-01-01,25.0,3120000.0,122000.0,234.0,7.5,2004.0,2004,2004,1,Thursday,1,6068.75
Nacogdoches,2004,2,2004-02-01,28.0,2710000.0,70000.0,,,2004.0834,2004,2004,2,Sunday,1,-45931.25
Nacogdoches,2004,3,2004-03-01,37.0,4850000.0,117500.0,,,2004.1666,2004,2004,3,Monday,1,1568.75
Nacogdoches,2004,4,2004-04-01,39.0,4990000.0,116700.0,,,2004.25,2004,2004,4,Thursday,2,768.75
Nacogdoches,2004,5,2004-05-01,33.0,4155000.0,98800.0,,,2004.3334,2004,2004,5,Saturday,2,-17131.25
Nacogdoches,2004,6,2004-06-01,37.0,3935000.0,101200.0,,,2004.4166,2004,2004,6,Tuesday,2,-14731.25
Nacogdoches,2004,7,2004-07-01,34.0,4710000.0,127500.0,,,2004.5,2004,2004,7,Thursday,3,11568.75
Nacogdoches,2004,8,2004-08-01,50.0,6535000.0,106700.0,,,2004.5834,2004,2004,8,Sunday,3,-9231.25
Nacogdoches,2004,9,2004-09-01,34.0,4965000.0,112500.0,,,2004.6666,2004,2004,9,Wednesday,3,-3431.25
Nacogdoches,2004,10,2004-10-01,31.0,4920000.0,141700.0,,,2004.75,2004,2004,10,Friday,4,25768.75
Nacogdoches,2004,11,2004-11-01,30.0,3775000.0,112000.0,,,2004.8334,2004,2004,11,Monday,4,-3931.25
Nacogdoches,2004,12,2004-12-01,25.0,2845000.0,110000.0,,,2004.9166,2004,2004,12,Wednesday,4,-5931.25
Nacogdoches,2005,1,2005-01-01,27.0,3155000.0,125000.0,202.0,6.0,2005.0,2005,2005,1,Saturday,1,9068.75
Nacogdoches,2005,2,2005-02-01,36.0,2070000.0,54000.0,214.0,6.2,2005.0834,2005,2005,2,Tuesday,1,-61931.25
Nacogdoches,2005,3,2005-03-01,30.0,1770000.0,55000.0,232.0,6.9,2005.1666,2005,2005,3,Tuesday,1,-60931.25
Nacogdoches,2005,4,2005-04-01,33.0,2620000.0,55800.0,232.0,7.0,2005.25,2005,2005,4,Friday,2,-60131.25
Nacogdoches,2005,5,2005-05-01,38.0,2965000.0,68000.0,,,2005.3334,2005,2005,5,Sunday,2,-47931.25
Nacogdoches,2005,6,2005-06-01,61.0,4635000.0,67000.0,,,2005.4166,2005,2005,6,Wednesday,2,-48931.25
Nacogdoches,2005,7,2005-07-01,48.0,3580000.0,67000.0,,,2005.5,2005,2005,7,Friday,3,-48931.25
Nacogdoches,2005,8,2005-08-01,51.0,4880000.0,79400.0,,,2005.5834,2005,2005,8,Monday,3,-36531.25
Nacogdoches,2005,9,2005-09-01,42.0,3700000.0,72000.0,,,2005.6666,2005,2005,9,Thursday,3,-43931.25
Nacogdoches,2005,10,2005-10-01,32.0,2705000.0,80000.0,,,2005.75,2005,2005,10,Saturday,4,-35931.25
Nacogdoches,2005,11,2005-11-01,27.0,3460000.0,110000.0,182.0,4.9,2005.8334,2005,2005,11,Tuesday,4,-5931.25
Nacogdoches,2005,12,2005-12-01,36.0,3175000.0,65000.0,168.0,4.4,2005.9166,2005,2005,12,Thursday,4,-50931.25
Nacogdoches,2006,1,2006-01-01,26.0,3160000.0,100000.0,,,2006.0,2006,2006,1,Sunday,1,-15931.25
Nacogdoches,2006,2,2006-02-01,39.0,4920000.0,112500.0,,,2006.0834,2006,2006,2,Wednesday,1,-3431.25
Nacogdoches,2006,3,2006-03-01,38.0,4670000.0,113300.0,,,2006.1666,2006,2006,3,Wednesday,1,-2631.25
Nacogdoches,2006,4,2006-04-01,46.0,6000000.0,113300.0,,,2006.25,2006,2006,4,Saturday,2,-2631.25
Nacogdoches,2006,5,2006-05-01,45.0,6435000.0,138000.0,,,2006.3334,2006,2006,5,Monday,2,22068.75
Nacogdoches,2006,6,2006-06-01,58.0,7590000.0,112000.0,,,2006.4166,2006,2006,6,Thursday,2,-3931.25
Nacogdoches,2006,7,2006-07-01,45.0,8055000.0,146000.0,189.0,4.7,2006.5,2006,2006,7,Saturday,3,30068.75
Nacogdoches,2006,8,2006-08-01,50.0,6650000.0,114300.0,189.0,4.7,2006.5834,2006,2006,8,Tuesday,3,-1631.25
Nacogdoches,2006,9,2006-09-01,36.0,4620000.0,116000.0,198.0,5.0,2006.6666,2006,2006,9,Friday,3,68.75
Nacogdoches,2006,10,2006-10-01,44.0,5555000.0,108600.0,196.0,4.8,2006.75,2006,2006,10,Sunday,4,-7331.25
Nacogdoches,2006,11,2006-11-01,37.0,5385000.0,122500.0,,,2006.8334,2006,2006,11,Wednesday,4,6568.75
Nacogdoches,2006,12,2006-12-01,36.0,4970000.0,116000.0,,,2006.9166,2006,2006,12,Friday,4,68.75
Nacogdoches,2007,1,2007-01-01,29.0,3605000.0,103300.0,182.0,4.3,2007.0,2007,2007,1,Monday,1,-12631.25
Nacogdoches,2007,2,2007-02-01,32.0,3945000.0,100000.0,,,2007.0834,2007,2007,2,Thursday,1,-15931.25
Nacogdoches,2007,3,2007-03-01,27.0,3990000.0,135000.0,205.0,5.1,2007.1666,2007,2007,3,Thursday,1,19068.75
Nacogdoches,2007,4,2007-04-01,27.0,5150000.0,150000.0,,,2007.25,2007,2007,4,Sunday,2,34068.75
Nacogdoches,2007,5,2007-05-01,43.0,5175000.0,87000.0,,,2007.3334,2007,2007,5,Tuesday,2,-28931.25
Nacogdoches,2007,6,2007-06-01,47.0,6630000.0,131200.0,,,2007.4166,2007,2007,6,Friday,2,15268.75
Nacogdoches,2007,7,2007-07-01,38.0,6195000.0,136700.0,223.0,6.0,2007.5,2007,2007,7,Sunday,3,20768.75
Nacogdoches,2007,8,2007-08-01,48.0,6410000.0,100000.0,,,2007.5834,2007,2007,8,Wednesday,3,-15931.25
Nacogdoches,2007,9,2007-09-01,37.0,5845000.0,141700.0,244.0,6.6,2007.6666,2007,2007,9,Saturday,3,25768.75
Nacogdoches,2007,10,2007-10-01,31.0,5275000.0,125000.0,,,2007.75,2007,2007,10,Monday,4,9068.75
Nacogdoches,2007,11,2007-11-01,29.0,3225000.0,85000.0,221.0,6.3,2007.8334,2007,2007,11,Thursday,4,-30931.25
Nacogdoches,2007,12,2007-12-01,21.0,3560000.0,135000.0,220.0,6.5,2007.9166,2007,2007,12,Saturday,4,19068.75
Nacogdoches,2008,1,2008-01-01,17.0,2550000.0,150000.0,295.0,8.9,2008.0,2008,2008,1,Tuesday,1,34068.75
Nacogdoches,2008,2,2008-02-01,29.0,4055000.0,130000.0,296.0,9.0,2008.0834,2008,2008,2,Friday,1,14068.75
Nacogdoches,2008,3,2008-03-01,30.0,4545000.0,116000.0,297.0,9.0,2008.1666,2008,2008,3,Saturday,1,68.75
Nacogdoches,2008,4,2008-04-01,33.0,3620000.0,106200.0,315.0,9.4,2008.25,2008,2008,4,Tuesday,2,-9731.25
Nacogdoches,2008,5,2008-05-01,46.0,6720000.0,128000.0,312.0,9.2,2008.3334,2008,2008,5,Thursday,2,12068.75
Nacogdoches,2008,6,2008-06-01,33.0,4140000.0,116700.0,292.0,8.9,2008.4166,2008,2008,6,Sunday,2,768.75
Nacogdoches,2008,7,2008-07-01,38.0,4450000.0,104000.0,282.0,8.6,2008.5,2008,2008,7,Tuesday,3,-11931.25
Nacogdoches,2008,8,2008-08-01,35.0,4615000.0,121400.0,256.0,8.1,2008.5834,2008,2008,8,Friday,3,5468.75
Nacogdoches,2008,9,2008-09-01,30.0,4965000.0,145000.0,233.0,7.5,2008.6666,2008,2008,9,Monday,3,29068.75
Nacogdoches,2008,10,2008-10-01,28.0,3745000.0,142900.0,201.0,6.5,2008.75,2008,2008,10,Wednesday,4,26968.75
Nacogdoches,2008,11,2008-11-01,26.0,3795000.0,120000.0,240.0,7.9,2008.8334,2008,2008,11,Saturday,4,4068.75
Nacogdoches,2008,12,2008-12-01,20.0,2335000.0,125000.0,250.0,8.2,2008.9166,2008,2008,12,Monday,4,9068.75
Nacogdoches,2009,1,2009-01-01,14.0,1640000.0,120000.0,232.0,7.7,2009.0,2009,2009,1,Thursday,1,4068.75
Nacogdoches,2009,2,2009-02-01,17.0,2275000.0,98300.0,251.0,8.6,2009.0834,2009,2009,2,Sunday,1,-17631.25
Nacogdoches,2009,3,2009-03-01,23.0,2925000.0,121400.0,247.0,8.6,2009.1666,2009,2009,3,Sunday,1,5468.75
Nacogdoches,2009,4,2009-04-01,24.0,4020000.0,153300.0,257.0,9.2,2009.25,2009,2009,4,Wednesday,2,37368.75
Nacogdoches,2009,5,2009-05-01,23.0,3115000.0,130000.0,253.0,9.8,2009.3334,2009,2009,5,Friday,2,14068.75
Nacogdoches,2009,6,2009-06-01,47.0,6275000.0,118900.0,257.0,9.5,2009.4166,2009,2009,6,Monday,2,2968.75
Nacogdoches,2009,7,2009-07-01,63.0,6620000.0,91700.0,267.0,9.2,2009.5,2009,2009,7,Wednesday,3,-24231.25
Nacogdoches,2009,8,2009-08-01,35.0,4670000.0,126000.0,237.0,8.1,2009.5834,2009,2009,8,Saturday,3,10068.75
Nacogdoches,2009,9,2009-09-01,28.0,3485000.0,108000.0,226.0,7.8,2009.6666,2009,2009,9,Tuesday,3,-7931.25
Nacogdoches,2009,10,2009-10-01,33.0,5626300.0,137500.0,228.0,7.8,2009.75,2009,2009,10,Thursday,4,21568.75
Nacogdoches,2009,11,2009-11-01,30.0,4853700.0,133300.0,247.0,8.3,2009.8334,2009,2009,11,Sunday,4,17368.75
Nacogdoches,2009,12,2009-12-01,25.0,3384400.0,135000.0,244.0,8.1,2009.9166,2009,2009,12,Tuesday,4,19068.75
Nacogdoches,2010,1,2010-01-01,25.0,1910000.0,75000.0,228.0,7.3,2010.0,2010,2010,1,Friday,1,-40931.25
Nacogdoches,2010,2,2010-02-01,33.0,3073700.0,112500.0,,,2010.0834,2010,2010,2,Monday,1,-3431.25
Nacogdoches,2010,3,2010-03-01,25.0,3162250.0,130000.0,,,2010.1666,2010,2010,3,Monday,1,14068.75
Nacogdoches,2010,4,2010-04-01,43.0,6388217.0,162000.0,281.0,8.2,2010.25,2010,2010,4,Thursday,2,46068.75
Nacogdoches,2010,5,2010-05-01,41.0,5134218.0,120000.0,289.0,8.1,2010.3334,2010,2010,5,Saturday,2,4068.75
Nacogdoches,2010,6,2010-06-01,38.0,5073912.0,120000.0,298.0,8.5,2010.4166,2010,2010,6,Tuesday,2,4068.75
Nacogdoches,2010,7,2010-07-01,31.0,4580250.0,127100.0,276.0,8.6,2010.5,2010,2010,7,Thursday,3,11168.75
Nacogdoches,2010,8,2010-08-01,54.0,8595882.0,150000.0,248.0,7.3,2010.5834,2010,2010,8,Sunday,3,34068.75
Nacogdoches,2010,9,2010-09-01,32.0,3626800.0,120000.0,245.0,7.2,2010.6666,2010,2010,9,Wednesday,3,4068.75
Nacogdoches,2010,10,2010-10-01,23.0,3236491.0,135000.0,249.0,7.5,2010.75,2010,2010,10,Friday,4,19068.75
Nacogdoches,2010,11,2010-11-01,32.0,4593888.0,126700.0,249.0,7.4,2010.8334,2010,2010,11,Monday,4,10768.75
Nacogdoches,2010,12,2010-12-01,25.0,3545325.0,134000.0,234.0,7.0,2010.9166,2010,2010,12,Wednesday,4,18068.75
Nacogdoches,2011,1,2011-01-01,22.0,4030150.0,128000.0,233.0,7.0,2011.0,2011,2011,1,Saturday,1,12068.75
Nacogdoches,2011,2,2011-02-01,27.0,3258700.0,97500.0,235.0,7.2,2011.0834,2011,2011,2,Tuesday,1,-18431.25
Nacogdoches,2011,3,2011-03-01,21.0,3869795.0,165000.0,268.0,8.3,2011.1666,2011,2011,3,Tuesday,1,49068.75
Nacogdoches,2011,4,2011-04-01,17.0,2735300.0,125000.0,279.0,9.2,2011.25,2011,2011,4,Friday,2,9068.75
Nacogdoches,2011,5,2011-05-01,29.0,3660483.0,110000.0,262.0,9.0,2011.3334,2011,2011,5,Sunday,2,-5931.25
Nacogdoches,2011,6,2011-06-01,36.0,5164050.0,140000.0,277.0,9.5,2011.4166,2011,2011,6,Wednesday,2,24068.75
Nacogdoches,2011,7,2011-07-01,40.0,6228695.0,142900.0,293.0,9.8,2011.5,2011,2011,7,Friday,3,26968.75
Nacogdoches,2011,8,2011-08-01,39.0,5544450.0,135700.0,303.0,10.6,2011.5834,2011,2011,8,Monday,3,19768.75
Nacogdoches,2011,9,2011-09-01,34.0,4621083.0,123300.0,288.0,10.0,2011.6666,2011,2011,9,Thursday,3,7368.75
Nacogdoches,2011,10,2011-10-01,17.0,2198500.0,116700.0,264.0,9.3,2011.75,2011,2011,10,Saturday,4,768.75
Nacogdoches,2011,11,2011-11-01,21.0,3350500.0,141700.0,265.0,9.7,2011.8334,2011,2011,11,Tuesday,4,25768.75
Nacogdoches,2011,12,2011-12-01,20.0,2326570.0,90000.0,237.0,8.8,2011.9166,2011,2011,12,Thursday,4,-25931.25
Nacogdoches,2012,1,2012-01-01,16.0,2222600.0,144000.0,227.0,8.6,2012.0,2012,2012,1,Sunday,1,28068.75
Nacogdoches,2012,2,2012-02-01,30.0,4312658.0,130000.0,229.0,8.6,2012.0834,2012,2012,2,Wednesday,1,14068.75
Nacogdoches,2012,3,2012-03-01,29.0,4690250.0,143300.0,221.0,8.1,2012.1666,2012,2012,3,Thursday,1,27368.75
Nacogdoches,2012,4,2012-04-01,28.0,3777150.0,140000.0,226.0,8.0,2012.25,2012,2012,4,Sunday,2,24068.75
Nacogdoches,2012,5,2012-05-01,40.0,5363560.0,113300.0,237.0,8.1,2012.3334,2012,2012,5,Tuesday,2,-2631.25
Nacogdoches,2012,6,2012-06-01,25.0,3709340.0,118300.0,239.0,8.5,2012.4166,2012,2012,6,Friday,2,2368.75
Nacogdoches,2012,7,2012-07-01,42.0,6876732.0,153300.0,239.0,8.4,2012.5,2012,2012,7,Sunday,3,37368.75
Nacogdoches,2012,8,2012-08-01,35.0,5464400.0,155000.0,252.0,9.0,2012.5834,2012,2012,8,Wednesday,3,39068.75
Nacogdoches,2012,9,2012-09-01,24.0,3601800.0,155000.0,249.0,9.1,2012.6666,2012,2012,9,Saturday,3,39068.75
Nacogdoches,2012,10,2012-10-01,16.0,2638000.0,140000.0,254.0,9.3,2012.75,2012,2012,10,Monday,4,24068.75
Nacogdoches,2012,11,2012-11-01,24.0,3564850.0,140000.0,259.0,9.4,2012.8334,2012,2012,11,Thursday,4,24068.75
Nacogdoches,2012,12,2012-12-01,17.0,2964250.0,172500.0,247.0,9.1,2012.9166,2012,2012,12,Saturday,4,56568.75
Nacogdoches,2013,1,2013-01-01,23.0,3323000.0,126000.0,259.0,9.3,2013.0,2013,2013,1,Tuesday,1,10068.75
Nacogdoches,2013,2,2013-02-01,23.0,3839203.0,134000.0,274.0,10.1,2013.0834,2013,2013,2,Friday,1,18068.75
Nacogdoches,2013,3,2013-03-01,30.0,4893475.0,150000.0,286.0,10.5,2013.1666,2013,2013,3,Friday,1,34068.75
Nacogdoches,2013,4,2013-04-01,26.0,3937419.0,146700.0,277.0,10.2,2013.25,2013,2013,4,Monday,2,30768.75
Nacogdoches,2013,5,2013-05-01,41.0,6133000.0,132900.0,286.0,10.5,2013.3334,2013,2013,5,Wednesday,2,16968.75
Nacogdoches,2013,6,2013-06-01,38.0,5771450.0,136700.0,286.0,10.1,2013.4166,2013,2013,6,Saturday,2,20768.75
Nacogdoches,2013,7,2013-07-01,54.0,8234435.0,142900.0,285.0,9.7,2013.5,2013,2013,7,Monday,3,26968.75
Nacogdoches,2013,8,2013-08-01,29.0,3953603.0,112500.0,278.0,9.7,2013.5834,2013,2013,8,Thursday,3,-3431.25
Nacogdoches,2013,9,2013-09-01,25.0,3884300.0,130000.0,275.0,9.5,2013.6666,2013,2013,9,Sunday,3,14068.75
Nacogdoches,2013,10,2013-10-01,17.0,2132200.0,110000.0,276.0,9.5,2013.75,2013,2013,10,Tuesday,4,-5931.25
Nacogdoches,2013,11,2013-11-01,22.0,2397570.0,100000.0,266.0,9.3,2013.8334,2013,2013,11,Friday,4,-15931.25
Nacogdoches,2013,12,2013-12-01,30.0,5700050.0,168000.0,253.0,8.5,2013.9166,2013,2013,12,Sunday,4,52068.75
Nacogdoches,2014,1,2014-01-01,16.0,2059270.0,85000.0,274.0,9.4,2014.0,2014,2014,1,Wednesday,1,-30931.25
Nacogdoches,2014,2,2014-02-01,16.0,2365900.0,150000.0,275.0,9.6,2014.0834,2014,2014,2,Saturday,1,34068.75
Nacogdoches,2014,3,2014-03-01,23.0,3297805.0,142500.0,289.0,10.3,2014.1666,2014,2014,3,Saturday,1,26568.75
Nacogdoches,2014,4,2014-04-01,25.0,4217000.0,150000.0,277.0,9.9,2014.25,2014,2014,4,Tuesday,2,34068.75
Nacogdoches,2014,5,2014-05-01,37.0,4266526.0,107500.0,283.0,10.2,2014.3334,2014,2014,5,Thursday,2,-8431.25
Nacogdoches,2014,6,2014-06-01,33.0,5658062.0,136700.0,290.0,10.6,2014.4166,2014,2014,6,Sunday,2,20768.75
Nacogdoches,2014,7,2014-07-01,45.0,7098950.0,162500.0,292.0,11.0,2014.5,2014,2014,7,Tuesday,3,46568.75
Nacogdoches,2014,8,2014-08-01,34.0,6160400.0,146700.0,303.0,11.3,2014.5834,2014,2014,8,Friday,3,30768.75
Nacogdoches,2014,9,2014-09-01,22.0,3352690.0,155000.0,309.0,11.6,2014.6666,2014,2014,9,Monday,3,39068.75
Nacogdoches,2014,10,2014-10-01,26.0,4518378.0,165000.0,334.0,12.2,2014.75,2014,2014,10,Wednesday,4,49068.75
Nacogdoches,2014,11,2014-11-01,22.0,3120765.0,130000.0,314.0,11.5,2014.8334,2014,2014,11,Saturday,4,14068.75
Nacogdoches,2014,12,2014-12-01,23.0,3563100.0,152500.0,283.0,10.5,2014.9166,2014,2014,12,Monday,4,36568.75
Nacogdoches,2015,1,2015-01-01,20.0,3222150.0,140000.0,284.0,10.5,2015.0,2015,2015,1,Thursday,1,24068.75
Nacogdoches,2015,2,2015-02-01,16.0,3075300.0,185000.0,277.0,10.2,2015.0834,2015,2015,2,Sunday,1,69068.75
Nacogdoches,2015,3,2015-03-01,34.0,7229317.0,154300.0,264.0,9.4,2015.1666,2015,2015,3,Sunday,1,38368.75
Nacogdoches,2015,4,2015-04-01,32.0,4229290.0,120000.0,272.0,9.5,2015.25,2015,2015,4,Wednesday,2,4068.75
Nacogdoches,2015,5,2015-05-01,34.0,5808925.0,153300.0,274.0,9.6,2015.3334,2015,2015,5,Friday,2,37368.75
Nacogdoches,2015,6,2015-06-01,36.0,5718840.0,140000.0,291.0,10.2,2015.4166,2015,2015,6,Monday,2,24068.75
Nacogdoches,2015,7,2015-07-01,35.0,6137000.0,162500.0,289.0,10.4,2015.5,2015,2015,7,Wednesday,3,46568.75
Ne Tarrant County,2000,1,2000-01-01,344.0,62405222.0,137300.0,2205.0,3.8,2000.0,2000,2000,1,Saturday,1,-27649.203
Ne Tarrant County,2000,2,2000-02-01,531.0,89639468.0,131600.0,2170.0,3.7,2000.0834,2000,2000,2,Tuesday,1,-33349.203
Ne Tarrant County,2000,3,2000-03-01,717.0,121843202.0,133100.0,2019.0,3.4,2000.1666,2000,2000,3,Wednesday,1,-31849.203
Ne Tarrant County,2000,4,2000-04-01,590.0,101991988.0,132800.0,2010.0,3.3,2000.25,2000,2000,4,Saturday,2,-32149.203
Ne Tarrant County,2000,5,2000-05-01,746.0,129168618.0,135500.0,2045.0,3.3,2000.3334,2000,2000,5,Monday,2,-29449.203
Ne Tarrant County,2000,6,2000-06-01,727.0,134038305.0,142000.0,2094.0,3.5,2000.4166,2000,2000,6,Thursday,2,-22949.203
Ne Tarrant County,2000,7,2000-07-01,686.0,122164399.0,141000.0,2240.0,3.8,2000.5,2000,2000,7,Saturday,3,-23949.203
Ne Tarrant County,2000,8,2000-08-01,717.0,136240198.0,144000.0,2149.0,3.6,2000.5834,2000,2000,8,Tuesday,3,-20949.203
Ne Tarrant County,2000,9,2000-09-01,551.0,95026543.0,136900.0,2154.0,3.6,2000.6666,2000,2000,9,Friday,3,-28049.203
Ne Tarrant County,2000,10,2000-10-01,556.0,98981891.0,135000.0,2208.0,3.7,2000.75,2000,2000,10,Sunday,4,-29949.203
Ne Tarrant County,2000,11,2000-11-01,530.0,97558239.0,142700.0,2184.0,3.6,2000.8334,2000,2000,11,Wednesday,4,-22249.203
Ne Tarrant County,2000,12,2000-12-01,474.0,91298362.0,144800.0,2086.0,3.5,2000.9166,2000,2000,12,Friday,4,-20149.203
Ne Tarrant County,2001,1,2001-01-01,406.0,70204976.0,143000.0,2171.0,3.6,2001.0,2001,2001,1,Monday,1,-21949.203
Ne Tarrant County,2001,2,2001-02-01,546.0,93674863.0,139400.0,2183.0,3.6,2001.0834,2001,2001,2,Thursday,1,-25549.203
Ne Tarrant County,2001,3,2001-03-01,746.0,128862159.0,140300.0,2334.0,3.8,2001.1666,2001,2001,3,Thursday,1,-24649.203
Ne Tarrant County,2001,4,2001-04-01,605.0,107140423.0,142500.0,2484.0,4.1,2001.25,2001,2001,4,Sunday,2,-22449.203
Ne Tarrant County,2001,5,2001-05-01,813.0,150150845.0,142600.0,2554.0,4.2,2001.3334,2001,2001,5,Tuesday,2,-22349.203
Ne Tarrant County,2001,6,2001-06-01,802.0,156863029.0,152100.0,2600.0,4.2,2001.4166,2001,2001,6,Friday,2,-12849.203
Ne Tarrant County,2001,7,2001-07-01,819.0,166477809.0,157900.0,2589.0,4.1,2001.5,2001,2001,7,Sunday,3,-7049.203
Ne Tarrant County,2001,8,2001-08-01,749.0,141476808.0,148300.0,2606.0,4.1,2001.5834,2001,2001,8,Wednesday,3,-16649.203
Ne Tarrant County,2001,9,2001-09-01,528.0,93556942.0,143200.0,2681.0,4.2,2001.6666,2001,2001,9,Saturday,3,-21749.203
Ne Tarrant County,2001,10,2001-10-01,515.0,81544492.0,132300.0,2764.0,4.4,2001.75,2001,2001,10,Monday,4,-32649.203
Ne Tarrant County,2001,11,2001-11-01,549.0,100425645.0,145800.0,2636.0,4.2,2001.8334,2001,2001,11,Thursday,4,-19149.203
Ne Tarrant County,2001,12,2001-12-01,535.0,91010417.0,142200.0,2488.0,3.9,2001.9166,2001,2001,12,Saturday,4,-22749.203
Ne Tarrant County,2002,1,2002-01-01,466.0,83738453.0,142600.0,2762.0,4.3,2002.0,2002,2002,1,Tuesday,1,-22349.203
Ne Tarrant County,2002,2,2002-02-01,519.0,93597150.0,139900.0,2813.0,4.4,2002.0834,2002,2002,2,Friday,1,-25049.203
Ne Tarrant County,2002,3,2002-03-01,647.0,122782804.0,148900.0,2927.0,4.7,2002.1666,2002,2002,3,Friday,1,-16049.203
Ne Tarrant County,2002,4,2002-04-01,663.0,117842929.0,140900.0,3074.0,4.9,2002.25,2002,2002,4,Monday,2,-24049.203
Ne Tarrant County,2002,5,2002-05-01,755.0,145227937.0,151800.0,3186.0,5.1,2002.3334,2002,2002,5,Wednesday,2,-13149.203
Ne Tarrant County,2002,6,2002-06-01,744.0,144690646.0,154800.0,3213.0,5.1,2002.4166,2002,2002,6,Saturday,2,-10149.203
Ne Tarrant County,2002,7,2002-07-01,859.0,174156030.0,162400.0,3320.0,5.3,2002.5,2002,2002,7,Monday,3,-2549.2031
Ne Tarrant County,2002,8,2002-08-01,732.0,142597174.0,155200.0,3389.0,5.4,2002.5834,2002,2002,8,Thursday,3,-9749.203
Ne Tarrant County,2002,9,2002-09-01,601.0,98658541.0,142000.0,3516.0,5.6,2002.6666,2002,2002,9,Sunday,3,-22949.203
Ne Tarrant County,2002,10,2002-10-01,618.0,114560978.0,146700.0,3496.0,5.5,2002.75,2002,2002,10,Tuesday,4,-18249.203
Ne Tarrant County,2002,11,2002-11-01,563.0,98944810.0,144200.0,3343.0,5.2,2002.8334,2002,2002,11,Friday,4,-20749.203
Ne Tarrant County,2002,12,2002-12-01,714.0,133861407.0,151600.0,3088.0,4.7,2002.9166,2002,2002,12,Sunday,4,-13349.203
Ne Tarrant County,2003,1,2003-01-01,441.0,79702434.0,140700.0,3451.0,5.3,2003.0,2003,2003,1,Wednesday,1,-24249.203
Ne Tarrant County,2003,2,2003-02-01,539.0,97413309.0,145700.0,3623.0,5.5,2003.0834,2003,2003,2,Saturday,1,-19249.203
Ne Tarrant County,2003,3,2003-03-01,633.0,117808913.0,149400.0,3948.0,6.0,2003.1666,2003,2003,3,Saturday,1,-15549.203
Ne Tarrant County,2003,4,2003-04-01,662.0,120528392.0,148100.0,4016.0,6.1,2003.25,2003,2003,4,Tuesday,2,-16849.203
Ne Tarrant County,2003,5,2003-05-01,748.0,146749972.0,153300.0,4172.0,6.4,2003.3334,2003,2003,5,Thursday,2,-11649.203
Ne Tarrant County,2003,6,2003-06-01,810.0,156507905.0,155800.0,4289.0,6.5,2003.4166,2003,2003,6,Sunday,2,-9149.203
Ne Tarrant County,2003,7,2003-07-01,842.0,165573047.0,154900.0,4226.0,6.4,2003.5,2003,2003,7,Tuesday,3,-10049.203
Ne Tarrant County,2003,8,2003-08-01,872.0,177912057.0,160500.0,4081.0,6.1,2003.5834,2003,2003,8,Friday,3,-4449.203
Ne Tarrant County,2003,9,2003-09-01,698.0,132255989.0,152700.0,4081.0,6.0,2003.6666,2003,2003,9,Monday,3,-12249.203
Ne Tarrant County,2003,10,2003-10-01,620.0,118127455.0,145200.0,4048.0,6.0,2003.75,2003,2003,10,Wednesday,4,-19749.203
Ne Tarrant County,2003,11,2003-11-01,525.0,97710881.0,145300.0,3924.0,5.8,2003.8334,2003,2003,11,Saturday,4,-19649.203
Ne Tarrant County,2003,12,2003-12-01,650.0,128876226.0,158000.0,3785.0,5.6,2003.9166,2003,2003,12,Monday,4,-6949.203
Ne Tarrant County,2004,1,2004-01-01,452.0,85137862.0,145200.0,3907.0,5.8,2004.0,2004,2004,1,Thursday,1,-19749.203
Ne Tarrant County,2004,2,2004-02-01,565.0,102713367.0,140700.0,4054.0,6.0,2004.0834,2004,2004,2,Sunday,1,-24249.203
Ne Tarrant County,2004,3,2004-03-01,772.0,141279033.0,146400.0,4182.0,6.1,2004.1666,2004,2004,3,Monday,1,-18549.203
Ne Tarrant County,2004,4,2004-04-01,834.0,153351804.0,147700.0,4163.0,6.0,2004.25,2004,2004,4,Thursday,2,-17249.203
Ne Tarrant County,2004,5,2004-05-01,885.0,178276020.0,154500.0,4300.0,6.1,2004.3334,2004,2004,5,Saturday,2,-10449.203
Ne Tarrant County,2004,6,2004-06-01,942.0,204162502.0,160200.0,4360.0,6.0,2004.4166,2004,2004,6,Tuesday,2,-4749.203
Ne Tarrant County,2004,7,2004-07-01,866.0,176334415.0,159000.0,4272.0,5.9,2004.5,2004,2004,7,Thursday,3,-5949.203
Ne Tarrant County,2004,8,2004-08-01,905.0,183394178.0,158900.0,4122.0,5.7,2004.5834,2004,2004,8,Sunday,3,-6049.203
Ne Tarrant County,2004,9,2004-09-01,717.0,138618575.0,152100.0,3967.0,5.5,2004.6666,2004,2004,9,Wednesday,3,-12849.203
Ne Tarrant County,2004,10,2004-10-01,678.0,123886290.0,149600.0,3932.0,5.4,2004.75,2004,2004,10,Friday,4,-15349.203
Ne Tarrant County,2004,11,2004-11-01,646.0,130506936.0,157100.0,3860.0,5.2,2004.8334,2004,2004,11,Monday,4,-7849.203
Ne Tarrant County,2004,12,2004-12-01,716.0,145377169.0,155800.0,3622.0,4.8,2004.9166,2004,2004,12,Wednesday,4,-9149.203
Ne Tarrant County,2005,1,2005-01-01,471.0,95131538.0,154200.0,3916.0,5.2,2005.0,2005,2005,1,Saturday,1,-10749.203
Ne Tarrant County,2005,2,2005-02-01,615.0,117689278.0,149000.0,4004.0,5.3,2005.0834,2005,2005,2,Tuesday,1,-15949.203
Ne Tarrant County,2005,3,2005-03-01,807.0,162020473.0,151900.0,4115.0,5.4,2005.1666,2005,2005,3,Tuesday,1,-13049.203
Ne Tarrant County,2005,4,2005-04-01,841.0,167128206.0,153300.0,4249.0,5.6,2005.25,2005,2005,4,Friday,2,-11649.203
Ne Tarrant County,2005,5,2005-05-01,924.0,205730743.0,163500.0,4300.0,5.7,2005.3334,2005,2005,5,Sunday,2,-1449.2031
Ne Tarrant County,2005,6,2005-06-01,1055.0,233473096.0,166600.0,4280.0,5.6,2005.4166,2005,2005,6,Wednesday,2,1650.7969
Ne Tarrant County,2005,7,2005-07-01,962.0,221677855.0,168300.0,4088.0,5.3,2005.5,2005,2005,7,Friday,3,3350.7969
Ne Tarrant County,2005,8,2005-08-01,997.0,226405153.0,166000.0,,,2005.5834,2005,2005,8,Monday,3,1050.7969
Ne Tarrant County,2005,9,2005-09-01,895.0,180855371.0,159300.0,3726.0,4.7,2005.6666,2005,2005,9,Thursday,3,-5649.203
Ne Tarrant County,2005,10,2005-10-01,729.0,153551279.0,157100.0,3641.0,4.5,2005.75,2005,2005,10,Saturday,4,-7849.203
Ne Tarrant County,2005,11,2005-11-01,630.0,142912553.0,166900.0,3592.0,4.5,2005.8334,2005,2005,11,Tuesday,4,1950.7969
Ne Tarrant County,2005,12,2005-12-01,703.0,141404840.0,156000.0,3400.0,4.2,2005.9166,2005,2005,12,Thursday,4,-8949.203
Ne Tarrant County,2006,1,2006-01-01,539.0,108906167.0,148500.0,3686.0,4.6,2006.0,2006,2006,1,Sunday,1,-16449.203
Ne Tarrant County,2006,2,2006-02-01,609.0,136552949.0,155700.0,3764.0,4.7,2006.0834,2006,2006,2,Wednesday,1,-9249.203
Ne Tarrant County,2006,3,2006-03-01,907.0,189700192.0,155200.0,3885.0,4.8,2006.1666,2006,2006,3,Wednesday,1,-9749.203
Ne Tarrant County,2006,4,2006-04-01,782.0,157618765.0,152000.0,4043.0,5.0,2006.25,2006,2006,4,Saturday,2,-12949.203
Ne Tarrant County,2006,5,2006-05-01,966.0,206464184.0,162300.0,4084.0,5.0,2006.3334,2006,2006,5,Monday,2,-2649.2031
Ne Tarrant County,2006,6,2006-06-01,1150.0,270845349.0,172600.0,4141.0,5.0,2006.4166,2006,2006,6,Thursday,2,7650.797
Ne Tarrant County,2006,7,2006-07-01,1025.0,227082869.0,162500.0,4138.0,5.0,2006.5,2006,2006,7,Saturday,3,-2449.2031
Ne Tarrant County,2006,8,2006-08-01,1036.0,244300360.0,167700.0,4070.0,4.9,2006.5834,2006,2006,8,Tuesday,3,2750.7969
Ne Tarrant County,2006,9,2006-09-01,742.0,156430151.0,156400.0,3991.0,4.9,2006.6666,2006,2006,9,Friday,3,-8549.203
Ne Tarrant County,2006,10,2006-10-01,722.0,151549701.0,155800.0,3845.0,4.7,2006.75,2006,2006,10,Sunday,4,-9149.203
Ne Tarrant County,2006,11,2006-11-01,724.0,154309245.0,157400.0,3722.0,4.5,2006.8334,2006,2006,11,Wednesday,4,-7549.203
Ne Tarrant County,2006,12,2006-12-01,728.0,164718862.0,162900.0,3450.0,4.2,2006.9166,2006,2006,12,Friday,4,-2049.2031
Ne Tarrant County,2007,1,2007-01-01,520.0,116200015.0,155400.0,3518.0,4.3,2007.0,2007,2007,1,Monday,1,-9549.203
Ne Tarrant County,2007,2,2007-02-01,596.0,134151687.0,156900.0,3602.0,4.4,2007.0834,2007,2007,2,Thursday,1,-8049.203
Ne Tarrant County,2007,3,2007-03-01,814.0,177077676.0,155400.0,3897.0,4.8,2007.1666,2007,2007,3,Thursday,1,-9549.203
Ne Tarrant County,2007,4,2007-04-01,775.0,180110955.0,161700.0,4004.0,4.9,2007.25,2007,2007,4,Sunday,2,-3249.2031
Ne Tarrant County,2007,5,2007-05-01,867.0,211691329.0,171700.0,4079.0,5.0,2007.3334,2007,2007,5,Tuesday,2,6750.797
Ne Tarrant County,2007,6,2007-06-01,1029.0,256109705.0,169600.0,4110.0,5.1,2007.4166,2007,2007,6,Friday,2,4650.797
Ne Tarrant County,2007,7,2007-07-01,895.0,213494969.0,171000.0,4110.0,5.2,2007.5,2007,2007,7,Sunday,3,6050.797
Ne Tarrant County,2007,8,2007-08-01,890.0,220379793.0,173300.0,3980.0,5.1,2007.5834,2007,2007,8,Wednesday,3,8350.797
Ne Tarrant County,2007,9,2007-09-01,658.0,154367163.0,163800.0,3943.0,5.1,2007.6666,2007,2007,9,Saturday,3,-1149.2031
Ne Tarrant County,2007,10,2007-10-01,629.0,140312067.0,161900.0,3853.0,5.1,2007.75,2007,2007,10,Monday,4,-3049.2031
Ne Tarrant County,2007,11,2007-11-01,658.0,148449740.0,165200.0,3664.0,4.9,2007.8334,2007,2007,11,Thursday,4,250.79688
Ne Tarrant County,2007,12,2007-12-01,548.0,120029694.0,161700.0,3330.0,4.5,2007.9166,2007,2007,12,Saturday,4,-3249.2031
Ne Tarrant County,2008,1,2008-01-01,402.0,90006364.0,155900.0,3603.0,4.9,2008.0,2008,2008,1,Tuesday,1,-9049.203
Ne Tarrant County,2008,2,2008-02-01,559.0,130142288.0,164100.0,3707.0,5.1,2008.0834,2008,2008,2,Friday,1,-849.2031
Ne Tarrant County,2008,3,2008-03-01,641.0,139721907.0,159100.0,3867.0,5.4,2008.1666,2008,2008,3,Saturday,1,-5849.203
Ne Tarrant County,2008,4,2008-04-01,715.0,149867994.0,156800.0,3839.0,5.4,2008.25,2008,2008,4,Tuesday,2,-8149.203
Ne Tarrant County,2008,5,2008-05-01,785.0,187717023.0,174900.0,3900.0,5.6,2008.3334,2008,2008,5,Thursday,2,9950.797
Ne Tarrant County,2008,6,2008-06-01,856.0,218119747.0,179100.0,3986.0,5.8,2008.4166,2008,2008,6,Sunday,2,14150.797
Ne Tarrant County,2008,7,2008-07-01,802.0,194702714.0,166900.0,3832.0,5.6,2008.5,2008,2008,7,Tuesday,3,1950.7969
Ne Tarrant County,2008,8,2008-08-01,804.0,201920435.0,173700.0,3655.0,5.4,2008.5834,2008,2008,8,Friday,3,8750.797
Ne Tarrant County,2008,9,2008-09-01,619.0,140849890.0,159000.0,3434.0,5.1,2008.6666,2008,2008,9,Monday,3,-5949.203
Ne Tarrant County,2008,10,2008-10-01,553.0,127315363.0,162200.0,3373.0,5.1,2008.75,2008,2008,10,Wednesday,4,-2749.2031
Ne Tarrant County,2008,11,2008-11-01,396.0,88214920.0,158200.0,3314.0,5.2,2008.8334,2008,2008,11,Saturday,4,-6749.203
Ne Tarrant County,2008,12,2008-12-01,489.0,105388683.0,164200.0,3021.0,4.8,2008.9166,2008,2008,12,Monday,4,-749.2031
Ne Tarrant County,2009,1,2009-01-01,308.0,65593384.0,147600.0,3247.0,5.2,2009.0,2009,2009,1,Thursday,1,-17349.203
Ne Tarrant County,2009,2,2009-02-01,391.0,84674460.0,158700.0,3389.0,5.5,2009.0834,2009,2009,2,Sunday,1,-6249.203
Ne Tarrant County,2009,3,2009-03-01,529.0,116535394.0,154600.0,3557.0,5.9,2009.1666,2009,2009,3,Sunday,1,-10349.203
Ne Tarrant County,2009,4,2009-04-01,505.0,111697482.0,160300.0,3738.0,6.4,2009.25,2009,2009,4,Wednesday,2,-4649.203
Ne Tarrant County,2009,5,2009-05-01,584.0,131002387.0,164400.0,3723.0,6.5,2009.3334,2009,2009,5,Friday,2,-549.2031
Ne Tarrant County,2009,6,2009-06-01,702.0,162603317.0,173500.0,3416.0,6.1,2009.4166,2009,2009,6,Monday,2,8550.797
Ne Tarrant County,2009,7,2009-07-01,703.0,164615046.0,169100.0,3415.0,6.2,2009.5,2009,2009,7,Wednesday,3,4150.797
Ne Tarrant County,2009,8,2009-08-01,670.0,166634130.0,172600.0,3310.0,6.2,2009.5834,2009,2009,8,Saturday,3,7650.797
Ne Tarrant County,2009,9,2009-09-01,591.0,124192374.0,155700.0,3100.0,5.8,2009.6666,2009,2009,9,Tuesday,3,-9249.203
Ne Tarrant County,2009,10,2009-10-01,642.0,124353528.0,152600.0,2933.0,5.4,2009.75,2009,2009,10,Thursday,4,-12349.203
Ne Tarrant County,2009,11,2009-11-01,568.0,113883132.0,155700.0,2906.0,5.2,2009.8334,2009,2009,11,Sunday,4,-9249.203
Ne Tarrant County,2009,12,2009-12-01,493.0,106053888.0,159700.0,2764.0,5.0,2009.9166,2009,2009,12,Tuesday,4,-5249.203
Ne Tarrant County,2010,1,2010-01-01,337.0,81240296.0,176100.0,2880.0,5.1,2010.0,2010,2010,1,Friday,1,11150.797
Ne Tarrant County,2010,2,2010-02-01,415.0,83502047.0,159800.0,3082.0,5.5,2010.0834,2010,2010,2,Monday,1,-5149.203
Ne Tarrant County,2010,3,2010-03-01,658.0,136522213.0,158100.0,3348.0,5.8,2010.1666,2010,2010,3,Monday,1,-6849.203
Ne Tarrant County,2010,4,2010-04-01,720.0,150898616.0,161100.0,3366.0,5.7,2010.25,2010,2010,4,Thursday,2,-3849.2031
Ne Tarrant County,2010,5,2010-05-01,748.0,163218585.0,166700.0,3583.0,5.9,2010.3334,2010,2010,5,Saturday,2,1750.7969
Ne Tarrant County,2010,6,2010-06-01,679.0,162097490.0,172000.0,3826.0,6.4,2010.4166,2010,2010,6,Tuesday,2,7050.797
Ne Tarrant County,2010,7,2010-07-01,526.0,139705809.0,188500.0,3945.0,6.7,2010.5,2010,2010,7,Thursday,3,23550.797
Ne Tarrant County,2010,8,2010-08-01,532.0,131199130.0,187500.0,3822.0,6.6,2010.5834,2010,2010,8,Sunday,3,22550.797
Ne Tarrant County,2010,9,2010-09-01,496.0,116222857.0,173000.0,3646.0,6.4,2010.6666,2010,2010,9,Wednesday,3,8050.797
Ne Tarrant County,2010,10,2010-10-01,429.0,93357792.0,161800.0,3522.0,6.4,2010.75,2010,2010,10,Friday,4,-3149.2031
Ne Tarrant County,2010,11,2010-11-01,443.0,91773192.0,159800.0,3345.0,6.2,2010.8334,2010,2010,11,Monday,4,-5149.203
Ne Tarrant County,2010,12,2010-12-01,437.0,111243760.0,178400.0,3080.0,5.8,2010.9166,2010,2010,12,Wednesday,4,13450.797
Ne Tarrant County,2011,1,2011-01-01,318.0,70399111.0,161100.0,3142.0,5.9,2011.0,2011,2011,1,Saturday,1,-3849.2031
Ne Tarrant County,2011,2,2011-02-01,330.0,71600690.0,165200.0,3191.0,6.1,2011.0834,2011,2011,2,Tuesday,1,250.79688
Ne Tarrant County,2011,3,2011-03-01,559.0,119985411.0,153300.0,3310.0,6.4,2011.1666,2011,2011,3,Tuesday,1,-11649.203
Ne Tarrant County,2011,4,2011-04-01,533.0,120461438.0,163400.0,3316.0,6.6,2011.25,2011,2011,4,Friday,2,-1549.2031
Ne Tarrant County,2011,5,2011-05-01,684.0,157525935.0,164300.0,3416.0,6.9,2011.3334,2011,2011,5,Sunday,2,-649.2031
Ne Tarrant County,2011,6,2011-06-01,736.0,171566867.0,177300.0,3375.0,6.7,2011.4166,2011,2011,6,Wednesday,2,12350.797
Ne Tarrant County,2011,7,2011-07-01,623.0,142947663.0,170200.0,3352.0,6.6,2011.5,2011,2011,7,Friday,3,5250.797
Ne Tarrant County,2011,8,2011-08-01,688.0,165184295.0,174200.0,3041.0,5.8,2011.5834,2011,2011,8,Monday,3,9250.797
Ne Tarrant County,2011,9,2011-09-01,587.0,137326492.0,165800.0,2845.0,5.4,2011.6666,2011,2011,9,Thursday,3,850.7969
Ne Tarrant County,2011,10,2011-10-01,491.0,108288810.0,167700.0,2661.0,5.0,2011.75,2011,2011,10,Saturday,4,2750.7969
Ne Tarrant County,2011,11,2011-11-01,486.0,110848724.0,165400.0,2497.0,4.6,2011.8334,2011,2011,11,Tuesday,4,450.79688
Ne Tarrant County,2011,12,2011-12-01,499.0,113326046.0,175400.0,2259.0,4.1,2011.9166,2011,2011,12,Thursday,4,10450.797
Ne Tarrant County,2012,1,2012-01-01,370.0,78974889.0,166200.0,2243.0,4.1,2012.0,2012,2012,1,Sunday,1,1250.7969
Ne Tarrant County,2012,2,2012-02-01,466.0,106220394.0,165500.0,2420.0,4.3,2012.0834,2012,2012,2,Wednesday,1,550.7969
Ne Tarrant County,2012,3,2012-03-01,538.0,124304259.0,177600.0,2456.0,4.4,2012.1666,2012,2012,3,Thursday,1,12650.797
Ne Tarrant County,2012,4,2012-04-01,699.0,166823083.0,170700.0,2467.0,4.3,2012.25,2012,2012,4,Sunday,2,5750.797
Ne Tarrant County,2012,5,2012-05-01,805.0,201300707.0,180500.0,2555.0,4.4,2012.3334,2012,2012,5,Tuesday,2,15550.797
Ne Tarrant County,2012,6,2012-06-01,862.0,224122211.0,183300.0,2550.0,4.3,2012.4166,2012,2012,6,Friday,2,18350.797
Ne Tarrant County,2012,7,2012-07-01,829.0,211995115.0,180200.0,2428.0,4.0,2012.5,2012,2012,7,Sunday,3,15250.797
Ne Tarrant County,2012,8,2012-08-01,863.0,225487456.0,187000.0,2254.0,3.6,2012.5834,2012,2012,8,Wednesday,3,22050.797
Ne Tarrant County,2012,9,2012-09-01,622.0,141603929.0,175600.0,2168.0,3.5,2012.6666,2012,2012,9,Saturday,3,10650.797
Ne Tarrant County,2012,10,2012-10-01,637.0,150329894.0,175700.0,2002.0,3.1,2012.75,2012,2012,10,Monday,4,10750.797
Ne Tarrant County,2012,11,2012-11-01,596.0,128975236.0,167400.0,1894.0,2.9,2012.8334,2012,2012,11,Thursday,4,2450.7969
Ne Tarrant County,2012,12,2012-12-01,570.0,139678199.0,172300.0,1685.0,2.6,2012.9166,2012,2012,12,Saturday,4,7350.797
Ne Tarrant County,2013,1,2013-01-01,429.0,91282267.0,164100.0,1648.0,2.5,2013.0,2013,2013,1,Tuesday,1,-849.2031
Ne Tarrant County,2013,2,2013-02-01,528.0,122442427.0,179200.0,1662.0,2.5,2013.0834,2013,2013,2,Friday,1,14250.797
Ne Tarrant County,2013,3,2013-03-01,830.0,200751419.0,182100.0,1650.0,2.4,2013.1666,2013,2013,3,Friday,1,17150.797
Ne Tarrant County,2013,4,2013-04-01,864.0,205387068.0,181100.0,1598.0,2.3,2013.25,2013,2013,4,Monday,2,16150.797
Ne Tarrant County,2013,5,2013-05-01,1041.0,277149581.0,197100.0,1756.0,2.4,2013.3334,2013,2013,5,Wednesday,2,32150.797
Ne Tarrant County,2013,6,2013-06-01,1004.0,274163554.0,197100.0,1851.0,2.5,2013.4166,2013,2013,6,Saturday,2,32150.797
Ne Tarrant County,2013,7,2013-07-01,1025.0,277357421.0,198100.0,1898.0,2.5,2013.5,2013,2013,7,Monday,3,33150.797
Ne Tarrant County,2013,8,2013-08-01,987.0,249696458.0,188100.0,1807.0,2.4,2013.5834,2013,2013,8,Thursday,3,23150.797
Ne Tarrant County,2013,9,2013-09-01,745.0,187890318.0,191200.0,1685.0,2.2,2013.6666,2013,2013,9,Sunday,3,26250.797
Ne Tarrant County,2013,10,2013-10-01,710.0,177389871.0,188500.0,1590.0,2.0,2013.75,2013,2013,10,Tuesday,4,23550.797
Ne Tarrant County,2013,11,2013-11-01,616.0,151480140.0,180000.0,1457.0,1.9,2013.8334,2013,2013,11,Friday,4,15050.797
Ne Tarrant County,2013,12,2013-12-01,663.0,163296424.0,192700.0,1248.0,1.6,2013.9166,2013,2013,12,Sunday,4,27750.797
Ne Tarrant County,2014,1,2014-01-01,467.0,113897059.0,172100.0,1261.0,1.6,2014.0,2014,2014,1,Wednesday,1,7150.797
Ne Tarrant County,2014,2,2014-02-01,527.0,135657502.0,186600.0,1339.0,1.7,2014.0834,2014,2014,2,Saturday,1,21650.797
Ne Tarrant County,2014,3,2014-03-01,684.0,178837774.0,194500.0,1324.0,1.7,2014.1666,2014,2014,3,Saturday,1,29550.797
Ne Tarrant County,2014,4,2014-04-01,807.0,214355661.0,196400.0,1360.0,1.8,2014.25,2014,2014,4,Tuesday,2,31450.797
Ne Tarrant County,2014,5,2014-05-01,1006.0,287928918.0,208000.0,1515.0,2.0,2014.3334,2014,2014,5,Thursday,2,43050.797
Ne Tarrant County,2014,6,2014-06-01,1067.0,300596415.0,216600.0,1567.0,2.0,2014.4166,2014,2014,6,Sunday,2,51650.797
Ne Tarrant County,2014,7,2014-07-01,1012.0,287928753.0,214300.0,1663.0,2.1,2014.5,2014,2014,7,Tuesday,3,49350.797
Ne Tarrant County,2014,8,2014-08-01,998.0,277225959.0,215100.0,1589.0,2.0,2014.5834,2014,2014,8,Friday,3,50150.797
Ne Tarrant County,2014,9,2014-09-01,834.0,216953522.0,200400.0,1458.0,1.9,2014.6666,2014,2014,9,Monday,3,35450.797
Ne Tarrant County,2014,10,2014-10-01,813.0,212660089.0,198500.0,1397.0,1.8,2014.75,2014,2014,10,Wednesday,4,33550.797
Ne Tarrant County,2014,11,2014-11-01,613.0,154819821.0,197600.0,1248.0,1.6,2014.8334,2014,2014,11,Saturday,4,32650.797
Ne Tarrant County,2014,12,2014-12-01,717.0,189107609.0,201300.0,1079.0,1.4,2014.9166,2014,2014,12,Monday,4,36350.797
Ne Tarrant County,2015,1,2015-01-01,482.0,126608580.0,204000.0,1093.0,1.4,2015.0,2015,2015,1,Thursday,1,39050.797
Ne Tarrant County,2015,2,2015-02-01,549.0,149880485.0,203400.0,1080.0,1.4,2015.0834,2015,2015,2,Sunday,1,38450.797
Ne Tarrant County,2015,3,2015-03-01,796.0,224903778.0,213300.0,1122.0,1.4,2015.1666,2015,2015,3,Sunday,1,48350.797
Ne Tarrant County,2015,4,2015-04-01,759.0,223643361.0,232900.0,1231.0,1.5,2015.25,2015,2015,4,Wednesday,2,67950.8
Ne Tarrant County,2015,5,2015-05-01,914.0,268496668.0,233000.0,1377.0,1.7,2015.3334,2015,2015,5,Friday,2,68050.8
Ne Tarrant County,2015,6,2015-06-01,1128.0,364781158.0,241400.0,1451.0,1.8,2015.4166,2015,2015,6,Monday,2,76450.8
Ne Tarrant County,2015,7,2015-07-01,1155.0,366919315.0,237300.0,1638.0,2.0,2015.5,2015,2015,7,Wednesday,3,72350.8
Odessa,2000,1,2000-01-01,,,,,,2000.0,2000,2000,1,Saturday,1,
Odessa,2000,2,2000-02-01,,,,,,2000.0834,2000,2000,2,Tuesday,1,
Odessa,2000,3,2000-03-01,,,,,,2000.1666,2000,2000,3,Wednesday,1,
Odessa,2000,4,2000-04-01,,,,,,2000.25,2000,2000,4,Saturday,2,
Odessa,2000,5,2000-05-01,,,,,,2000.3334,2000,2000,5,Monday,2,
Odessa,2000,6,2000-06-01,,,,,,2000.4166,2000,2000,6,Thursday,2,
Odessa,2000,7,2000-07-01,,,,,,2000.5,2000,2000,7,Saturday,3,
Odessa,2000,8,2000-08-01,,,,,,2000.5834,2000,2000,8,Tuesday,3,
Odessa,2000,9,2000-09-01,,,,,,2000.6666,2000,2000,9,Friday,3,
Odessa,2000,10,2000-10-01,,,,,,2000.75,2000,2000,10,Sunday,4,
Odessa,2000,11,2000-11-01,,,,,,2000.8334,2000,2000,11,Wednesday,4,
Odessa,2000,12,2000-12-01,,,,,,2000.9166,2000,2000,12,Friday,4,
Odessa,2001,1,2001-01-01,,,,,,2001.0,2001,2001,1,Monday,1,
Odessa,2001,2,2001-02-01,,,,,,2001.0834,2001,2001,2,Thursday,1,
Odessa,2001,3,2001-03-01,,,,,,2001.1666,2001,2001,3,Thursday,1,
Odessa,2001,4,2001-04-01,,,,,,2001.25,2001,2001,4,Sunday,2,
Odessa,2001,5,2001-05-01,,,,,,2001.3334,2001,2001,5,Tuesday,2,
Odessa,2001,6,2001-06-01,,,,,,2001.4166,2001,2001,6,Friday,2,
Odessa,2001,7,2001-07-01,,,,,,2001.5,2001,2001,7,Sunday,3,
Odessa,2001,8,2001-08-01,,,,,,2001.5834,2001,2001,8,Wednesday,3,
Odessa,2001,9,2001-09-01,,,,,,2001.6666,2001,2001,9,Saturday,3,
Odessa,2001,10,2001-10-01,,,,,,2001.75,2001,2001,10,Monday,4,
Odessa,2001,11,2001-11-01,,,,,,2001.8334,2001,2001,11,Thursday,4,
Odessa,2001,12,2001-12-01,,,,,,2001.9166,2001,2001,12,Saturday,4,
Odessa,2002,1,2002-01-01,,,,,,2002.0,2002,2002,1,Tuesday,1,
Odessa,2002,2,2002-02-01,,,,,,2002.0834,2002,2002,2,Friday,1,
Odessa,2002,3,2002-03-01,,,,,,2002.1666,2002,2002,3,Friday,1,
Odessa,2002,4,2002-04-01,,,,,,2002.25,2002,2002,4,Monday,2,
Odessa,2002,5,2002-05-01,,,,,,2002.3334,2002,2002,5,Wednesday,2,
Odessa,2002,6,2002-06-01,,,,,,2002.4166,2002,2002,6,Saturday,2,
Odessa,2002,7,2002-07-01,,,,,,2002.5,2002,2002,7,Monday,3,
Odessa,2002,8,2002-08-01,,,,,,2002.5834,2002,2002,8,Thursday,3,
Odessa,2002,9,2002-09-01,,,,,,2002.6666,2002,2002,9,Sunday,3,
Odessa,2002,10,2002-10-01,,,,,,2002.75,2002,2002,10,Tuesday,4,
Odessa,2002,11,2002-11-01,,,,,,2002.8334,2002,2002,11,Friday,4,
Odessa,2002,12,2002-12-01,,,,,,2002.9166,2002,2002,12,Sunday,4,
Odessa,2003,1,2003-01-01,,,,,,2003.0,2003,2003,1,Wednesday,1,
Odessa,2003,2,2003-02-01,,,,,,2003.0834,2003,2003,2,Saturday,1,
Odessa,2003,3,2003-03-01,,,,,,2003.1666,2003,2003,3,Saturday,1,
Odessa,2003,4,2003-04-01,,,,,,2003.25,2003,2003,4,Tuesday,2,
Odessa,2003,5,2003-05-01,,,,,,2003.3334,2003,2003,5,Thursday,2,
Odessa,2003,6,2003-06-01,,,,,,2003.4166,2003,2003,6,Sunday,2,
Odessa,2003,7,2003-07-01,,,,,,2003.5,2003,2003,7,Tuesday,3,
Odessa,2003,8,2003-08-01,,,,,,2003.5834,2003,2003,8,Friday,3,
Odessa,2003,9,2003-09-01,,,,,,2003.6666,2003,2003,9,Monday,3,
Odessa,2003,10,2003-10-01,,,,,,2003.75,2003,2003,10,Wednesday,4,
Odessa,2003,11,2003-11-01,,,,,,2003.8334,2003,2003,11,Saturday,4,
Odessa,2003,12,2003-12-01,,,,,,2003.9166,2003,2003,12,Monday,4,
Odessa,2004,1,2004-01-01,,,,,,2004.0,2004,2004,1,Thursday,1,
Odessa,2004,2,2004-02-01,,,,,,2004.0834,2004,2004,2,Sunday,1,
Odessa,2004,3,2004-03-01,,,,,,2004.1666,2004,2004,3,Monday,1,
Odessa,2004,4,2004-04-01,,,,,,2004.25,2004,2004,4,Thursday,2,
Odessa,2004,5,2004-05-01,,,,,,2004.3334,2004,2004,5,Saturday,2,
Odessa,2004,6,2004-06-01,,,,,,2004.4166,2004,2004,6,Tuesday,2,
Odessa,2004,7,2004-07-01,,,,,,2004.5,2004,2004,7,Thursday,3,
Odessa,2004,8,2004-08-01,,,,,,2004.5834,2004,2004,8,Sunday,3,
Odessa,2004,9,2004-09-01,,,,,,2004.6666,2004,2004,9,Wednesday,3,
Odessa,2004,10,2004-10-01,,,,,,2004.75,2004,2004,10,Friday,4,
Odessa,2004,11,2004-11-01,,,,,,2004.8334,2004,2004,11,Monday,4,
Odessa,2004,12,2004-12-01,,,,,,2004.9166,2004,2004,12,Wednesday,4,
Odessa,2005,1,2005-01-01,,,,,,2005.0,2005,2005,1,Saturday,1,
Odessa,2005,2,2005-02-01,,,,,,2005.0834,2005,2005,2,Tuesday,1,
Odessa,2005,3,2005-03-01,,,,,,2005.1666,2005,2005,3,Tuesday,1,
Odessa,2005,4,2005-04-01,,,,,,2005.25,2005,2005,4,Friday,2,
Odessa,2005,5,2005-05-01,,,,,,2005.3334,2005,2005,5,Sunday,2,
Odessa,2005,6,2005-06-01,,,,,,2005.4166,2005,2005,6,Wednesday,2,
Odessa,2005,7,2005-07-01,,,,,,2005.5,2005,2005,7,Friday,3,
Odessa,2005,8,2005-08-01,,,,,,2005.5834,2005,2005,8,Monday,3,
Odessa,2005,9,2005-09-01,,,,,,2005.6666,2005,2005,9,Thursday,3,
Odessa,2005,10,2005-10-01,,,,,,2005.75,2005,2005,10,Saturday,4,
Odessa,2005,11,2005-11-01,,,,,,2005.8334,2005,2005,11,Tuesday,4,
Odessa,2005,12,2005-12-01,,,,,,2005.9166,2005,2005,12,Thursday,4,
Odessa,2006,1,2006-01-01,88.0,6685000.0,62900.0,,,2006.0,2006,2006,1,Sunday,1,-73666.09
Odessa,2006,2,2006-02-01,135.0,11565000.0,71600.0,,,2006.0834,2006,2006,2,Wednesday,1,-64966.094
Odessa,2006,3,2006-03-01,123.0,11535000.0,78500.0,,,2006.1666,2006,2006,3,Wednesday,1,-58066.094
Odessa,2006,4,2006-04-01,102.0,11005000.0,81000.0,,,2006.25,2006,2006,4,Saturday,2,-55566.094
Odessa,2006,5,2006-05-01,113.0,11255000.0,81400.0,,,2006.3334,2006,2006,5,Monday,2,-55166.094
Odessa,2006,6,2006-06-01,144.0,17065000.0,91200.0,,,2006.4166,2006,2006,6,Thursday,2,-45366.094
Odessa,2006,7,2006-07-01,142.0,14770000.0,86200.0,164.0,,2006.5,2006,2006,7,Saturday,3,-50366.094
Odessa,2006,8,2006-08-01,168.0,19830000.0,101400.0,,,2006.5834,2006,2006,8,Tuesday,3,-35166.094
Odessa,2006,9,2006-09-01,156.0,17830000.0,91800.0,,,2006.6666,2006,2006,9,Friday,3,-44766.094
Odessa,2006,10,2006-10-01,137.0,15260000.0,89000.0,,,2006.75,2006,2006,10,Sunday,4,-47566.094
Odessa,2006,11,2006-11-01,132.0,15855000.0,101300.0,,,2006.8334,2006,2006,11,Wednesday,4,-35266.094
Odessa,2006,12,2006-12-01,103.0,14845000.0,116700.0,,,2006.9166,2006,2006,12,Friday,4,-19866.094
Odessa,2007,1,2007-01-01,84.0,9950000.0,105700.0,,,2007.0,2007,2007,1,Monday,1,-30866.094
Odessa,2007,2,2007-02-01,116.0,14590000.0,105500.0,,,2007.0834,2007,2007,2,Thursday,1,-31066.094
Odessa,2007,3,2007-03-01,110.0,13465000.0,98300.0,,,2007.1666,2007,2007,3,Thursday,1,-38266.094
Odessa,2007,4,2007-04-01,112.0,14140000.0,109200.0,,,2007.25,2007,2007,4,Sunday,2,-27366.094
Odessa,2007,5,2007-05-01,125.0,15920000.0,110000.0,,,2007.3334,2007,2007,5,Tuesday,2,-26566.094
Odessa,2007,6,2007-06-01,142.0,22000000.0,123000.0,,,2007.4166,2007,2007,6,Friday,2,-13566.094
Odessa,2007,7,2007-07-01,122.0,16940000.0,126000.0,,,2007.5,2007,2007,7,Sunday,3,-10566.094
Odessa,2007,8,2007-08-01,144.0,19300000.0,122100.0,,,2007.5834,2007,2007,8,Wednesday,3,-14466.094
Odessa,2007,9,2007-09-01,106.0,15035000.0,121300.0,,,2007.6666,2007,2007,9,Saturday,3,-15266.094
Odessa,2007,10,2007-10-01,112.0,14995000.0,103300.0,,,2007.75,2007,2007,10,Monday,4,-33266.094
Odessa,2007,11,2007-11-01,98.0,12415000.0,112500.0,,,2007.8334,2007,2007,11,Thursday,4,-24066.094
Odessa,2007,12,2007-12-01,79.0,11220000.0,121100.0,,,2007.9166,2007,2007,12,Saturday,4,-15466.094
Odessa,2008,1,2008-01-01,83.0,11230000.0,112900.0,,,2008.0,2008,2008,1,Tuesday,1,-23666.094
Odessa,2008,2,2008-02-01,108.0,12865000.0,104600.0,,,2008.0834,2008,2008,2,Friday,1,-31966.094
Odessa,2008,3,2008-03-01,126.0,17035000.0,120000.0,,,2008.1666,2008,2008,3,Saturday,1,-16566.094
Odessa,2008,4,2008-04-01,142.0,20020000.0,118800.0,,,2008.25,2008,2008,4,Tuesday,2,-17766.094
Odessa,2008,5,2008-05-01,109.0,16205000.0,119500.0,,,2008.3334,2008,2008,5,Thursday,2,-17066.094
Odessa,2008,6,2008-06-01,116.0,19820000.0,143300.0,,,2008.4166,2008,2008,6,Sunday,2,6733.9062
Odessa,2008,7,2008-07-01,131.0,19280000.0,127500.0,,,2008.5,2008,2008,7,Tuesday,3,-9066.094
Odessa,2008,8,2008-08-01,150.0,23100000.0,136700.0,91.0,0.8,2008.5834,2008,2008,8,Friday,3,133.90625
Odessa,2008,9,2008-09-01,117.0,15375000.0,121600.0,,,2008.6666,2008,2008,9,Monday,3,-14966.094
Odessa,2008,10,2008-10-01,121.0,18275000.0,126400.0,,,2008.75,2008,2008,10,Wednesday,4,-10166.094
Odessa,2008,11,2008-11-01,78.0,11135000.0,116700.0,,,2008.8334,2008,2008,11,Saturday,4,-19866.094
Odessa,2008,12,2008-12-01,64.0,9550000.0,110000.0,,,2008.9166,2008,2008,12,Monday,4,-26566.094
Odessa,2009,1,2009-01-01,37.0,5985000.0,135700.0,366.0,3.4,2009.0,2009,2009,1,Thursday,1,-866.09375
Odessa,2009,2,2009-02-01,53.0,7670000.0,130000.0,389.0,3.8,2009.0834,2009,2009,2,Sunday,1,-6566.0938
Odessa,2009,3,2009-03-01,80.0,11971850.0,136400.0,406.0,4.1,2009.1666,2009,2009,3,Sunday,1,-166.09375
Odessa,2009,4,2009-04-01,63.0,8321511.0,128800.0,407.0,4.4,2009.25,2009,2009,4,Wednesday,2,-7766.0938
Odessa,2009,5,2009-05-01,71.0,12500000.0,144300.0,432.0,4.8,2009.3334,2009,2009,5,Friday,2,7733.9062
Odessa,2009,6,2009-06-01,70.0,9724500.0,133300.0,438.0,5.1,2009.4166,2009,2009,6,Monday,2,-3266.0938
Odessa,2009,7,2009-07-01,82.0,11762650.0,137800.0,477.0,5.8,2009.5,2009,2009,7,Wednesday,3,1233.9062
Odessa,2009,8,2009-08-01,64.0,7843402.0,113300.0,486.0,6.5,2009.5834,2009,2009,8,Saturday,3,-23266.094
Odessa,2009,9,2009-09-01,77.0,10661256.0,127800.0,448.0,6.3,2009.6666,2009,2009,9,Tuesday,3,-8766.094
Odessa,2009,10,2009-10-01,88.0,13209052.0,130000.0,454.0,6.6,2009.75,2009,2009,10,Thursday,4,-6566.0938
Odessa,2009,11,2009-11-01,88.0,12226635.0,118500.0,472.0,6.8,2009.8334,2009,2009,11,Sunday,4,-18066.094
Odessa,2009,12,2009-12-01,74.0,11918700.0,138200.0,480.0,6.8,2009.9166,2009,2009,12,Tuesday,4,1633.9062
Odessa,2010,1,2010-01-01,32.0,4096350.0,117500.0,435.0,6.2,2010.0,2010,2010,1,Friday,1,-19066.094
Odessa,2010,2,2010-02-01,67.0,9378145.0,123100.0,424.0,5.9,2010.0834,2010,2010,2,Monday,1,-13466.094
Odessa,2010,3,2010-03-01,120.0,16696599.0,120000.0,635.0,8.5,2010.1666,2010,2010,3,Monday,1,-16566.094
Odessa,2010,4,2010-04-01,114.0,15438258.0,117800.0,393.0,5.0,2010.25,2010,2010,4,Thursday,2,-18766.094
Odessa,2010,5,2010-05-01,93.0,12987098.0,126900.0,410.0,5.1,2010.3334,2010,2010,5,Saturday,2,-9666.094
Odessa,2010,6,2010-06-01,131.0,17835807.0,125300.0,678.0,7.9,2010.4166,2010,2010,6,Tuesday,2,-11266.094
Odessa,2010,7,2010-07-01,67.0,9988644.0,138800.0,406.0,4.8,2010.5,2010,2010,7,Thursday,3,2233.9062
Odessa,2010,8,2010-08-01,86.0,14390896.0,150000.0,395.0,4.6,2010.5834,2010,2010,8,Sunday,3,13433.906
Odessa,2010,9,2010-09-01,74.0,10849880.0,132900.0,388.0,4.5,2010.6666,2010,2010,9,Wednesday,3,-3666.0938
Odessa,2010,10,2010-10-01,71.0,8894488.0,113000.0,363.0,4.3,2010.75,2010,2010,10,Friday,4,-23566.094
Odessa,2010,11,2010-11-01,48.0,7977157.0,155000.0,347.0,4.3,2010.8334,2010,2010,11,Monday,4,18433.906
Odessa,2010,12,2010-12-01,68.0,9443392.0,128900.0,328.0,4.1,2010.9166,2010,2010,12,Wednesday,4,-7666.0938
Odessa,2011,1,2011-01-01,50.0,7779640.0,136700.0,331.0,4.0,2011.0,2011,2011,1,Saturday,1,133.90625
Odessa,2011,2,2011-02-01,50.0,7682820.0,137500.0,301.0,3.7,2011.0834,2011,2011,2,Tuesday,1,933.90625
Odessa,2011,3,2011-03-01,142.0,23826897.0,146700.0,537.0,6.5,2011.1666,2011,2011,3,Tuesday,1,10133.906
Odessa,2011,4,2011-04-01,113.0,15588194.0,136300.0,504.0,6.1,2011.25,2011,2011,4,Friday,2,-266.09375
Odessa,2011,5,2011-05-01,99.0,14913137.0,142700.0,247.0,3.0,2011.3334,2011,2011,5,Sunday,2,6133.9062
Odessa,2011,6,2011-06-01,90.0,14833916.0,144000.0,477.0,6.0,2011.4166,2011,2011,6,Wednesday,2,7433.9062
Odessa,2011,7,2011-07-01,84.0,13323065.0,144000.0,318.0,3.9,2011.5,2011,2011,7,Friday,3,7433.9062
Odessa,2011,8,2011-08-01,89.0,13056442.0,142500.0,349.0,4.3,2011.5834,2011,2011,8,Monday,3,5933.9062
Odessa,2011,9,2011-09-01,81.0,12966145.0,141100.0,337.0,4.1,2011.6666,2011,2011,9,Thursday,3,4533.9062
Odessa,2011,10,2011-10-01,84.0,12970870.0,148300.0,327.0,3.9,2011.75,2011,2011,10,Saturday,4,11733.906
Odessa,2011,11,2011-11-01,81.0,10745741.0,125000.0,299.0,3.5,2011.8334,2011,2011,11,Tuesday,4,-11566.094
Odessa,2011,12,2011-12-01,95.0,13416501.0,129300.0,437.0,5.0,2011.9166,2011,2011,12,Thursday,4,-7266.0938
Odessa,2012,1,2012-01-01,78.0,12343660.0,152000.0,215.0,2.4,2012.0,2012,2012,1,Sunday,1,15433.906
Odessa,2012,2,2012-02-01,87.0,14883395.0,142500.0,224.0,2.4,2012.0834,2012,2012,2,Wednesday,1,5933.9062
Odessa,2012,3,2012-03-01,102.0,16124666.0,138300.0,153.0,1.7,2012.1666,2012,2012,3,Thursday,1,1733.9062
Odessa,2012,4,2012-04-01,92.0,14786168.0,135400.0,182.0,2.1,2012.25,2012,2012,4,Sunday,2,-1166.0938
Odessa,2012,5,2012-05-01,97.0,16195269.0,156400.0,171.0,1.9,2012.3334,2012,2012,5,Tuesday,2,19833.906
Odessa,2012,6,2012-06-01,103.0,17788913.0,156200.0,189.0,2.1,2012.4166,2012,2012,6,Friday,2,19633.906
Odessa,2012,7,2012-07-01,93.0,14349580.0,142700.0,217.0,2.4,2012.5,2012,2012,7,Sunday,3,6133.9062
Odessa,2012,8,2012-08-01,116.0,20801995.0,158800.0,217.0,2.3,2012.5834,2012,2012,8,Wednesday,3,22233.906
Odessa,2012,9,2012-09-01,98.0,16687488.0,155700.0,245.0,2.6,2012.6666,2012,2012,9,Saturday,3,19133.906
Odessa,2012,10,2012-10-01,87.0,14214959.0,155000.0,255.0,2.7,2012.75,2012,2012,10,Monday,4,18433.906
Odessa,2012,11,2012-11-01,93.0,14608104.0,150500.0,254.0,2.7,2012.8334,2012,2012,11,Thursday,4,13933.906
Odessa,2012,12,2012-12-01,68.0,12330563.0,158000.0,254.0,2.7,2012.9166,2012,2012,12,Saturday,4,21433.906
Odessa,2013,1,2013-01-01,68.0,12857497.0,163300.0,234.0,2.5,2013.0,2013,2013,1,Tuesday,1,26733.906
Odessa,2013,2,2013-02-01,69.0,10818019.0,150800.0,186.0,2.1,2013.0834,2013,2013,2,Friday,1,14233.906
Odessa,2013,3,2013-03-01,105.0,18319444.0,152700.0,188.0,2.1,2013.1666,2013,2013,3,Friday,1,16133.906
Odessa,2013,4,2013-04-01,124.0,21290243.0,154000.0,157.0,1.7,2013.25,2013,2013,4,Monday,2,17433.906
Odessa,2013,5,2013-05-01,110.0,20169007.0,167300.0,178.0,1.9,2013.3334,2013,2013,5,Wednesday,2,30733.906
Odessa,2013,6,2013-06-01,116.0,21850259.0,158800.0,187.0,2.0,2013.4166,2013,2013,6,Saturday,2,22233.906
Odessa,2013,7,2013-07-01,113.0,21364160.0,162500.0,234.0,2.4,2013.5,2013,2013,7,Monday,3,25933.906
Odessa,2013,8,2013-08-01,127.0,23643112.0,170000.0,268.0,2.7,2013.5834,2013,2013,8,Thursday,3,33433.906
Odessa,2013,9,2013-09-01,87.0,16191809.0,182000.0,266.0,2.7,2013.6666,2013,2013,9,Sunday,3,45433.906
Odessa,2013,10,2013-10-01,102.0,20018201.0,160000.0,269.0,2.7,2013.75,2013,2013,10,Tuesday,4,23433.906
Odessa,2013,11,2013-11-01,69.0,12466181.0,155700.0,272.0,2.8,2013.8334,2013,2013,11,Friday,4,19133.906
Odessa,2013,12,2013-12-01,101.0,17951420.0,164700.0,261.0,2.6,2013.9166,2013,2013,12,Sunday,4,28133.906
Odessa,2014,1,2014-01-01,76.0,11845438.0,148600.0,252.0,2.5,2014.0,2014,2014,1,Wednesday,1,12033.906
Odessa,2014,2,2014-02-01,68.0,11694948.0,157100.0,226.0,2.3,2014.0834,2014,2014,2,Saturday,1,20533.906
Odessa,2014,3,2014-03-01,101.0,18750631.0,163000.0,223.0,2.2,2014.1666,2014,2014,3,Saturday,1,26433.906
Odessa,2014,4,2014-04-01,107.0,19271967.0,162700.0,440.0,4.5,2014.25,2014,2014,4,Tuesday,2,26133.906
Odessa,2014,5,2014-05-01,118.0,23408926.0,180000.0,203.0,2.1,2014.3334,2014,2014,5,Thursday,2,43433.906
Odessa,2014,6,2014-06-01,144.0,28868505.0,176500.0,218.0,2.2,2014.4166,2014,2014,6,Sunday,2,39933.906
Odessa,2014,7,2014-07-01,122.0,24153289.0,178000.0,217.0,2.1,2014.5,2014,2014,7,Tuesday,3,41433.906
Odessa,2014,8,2014-08-01,109.0,20220361.0,171800.0,236.0,2.4,2014.5834,2014,2014,8,Friday,3,35233.906
Odessa,2014,9,2014-09-01,104.0,20753162.0,185000.0,270.0,2.7,2014.6666,2014,2014,9,Monday,3,48433.906
Odessa,2014,10,2014-10-01,97.0,18483233.0,170600.0,270.0,2.7,2014.75,2014,2014,10,Wednesday,4,34033.906
Odessa,2014,11,2014-11-01,100.0,23105610.0,194000.0,250.0,2.4,2014.8334,2014,2014,11,Saturday,4,57433.906
Odessa,2014,12,2014-12-01,102.0,20194467.0,175300.0,254.0,2.4,2014.9166,2014,2014,12,Monday,4,38733.906
Odessa,2015,1,2015-01-01,63.0,10040640.0,156200.0,308.0,3.0,2015.0,2015,2015,1,Thursday,1,19633.906
Odessa,2015,2,2015-02-01,64.0,11056684.0,165000.0,271.0,2.6,2015.0834,2015,2015,2,Sunday,1,28433.906
Odessa,2015,3,2015-03-01,91.0,18205774.0,187300.0,286.0,2.8,2015.1666,2015,2015,3,Sunday,1,50733.906
Odessa,2015,4,2015-04-01,114.0,21432781.0,174700.0,289.0,2.8,2015.25,2015,2015,4,Wednesday,2,38133.906
Odessa,2015,5,2015-05-01,96.0,21270988.0,188000.0,247.0,2.5,2015.3334,2015,2015,5,Friday,2,51433.906
Odessa,2015,6,2015-06-01,107.0,20320574.0,176800.0,245.0,2.5,2015.4166,2015,2015,6,Monday,2,40233.906
Odessa,2015,7,2015-07-01,130.0,25021910.0,184800.0,282.0,2.9,2015.5,2015,2015,7,Wednesday,3,48233.906
Paris,2000,1,2000-01-01,19.0,1440000.0,71700.0,286.0,7.5,2000.0,2000,2000,1,Saturday,1,-12520.859
Paris,2000,2,2000-02-01,31.0,2605000.0,69400.0,287.0,7.5,2000.0834,2000,2000,2,Tuesday,1,-14820.859
Paris,2000,3,2000-03-01,37.0,2590000.0,66200.0,285.0,7.5,2000.1666,2000,2000,3,Wednesday,1,-18020.86
Paris,2000,4,2000-04-01,41.0,3340000.0,66200.0,273.0,7.0,2000.25,2000,2000,4,Saturday,2,-18020.86
Paris,2000,5,2000-05-01,55.0,3815000.0,58600.0,280.0,7.0,2000.3334,2000,2000,5,Monday,2,-25620.86
Paris,2000,6,2000-06-01,39.0,3295000.0,79200.0,273.0,6.9,2000.4166,2000,2000,6,Thursday,2,-5020.8594
Paris,2000,7,2000-07-01,39.0,3400000.0,71200.0,300.0,7.7,2000.5,2000,2000,7,Saturday,3,-13020.859
Paris,2000,8,2000-08-01,61.0,4185200.0,70000.0,319.0,7.9,2000.5834,2000,2000,8,Tuesday,3,-14220.859
Paris,2000,9,2000-09-01,41.0,3490000.0,75000.0,315.0,7.9,2000.6666,2000,2000,9,Friday,3,-9220.859
Paris,2000,10,2000-10-01,35.0,2535000.0,72100.0,343.0,8.6,2000.75,2000,2000,10,Sunday,4,-12120.859
Paris,2000,11,2000-11-01,28.0,1607140.0,57000.0,336.0,8.7,2000.8334,2000,2000,11,Wednesday,4,-27220.86
Paris,2000,12,2000-12-01,37.0,3130000.0,76200.0,299.0,7.7,2000.9166,2000,2000,12,Friday,4,-8020.8594
Paris,2001,1,2001-01-01,28.0,2455000.0,56000.0,322.0,8.2,2001.0,2001,2001,1,Monday,1,-28220.86
Paris,2001,2,2001-02-01,28.0,2200000.0,72500.0,338.0,8.6,2001.0834,2001,2001,2,Thursday,1,-11720.859
Paris,2001,3,2001-03-01,41.0,3400000.0,67500.0,333.0,8.4,2001.1666,2001,2001,3,Thursday,1,-16720.86
Paris,2001,4,2001-04-01,43.0,3445000.0,65000.0,350.0,8.8,2001.25,2001,2001,4,Sunday,2,-19220.86
Paris,2001,5,2001-05-01,45.0,3430000.0,69000.0,280.0,7.2,2001.3334,2001,2001,5,Tuesday,2,-15220.859
Paris,2001,6,2001-06-01,42.0,3300000.0,70000.0,273.0,7.0,2001.4166,2001,2001,6,Friday,2,-14220.859
Paris,2001,7,2001-07-01,41.0,3810000.0,79300.0,300.0,7.7,2001.5,2001,2001,7,Sunday,3,-4920.8594
Paris,2001,8,2001-08-01,35.0,2855000.0,68800.0,319.0,8.6,2001.5834,2001,2001,8,Wednesday,3,-15420.859
Paris,2001,9,2001-09-01,44.0,3635000.0,71700.0,315.0,8.5,2001.6666,2001,2001,9,Saturday,3,-12520.859
Paris,2001,10,2001-10-01,33.0,2700000.0,77500.0,343.0,9.2,2001.75,2001,2001,10,Monday,4,-6720.8594
Paris,2001,11,2001-11-01,32.0,3110000.0,70000.0,364.0,9.7,2001.8334,2001,2001,11,Thursday,4,-14220.859
Paris,2001,12,2001-12-01,22.0,1830000.0,80000.0,345.0,9.5,2001.9166,2001,2001,12,Saturday,4,-4220.8594
Paris,2002,1,2002-01-01,40.0,4060000.0,80000.0,348.0,9.4,2002.0,2002,2002,1,Tuesday,1,-4220.8594
Paris,2002,2,2002-02-01,30.0,2520000.0,76200.0,255.0,6.8,2002.0834,2002,2002,2,Friday,1,-8020.8594
Paris,2002,3,2002-03-01,32.0,3470000.0,80000.0,353.0,9.6,2002.1666,2002,2002,3,Friday,1,-4220.8594
Paris,2002,4,2002-04-01,43.0,3905000.0,79400.0,332.0,9.1,2002.25,2002,2002,4,Monday,2,-4820.8594
Paris,2002,5,2002-05-01,50.0,3820000.0,66200.0,337.0,9.1,2002.3334,2002,2002,5,Wednesday,2,-18020.86
Paris,2002,6,2002-06-01,49.0,4280000.0,72500.0,327.0,8.7,2002.4166,2002,2002,6,Saturday,2,-11720.859
Paris,2002,7,2002-07-01,35.0,3195000.0,78300.0,328.0,8.8,2002.5,2002,2002,7,Monday,3,-5920.8594
Paris,2002,8,2002-08-01,41.0,2970000.0,72500.0,367.0,9.8,2002.5834,2002,2002,8,Thursday,3,-11720.859
Paris,2002,9,2002-09-01,33.0,2590000.0,68100.0,391.0,10.7,2002.6666,2002,2002,9,Sunday,3,-16120.859
Paris,2002,10,2002-10-01,30.0,2740000.0,77500.0,392.0,10.8,2002.75,2002,2002,10,Tuesday,4,-6720.8594
Paris,2002,11,2002-11-01,28.0,1565000.0,58300.0,370.0,10.3,2002.8334,2002,2002,11,Friday,4,-25920.86
Paris,2002,12,2002-12-01,32.0,2420000.0,55000.0,365.0,9.9,2002.9166,2002,2002,12,Sunday,4,-29220.86
Paris,2003,1,2003-01-01,36.0,3425000.0,82000.0,366.0,10.0,2003.0,2003,2003,1,Wednesday,1,-2220.8594
Paris,2003,2,2003-02-01,39.0,2920000.0,67500.0,356.0,9.5,2003.0834,2003,2003,2,Saturday,1,-16720.86
Paris,2003,3,2003-03-01,34.0,3025000.0,76000.0,381.0,10.2,2003.1666,2003,2003,3,Saturday,1,-8220.859
Paris,2003,4,2003-04-01,34.0,3260000.0,80000.0,423.0,11.5,2003.25,2003,2003,4,Tuesday,2,-4220.8594
Paris,2003,5,2003-05-01,42.0,3080000.0,67800.0,409.0,11.3,2003.3334,2003,2003,5,Thursday,2,-16420.86
Paris,2003,6,2003-06-01,35.0,3760000.0,85000.0,435.0,12.5,2003.4166,2003,2003,6,Sunday,2,779.1406
Paris,2003,7,2003-07-01,47.0,4235000.0,81700.0,459.0,12.8,2003.5,2003,2003,7,Tuesday,3,-2520.8594
Paris,2003,8,2003-08-01,51.0,5070000.0,93800.0,447.0,12.2,2003.5834,2003,2003,8,Friday,3,9579.141
Paris,2003,9,2003-09-01,43.0,4175000.0,84200.0,436.0,11.6,2003.6666,2003,2003,9,Monday,3,-20.859375
Paris,2003,10,2003-10-01,44.0,3920000.0,76000.0,431.0,11.1,2003.75,2003,2003,10,Wednesday,4,-8220.859
Paris,2003,11,2003-11-01,32.0,2785000.0,80000.0,399.0,10.2,2003.8334,2003,2003,11,Saturday,4,-4220.8594
Paris,2003,12,2003-12-01,26.0,2495000.0,85000.0,405.0,10.5,2003.9166,2003,2003,12,Monday,4,779.1406
Paris,2004,1,2004-01-01,37.0,3525000.0,73800.0,410.0,10.6,2004.0,2004,2004,1,Thursday,1,-10420.859
Paris,2004,2,2004-02-01,36.0,2365000.0,60000.0,433.0,11.3,2004.0834,2004,2004,2,Sunday,1,-24220.86
Paris,2004,3,2004-03-01,32.0,2260000.0,68800.0,415.0,10.8,2004.1666,2004,2004,3,Monday,1,-15420.859
Paris,2004,4,2004-04-01,48.0,3470000.0,64300.0,423.0,10.7,2004.25,2004,2004,4,Thursday,2,-19920.86
Paris,2004,5,2004-05-01,54.0,5405000.0,85000.0,422.0,10.4,2004.3334,2004,2004,5,Saturday,2,779.1406
Paris,2004,6,2004-06-01,49.0,5940000.0,108800.0,401.0,9.6,2004.4166,2004,2004,6,Tuesday,2,24579.14
Paris,2004,7,2004-07-01,42.0,3955000.0,68800.0,401.0,9.7,2004.5,2004,2004,7,Thursday,3,-15420.859
Paris,2004,8,2004-08-01,50.0,3715000.0,68000.0,410.0,10.0,2004.5834,2004,2004,8,Sunday,3,-16220.859
Paris,2004,9,2004-09-01,37.0,3870000.0,87500.0,412.0,10.2,2004.6666,2004,2004,9,Wednesday,3,3279.1406
Paris,2004,10,2004-10-01,37.0,2955000.0,78300.0,415.0,10.4,2004.75,2004,2004,10,Friday,4,-5920.8594
Paris,2004,11,2004-11-01,34.0,3000000.0,73300.0,402.0,10.0,2004.8334,2004,2004,11,Monday,4,-10920.859
Paris,2004,12,2004-12-01,18.0,1165000.0,60000.0,387.0,9.8,2004.9166,2004,2004,12,Wednesday,4,-24220.86
Paris,2005,1,2005-01-01,25.0,2140000.0,67500.0,406.0,10.5,2005.0,2005,2005,1,Saturday,1,-16720.86
Paris,2005,2,2005-02-01,39.0,3955000.0,95000.0,,,2005.0834,2005,2005,2,Tuesday,1,10779.141
Paris,2005,3,2005-03-01,39.0,4195000.0,76200.0,,,2005.1666,2005,2005,3,Tuesday,1,-8020.8594
Paris,2005,4,2005-04-01,44.0,4115000.0,92000.0,,,2005.25,2005,2005,4,Friday,2,7779.1406
Paris,2005,5,2005-05-01,55.0,5945000.0,88800.0,,,2005.3334,2005,2005,5,Sunday,2,4579.1406
Paris,2005,6,2005-06-01,50.0,4780000.0,84000.0,,,2005.4166,2005,2005,6,Wednesday,2,-220.85938
Paris,2005,7,2005-07-01,49.0,4165000.0,84200.0,,,2005.5,2005,2005,7,Friday,3,-20.859375
Paris,2005,8,2005-08-01,46.0,3545000.0,67800.0,,,2005.5834,2005,2005,8,Monday,3,-16420.86
Paris,2005,9,2005-09-01,47.0,5070000.0,95000.0,,,2005.6666,2005,2005,9,Thursday,3,10779.141
Paris,2005,10,2005-10-01,38.0,4025000.0,80000.0,,,2005.75,2005,2005,10,Saturday,4,-4220.8594
Paris,2005,11,2005-11-01,38.0,3320000.0,78000.0,,,2005.8334,2005,2005,11,Tuesday,4,-6220.8594
Paris,2005,12,2005-12-01,40.0,3170000.0,72500.0,,,2005.9166,2005,2005,12,Thursday,4,-11720.859
Paris,2006,1,2006-01-01,36.0,3745000.0,80000.0,,,2006.0,2006,2006,1,Sunday,1,-4220.8594
Paris,2006,2,2006-02-01,37.0,4170000.0,86200.0,,,2006.0834,2006,2006,2,Wednesday,1,1979.1406
Paris,2006,3,2006-03-01,39.0,4925000.0,112500.0,,,2006.1666,2006,2006,3,Wednesday,1,28279.14
Paris,2006,4,2006-04-01,36.0,3365000.0,86000.0,,,2006.25,2006,2006,4,Saturday,2,1779.1406
Paris,2006,5,2006-05-01,46.0,4385000.0,70000.0,,,2006.3334,2006,2006,5,Monday,2,-14220.859
Paris,2006,6,2006-06-01,50.0,5260000.0,87500.0,,,2006.4166,2006,2006,6,Thursday,2,3279.1406
Paris,2006,7,2006-07-01,93.0,10915000.0,87300.0,,,2006.5,2006,2006,7,Saturday,3,3079.1406
Paris,2006,8,2006-08-01,49.0,4625000.0,93800.0,437.0,9.6,2006.5834,2006,2006,8,Tuesday,3,9579.141
Paris,2006,9,2006-09-01,35.0,2985000.0,86200.0,450.0,10.1,2006.6666,2006,2006,9,Friday,3,1979.1406
Paris,2006,10,2006-10-01,36.0,3765000.0,87500.0,456.0,10.2,2006.75,2006,2006,10,Sunday,4,3279.1406
Paris,2006,11,2006-11-01,37.0,3080000.0,75800.0,395.0,8.9,2006.8334,2006,2006,11,Wednesday,4,-8420.859
Paris,2006,12,2006-12-01,35.0,4535000.0,95000.0,209.0,4.7,2006.9166,2006,2006,12,Friday,4,10779.141
Paris,2007,1,2007-01-01,34.0,3640000.0,87500.0,239.0,5.4,2007.0,2007,2007,1,Monday,1,3279.1406
Paris,2007,2,2007-02-01,44.0,3990000.0,75000.0,199.0,4.5,2007.0834,2007,2007,2,Thursday,1,-9220.859
Paris,2007,3,2007-03-01,58.0,5140000.0,66000.0,320.0,6.9,2007.1666,2007,2007,3,Thursday,1,-18220.86
Paris,2007,4,2007-04-01,41.0,3930000.0,77000.0,379.0,8.2,2007.25,2007,2007,4,Sunday,2,-7220.8594
Paris,2007,5,2007-05-01,45.0,3825000.0,80800.0,389.0,8.4,2007.3334,2007,2007,5,Tuesday,2,-3420.8594
Paris,2007,6,2007-06-01,51.0,5370000.0,82100.0,362.0,7.8,2007.4166,2007,2007,6,Friday,2,-2120.8594
Paris,2007,7,2007-07-01,36.0,3935000.0,88300.0,401.0,9.6,2007.5,2007,2007,7,Sunday,3,4079.1406
Paris,2007,8,2007-08-01,56.0,5315000.0,76700.0,385.0,9.1,2007.5834,2007,2007,8,Wednesday,3,-7520.8594
Paris,2007,9,2007-09-01,36.0,4490000.0,90000.0,375.0,8.8,2007.6666,2007,2007,9,Saturday,3,5779.1406
Paris,2007,10,2007-10-01,35.0,3505000.0,79000.0,395.0,9.3,2007.75,2007,2007,10,Monday,4,-5220.8594
Paris,2007,11,2007-11-01,28.0,2370000.0,75000.0,383.0,9.2,2007.8334,2007,2007,11,Thursday,4,-9220.859
Paris,2007,12,2007-12-01,25.0,2320000.0,63800.0,367.0,9.0,2007.9166,2007,2007,12,Saturday,4,-20420.86
Paris,2008,1,2008-01-01,26.0,2365000.0,75000.0,,,2008.0,2008,2008,1,Tuesday,1,-9220.859
Paris,2008,2,2008-02-01,28.0,2520000.0,65000.0,407.0,10.5,2008.0834,2008,2008,2,Friday,1,-19220.86
Paris,2008,3,2008-03-01,52.0,4945000.0,80000.0,348.0,9.1,2008.1666,2008,2008,3,Saturday,1,-4220.8594
Paris,2008,4,2008-04-01,39.0,3680000.0,75800.0,385.0,10.1,2008.25,2008,2008,4,Tuesday,2,-8420.859
Paris,2008,5,2008-05-01,46.0,4520000.0,76700.0,344.0,9.0,2008.3334,2008,2008,5,Thursday,2,-7520.8594
Paris,2008,6,2008-06-01,29.0,2705000.0,76200.0,278.0,7.7,2008.4166,2008,2008,6,Sunday,2,-8020.8594
Paris,2008,7,2008-07-01,34.0,3005000.0,80000.0,391.0,10.8,2008.5,2008,2008,7,Tuesday,3,-4220.8594
Paris,2008,8,2008-08-01,43.0,5255000.0,107000.0,366.0,10.4,2008.5834,2008,2008,8,Friday,3,22779.14
Paris,2008,9,2008-09-01,32.0,3490000.0,96700.0,363.0,10.4,2008.6666,2008,2008,9,Monday,3,12479.141
Paris,2008,10,2008-10-01,32.0,3265000.0,80000.0,349.0,10.1,2008.75,2008,2008,10,Wednesday,4,-4220.8594
Paris,2008,11,2008-11-01,20.0,2175000.0,95000.0,339.0,10.0,2008.8334,2008,2008,11,Saturday,4,10779.141
Paris,2008,12,2008-12-01,24.0,2315000.0,80000.0,313.0,9.3,2008.9166,2008,2008,12,Monday,4,-4220.8594
Paris,2009,1,2009-01-01,16.0,1305000.0,73300.0,347.0,10.5,2009.0,2009,2009,1,Thursday,1,-10920.859
Paris,2009,2,2009-02-01,24.0,2360000.0,83300.0,322.0,9.9,2009.0834,2009,2009,2,Sunday,1,-920.8594
Paris,2009,3,2009-03-01,40.0,4155000.0,104000.0,325.0,10.3,2009.1666,2009,2009,3,Sunday,1,19779.14
Paris,2009,4,2009-04-01,31.0,2870000.0,75000.0,327.0,10.6,2009.25,2009,2009,4,Wednesday,2,-9220.859
Paris,2009,5,2009-05-01,41.0,4200000.0,93000.0,326.0,10.7,2009.3334,2009,2009,5,Friday,2,8779.141
Paris,2009,6,2009-06-01,23.0,3270000.0,118000.0,349.0,11.6,2009.4166,2009,2009,6,Monday,2,33779.14
Paris,2009,7,2009-07-01,36.0,3980000.0,96700.0,349.0,11.6,2009.5,2009,2009,7,Wednesday,3,12479.141
Paris,2009,8,2009-08-01,32.0,3485000.0,96700.0,330.0,11.3,2009.5834,2009,2009,8,Saturday,3,12479.141
Paris,2009,9,2009-09-01,30.0,3080000.0,100000.0,342.0,11.8,2009.6666,2009,2009,9,Tuesday,3,15779.141
Paris,2009,10,2009-10-01,32.0,3692335.0,95000.0,305.0,10.5,2009.75,2009,2009,10,Thursday,4,10779.141
Paris,2009,11,2009-11-01,30.0,3615400.0,104000.0,297.0,9.9,2009.8334,2009,2009,11,Sunday,4,19779.14
Paris,2009,12,2009-12-01,20.0,2045600.0,80000.0,272.0,9.2,2009.9166,2009,2009,12,Tuesday,4,-4220.8594
Paris,2010,1,2010-01-01,23.0,3109690.0,145000.0,269.0,8.9,2010.0,2010,2010,1,Friday,1,60779.14
Paris,2010,2,2010-02-01,15.0,1553670.0,103300.0,275.0,9.3,2010.0834,2010,2010,2,Monday,1,19079.14
Paris,2010,3,2010-03-01,33.0,3293677.0,75000.0,292.0,10.1,2010.1666,2010,2010,3,Monday,1,-9220.859
Paris,2010,4,2010-04-01,30.0,3981400.0,140000.0,340.0,11.8,2010.25,2010,2010,4,Thursday,2,55779.14
Paris,2010,5,2010-05-01,32.0,3156400.0,82000.0,333.0,11.9,2010.3334,2010,2010,5,Saturday,2,-2220.8594
Paris,2010,6,2010-06-01,31.0,7444500.0,127500.0,355.0,12.4,2010.4166,2010,2010,6,Tuesday,2,43279.14
Paris,2010,7,2010-07-01,25.0,2604000.0,86200.0,371.0,13.4,2010.5,2010,2010,7,Thursday,3,1979.1406
Paris,2010,8,2010-08-01,26.0,3011475.0,90000.0,384.0,14.1,2010.5834,2010,2010,8,Sunday,3,5779.1406
Paris,2010,9,2010-09-01,28.0,2802600.0,95000.0,393.0,14.5,2010.6666,2010,2010,9,Wednesday,3,10779.141
Paris,2010,10,2010-10-01,23.0,2761600.0,116700.0,370.0,14.1,2010.75,2010,2010,10,Friday,4,32479.14
Paris,2010,11,2010-11-01,22.0,1434950.0,55000.0,359.0,14.0,2010.8334,2010,2010,11,Monday,4,-29220.86
Paris,2010,12,2010-12-01,29.0,4304050.0,102500.0,324.0,12.3,2010.9166,2010,2010,12,Wednesday,4,18279.14
Paris,2011,1,2011-01-01,14.0,1018825.0,60000.0,324.0,12.6,2011.0,2011,2011,1,Saturday,1,-24220.86
Paris,2011,2,2011-02-01,21.0,2440960.0,95000.0,307.0,11.7,2011.0834,2011,2011,2,Tuesday,1,10779.141
Paris,2011,3,2011-03-01,24.0,2761600.0,88000.0,319.0,12.6,2011.1666,2011,2011,3,Tuesday,1,3779.1406
Paris,2011,4,2011-04-01,31.0,3172999.0,95000.0,335.0,13.1,2011.25,2011,2011,4,Friday,2,10779.141
Paris,2011,5,2011-05-01,30.0,3452700.0,85000.0,357.0,14.1,2011.3334,2011,2011,5,Sunday,2,779.1406
Paris,2011,6,2011-06-01,29.0,4173200.0,123300.0,363.0,14.4,2011.4166,2011,2011,6,Wednesday,2,39079.14
Paris,2011,7,2011-07-01,23.0,1978065.0,62500.0,347.0,13.9,2011.5,2011,2011,7,Friday,3,-21720.86
Paris,2011,8,2011-08-01,30.0,3128575.0,80000.0,357.0,14.1,2011.5834,2011,2011,8,Monday,3,-4220.8594
Paris,2011,9,2011-09-01,26.0,2746600.0,106700.0,361.0,14.3,2011.6666,2011,2011,9,Thursday,3,22479.14
Paris,2011,10,2011-10-01,25.0,2645612.0,92500.0,368.0,14.5,2011.75,2011,2011,10,Saturday,4,8279.141
Paris,2011,11,2011-11-01,30.0,3055133.0,80000.0,371.0,14.3,2011.8334,2011,2011,11,Tuesday,4,-4220.8594
Paris,2011,12,2011-12-01,24.0,2207775.0,80000.0,372.0,14.5,2011.9166,2011,2011,12,Thursday,4,-4220.8594
Paris,2012,1,2012-01-01,22.0,1867556.0,75000.0,315.0,12.0,2012.0,2012,2012,1,Sunday,1,-9220.859
Paris,2012,2,2012-02-01,34.0,3672800.0,80000.0,348.0,12.7,2012.0834,2012,2012,2,Wednesday,1,-4220.8594
Paris,2012,3,2012-03-01,30.0,3094770.0,95000.0,363.0,13.0,2012.1666,2012,2012,3,Thursday,1,10779.141
Paris,2012,4,2012-04-01,24.0,2580450.0,90000.0,373.0,13.7,2012.25,2012,2012,4,Sunday,2,5779.1406
Paris,2012,5,2012-05-01,33.0,3340297.0,77500.0,379.0,13.8,2012.3334,2012,2012,5,Tuesday,2,-6720.8594
Paris,2012,6,2012-06-01,23.0,2009647.0,81700.0,374.0,13.9,2012.4166,2012,2012,6,Friday,2,-2520.8594
Paris,2012,7,2012-07-01,36.0,3110600.0,70000.0,356.0,12.7,2012.5,2012,2012,7,Sunday,3,-14220.859
Paris,2012,8,2012-08-01,36.0,3868207.0,111400.0,360.0,12.6,2012.5834,2012,2012,8,Wednesday,3,27179.14
Paris,2012,9,2012-09-01,32.0,3071350.0,95000.0,357.0,12.3,2012.6666,2012,2012,9,Saturday,3,10779.141
Paris,2012,10,2012-10-01,29.0,2727814.0,57500.0,368.0,12.5,2012.75,2012,2012,10,Monday,4,-26720.86
Paris,2012,11,2012-11-01,34.0,4051052.0,85000.0,360.0,12.1,2012.8334,2012,2012,11,Thursday,4,779.1406
Paris,2012,12,2012-12-01,20.0,2311225.0,80000.0,334.0,11.4,2012.9166,2012,2012,12,Saturday,4,-4220.8594
Paris,2013,1,2013-01-01,29.0,2486449.0,78300.0,360.0,12.0,2013.0,2013,2013,1,Tuesday,1,-5920.8594
Paris,2013,2,2013-02-01,30.0,3511478.0,100000.0,357.0,12.0,2013.0834,2013,2013,2,Friday,1,15779.141
Paris,2013,3,2013-03-01,35.0,4011779.0,92500.0,347.0,11.5,2013.1666,2013,2013,3,Friday,1,8279.141
Paris,2013,4,2013-04-01,35.0,3367405.0,67500.0,343.0,11.1,2013.25,2013,2013,4,Monday,2,-16720.86
Paris,2013,5,2013-05-01,36.0,3386276.0,80000.0,339.0,10.8,2013.3334,2013,2013,5,Wednesday,2,-4220.8594
Paris,2013,6,2013-06-01,34.0,4356424.0,100000.0,361.0,11.2,2013.4166,2013,2013,6,Saturday,2,15779.141
Paris,2013,7,2013-07-01,33.0,3990475.0,103300.0,371.0,11.6,2013.5,2013,2013,7,Monday,3,19079.14
Paris,2013,8,2013-08-01,32.0,3335317.0,90000.0,373.0,11.8,2013.5834,2013,2013,8,Thursday,3,5779.1406
Paris,2013,9,2013-09-01,46.0,4276412.0,70000.0,375.0,11.5,2013.6666,2013,2013,9,Sunday,3,-14220.859
Paris,2013,10,2013-10-01,33.0,3824260.0,97500.0,380.0,11.5,2013.75,2013,2013,10,Tuesday,4,13279.141
Paris,2013,11,2013-11-01,34.0,3286820.0,80000.0,351.0,10.6,2013.8334,2013,2013,11,Friday,4,-4220.8594
Paris,2013,12,2013-12-01,37.0,4240460.0,82500.0,318.0,9.2,2013.9166,2013,2013,12,Sunday,4,-1720.8594
Paris,2014,1,2014-01-01,15.0,1753319.0,95000.0,301.0,9.0,2014.0,2014,2014,1,Wednesday,1,10779.141
Paris,2014,2,2014-02-01,21.0,2348370.0,95000.0,307.0,9.4,2014.0834,2014,2014,2,Saturday,1,10779.141
Paris,2014,3,2014-03-01,42.0,5159925.0,110000.0,318.0,9.6,2014.1666,2014,2014,3,Saturday,1,25779.14
Paris,2014,4,2014-04-01,56.0,5761271.0,76700.0,318.0,9.1,2014.25,2014,2014,4,Tuesday,2,-7520.8594
Paris,2014,5,2014-05-01,37.0,4675600.0,116700.0,330.0,9.4,2014.3334,2014,2014,5,Thursday,2,32479.14
Paris,2014,6,2014-06-01,39.0,4508287.0,102000.0,318.0,9.0,2014.4166,2014,2014,6,Sunday,2,17779.14
Paris,2014,7,2014-07-01,44.0,6025399.0,108000.0,310.0,8.5,2014.5,2014,2014,7,Tuesday,3,23779.14
Paris,2014,8,2014-08-01,42.0,4630179.0,120000.0,308.0,8.3,2014.5834,2014,2014,8,Friday,3,35779.14
Paris,2014,9,2014-09-01,43.0,4078987.0,75000.0,284.0,7.7,2014.6666,2014,2014,9,Monday,3,-9220.859
Paris,2014,10,2014-10-01,38.0,4905935.0,96700.0,287.0,7.7,2014.75,2014,2014,10,Wednesday,4,12479.141
Paris,2014,11,2014-11-01,26.0,3070053.0,80000.0,281.0,7.7,2014.8334,2014,2014,11,Saturday,4,-4220.8594
Paris,2014,12,2014-12-01,30.0,3702610.0,113300.0,275.0,7.6,2014.9166,2014,2014,12,Monday,4,29079.14
Paris,2015,1,2015-01-01,25.0,3611892.0,123300.0,299.0,8.1,2015.0,2015,2015,1,Thursday,1,39079.14
Paris,2015,2,2015-02-01,26.0,2515761.0,105000.0,291.0,7.8,2015.0834,2015,2015,2,Sunday,1,20779.14
Paris,2015,3,2015-03-01,37.0,3406550.0,78800.0,296.0,8.0,2015.1666,2015,2015,3,Sunday,1,-5420.8594
Paris,2015,4,2015-04-01,35.0,4936419.0,130000.0,296.0,8.4,2015.25,2015,2015,4,Wednesday,2,45779.14
Paris,2015,5,2015-05-01,32.0,3514210.0,106700.0,292.0,8.4,2015.3334,2015,2015,5,Friday,2,22479.14
Paris,2015,6,2015-06-01,49.0,6238350.0,121100.0,290.0,8.1,2015.4166,2015,2015,6,Monday,2,36879.14
Paris,2015,7,2015-07-01,45.0,5854510.0,114000.0,319.0,8.9,2015.5,2015,2015,7,Wednesday,3,29779.14
Port Arthur,2000,1,2000-01-01,40.0,3090000.0,68300.0,314.0,5.6,2000.0,2000,2000,1,Saturday,1,-28438.375
Port Arthur,2000,2,2000-02-01,53.0,4295000.0,67500.0,303.0,5.3,2000.0834,2000,2000,2,Tuesday,1,-29238.375
Port Arthur,2000,3,2000-03-01,68.0,4795000.0,63800.0,329.0,5.7,2000.1666,2000,2000,3,Wednesday,1,-32938.375
Port Arthur,2000,4,2000-04-01,46.0,3405000.0,66700.0,327.0,5.9,2000.25,2000,2000,4,Saturday,2,-30038.375
Port Arthur,2000,5,2000-05-01,82.0,5360000.0,60000.0,344.0,6.0,2000.3334,2000,2000,5,Monday,2,-36738.375
Port Arthur,2000,6,2000-06-01,65.0,5225000.0,63800.0,358.0,6.3,2000.4166,2000,2000,6,Thursday,2,-32938.375
Port Arthur,2000,7,2000-07-01,60.0,4530000.0,56200.0,354.0,6.3,2000.5,2000,2000,7,Saturday,3,-40538.375
Port Arthur,2000,8,2000-08-01,68.0,5350000.0,68200.0,373.0,6.5,2000.5834,2000,2000,8,Tuesday,3,-28538.375
Port Arthur,2000,9,2000-09-01,55.0,4390000.0,72500.0,384.0,6.8,2000.6666,2000,2000,9,Friday,3,-24238.375
Port Arthur,2000,10,2000-10-01,38.0,2685000.0,58800.0,372.0,6.7,2000.75,2000,2000,10,Sunday,4,-37938.375
Port Arthur,2000,11,2000-11-01,53.0,4685000.0,72500.0,384.0,6.8,2000.8334,2000,2000,11,Wednesday,4,-24238.375
Port Arthur,2000,12,2000-12-01,61.0,5085000.0,65000.0,351.0,6.1,2000.9166,2000,2000,12,Friday,4,-31738.375
Port Arthur,2001,1,2001-01-01,56.0,4845000.0,77500.0,403.0,6.9,2001.0,2001,2001,1,Monday,1,-19238.375
Port Arthur,2001,2,2001-02-01,,,,,,2001.0834,2001,2001,2,Thursday,1,
Port Arthur,2001,3,2001-03-01,,,,,,2001.1666,2001,2001,3,Thursday,1,
Port Arthur,2001,4,2001-04-01,58.0,4280000.0,65500.0,403.0,6.8,2001.25,2001,2001,4,Sunday,2,-31238.375
Port Arthur,2001,5,2001-05-01,55.0,4660000.0,69400.0,425.0,7.5,2001.3334,2001,2001,5,Tuesday,2,-27338.375
Port Arthur,2001,6,2001-06-01,55.0,5150000.0,71700.0,416.0,7.4,2001.4166,2001,2001,6,Friday,2,-25038.375
Port Arthur,2001,7,2001-07-01,62.0,4835000.0,67500.0,412.0,7.3,2001.5,2001,2001,7,Sunday,3,-29238.375
Port Arthur,2001,8,2001-08-01,79.0,6495000.0,70800.0,387.0,6.8,2001.5834,2001,2001,8,Wednesday,3,-25938.375
Port Arthur,2001,9,2001-09-01,45.0,4230000.0,81000.0,399.0,7.1,2001.6666,2001,2001,9,Saturday,3,-15738.375
Port Arthur,2001,10,2001-10-01,73.0,5770000.0,65400.0,385.0,6.5,2001.75,2001,2001,10,Monday,4,-31338.375
Port Arthur,2001,11,2001-11-01,55.0,4060000.0,67000.0,389.0,6.5,2001.8334,2001,2001,11,Thursday,4,-29738.375
Port Arthur,2001,12,2001-12-01,52.0,4445000.0,80000.0,369.0,6.3,2001.9166,2001,2001,12,Saturday,4,-16738.375
Port Arthur,2002,1,2002-01-01,44.0,3585000.0,70000.0,386.0,6.7,2002.0,2002,2002,1,Tuesday,1,-26738.375
Port Arthur,2002,2,2002-02-01,61.0,5160000.0,65500.0,355.0,6.1,2002.0834,2002,2002,2,Friday,1,-31238.375
Port Arthur,2002,3,2002-03-01,63.0,4195000.0,55000.0,365.0,6.2,2002.1666,2002,2002,3,Friday,1,-41738.375
Port Arthur,2002,4,2002-04-01,77.0,6435000.0,66500.0,378.0,6.3,2002.25,2002,2002,4,Monday,2,-30238.375
Port Arthur,2002,5,2002-05-01,75.0,5605000.0,65900.0,410.0,6.6,2002.3334,2002,2002,5,Wednesday,2,-30838.375
Port Arthur,2002,6,2002-06-01,65.0,5200000.0,65800.0,415.0,6.6,2002.4166,2002,2002,6,Saturday,2,-30938.375
Port Arthur,2002,7,2002-07-01,68.0,6100000.0,78000.0,396.0,6.3,2002.5,2002,2002,7,Monday,3,-18738.375
Port Arthur,2002,8,2002-08-01,66.0,5175000.0,68600.0,379.0,6.1,2002.5834,2002,2002,8,Thursday,3,-28138.375
Port Arthur,2002,9,2002-09-01,66.0,6055000.0,78600.0,355.0,5.6,2002.6666,2002,2002,9,Sunday,3,-18138.375
Port Arthur,2002,10,2002-10-01,64.0,5495000.0,75500.0,380.0,6.0,2002.75,2002,2002,10,Tuesday,4,-21238.375
Port Arthur,2002,11,2002-11-01,53.0,3850000.0,61200.0,362.0,5.8,2002.8334,2002,2002,11,Friday,4,-35538.375
Port Arthur,2002,12,2002-12-01,58.0,5095000.0,70000.0,346.0,5.5,2002.9166,2002,2002,12,Sunday,4,-26738.375
Port Arthur,2003,1,2003-01-01,61.0,5120000.0,77200.0,367.0,5.7,2003.0,2003,2003,1,Wednesday,1,-19538.375
Port Arthur,2003,2,2003-02-01,71.0,5990000.0,71700.0,380.0,5.8,2003.0834,2003,2003,2,Saturday,1,-25038.375
Port Arthur,2003,3,2003-03-01,59.0,4335000.0,67500.0,415.0,6.4,2003.1666,2003,2003,3,Saturday,1,-29238.375
Port Arthur,2003,4,2003-04-01,74.0,5955000.0,68300.0,432.0,6.6,2003.25,2003,2003,4,Tuesday,2,-28438.375
Port Arthur,2003,5,2003-05-01,64.0,5435000.0,76700.0,454.0,7.1,2003.3334,2003,2003,5,Thursday,2,-20038.375
Port Arthur,2003,6,2003-06-01,73.0,6965000.0,69600.0,441.0,6.8,2003.4166,2003,2003,6,Sunday,2,-27138.375
Port Arthur,2003,7,2003-07-01,79.0,6845000.0,76900.0,415.0,6.3,2003.5,2003,2003,7,Tuesday,3,-19838.375
Port Arthur,2003,8,2003-08-01,68.0,6210000.0,74300.0,418.0,6.3,2003.5834,2003,2003,8,Friday,3,-22438.375
Port Arthur,2003,9,2003-09-01,77.0,6145000.0,75000.0,428.0,6.4,2003.6666,2003,2003,9,Monday,3,-21738.375
Port Arthur,2003,10,2003-10-01,59.0,4770000.0,67900.0,454.0,6.8,2003.75,2003,2003,10,Wednesday,4,-28838.375
Port Arthur,2003,11,2003-11-01,51.0,6145000.0,88800.0,458.0,6.9,2003.8334,2003,2003,11,Saturday,4,-7938.375
Port Arthur,2003,12,2003-12-01,63.0,5200000.0,77000.0,433.0,6.5,2003.9166,2003,2003,12,Monday,4,-19738.375
Port Arthur,2004,1,2004-01-01,36.0,3610000.0,82500.0,414.0,6.4,2004.0,2004,2004,1,Thursday,1,-14238.375
Port Arthur,2004,2,2004-02-01,74.0,6660000.0,73300.0,412.0,6.4,2004.0834,2004,2004,2,Sunday,1,-23438.375
Port Arthur,2004,3,2004-03-01,62.0,6080000.0,80000.0,424.0,6.5,2004.1666,2004,2004,3,Monday,1,-16738.375
Port Arthur,2004,4,2004-04-01,71.0,5545000.0,72100.0,427.0,6.6,2004.25,2004,2004,4,Thursday,2,-24638.375
Port Arthur,2004,5,2004-05-01,74.0,7270000.0,82000.0,450.0,6.9,2004.3334,2004,2004,5,Saturday,2,-14738.375
Port Arthur,2004,6,2004-06-01,82.0,8040000.0,86200.0,504.0,7.6,2004.4166,2004,2004,6,Tuesday,2,-10538.375
Port Arthur,2004,7,2004-07-01,60.0,5675000.0,68800.0,534.0,8.2,2004.5,2004,2004,7,Thursday,3,-27938.375
Port Arthur,2004,8,2004-08-01,88.0,8790000.0,84000.0,525.0,7.9,2004.5834,2004,2004,8,Sunday,3,-12738.375
Port Arthur,2004,9,2004-09-01,84.0,7215000.0,78600.0,484.0,7.2,2004.6666,2004,2004,9,Wednesday,3,-18138.375
Port Arthur,2004,10,2004-10-01,82.0,7125000.0,81400.0,476.0,6.9,2004.75,2004,2004,10,Friday,4,-15338.375
Port Arthur,2004,11,2004-11-01,68.0,6555000.0,86000.0,467.0,6.6,2004.8334,2004,2004,11,Monday,4,-10738.375
Port Arthur,2004,12,2004-12-01,62.0,5105000.0,75000.0,465.0,6.6,2004.9166,2004,2004,12,Wednesday,4,-21738.375
Port Arthur,2005,1,2005-01-01,45.0,3330000.0,61000.0,487.0,6.9,2005.0,2005,2005,1,Saturday,1,-35738.375
Port Arthur,2005,2,2005-02-01,66.0,6730000.0,86700.0,442.0,6.3,2005.0834,2005,2005,2,Tuesday,1,-10038.375
Port Arthur,2005,3,2005-03-01,102.0,10045000.0,83300.0,473.0,6.4,2005.1666,2005,2005,3,Tuesday,1,-13438.375
Port Arthur,2005,4,2005-04-01,98.0,8455000.0,82500.0,468.0,6.2,2005.25,2005,2005,4,Friday,2,-14238.375
Port Arthur,2005,5,2005-05-01,76.0,6635000.0,70000.0,481.0,6.3,2005.3334,2005,2005,5,Sunday,2,-26738.375
Port Arthur,2005,6,2005-06-01,86.0,9130000.0,90000.0,510.0,6.7,2005.4166,2005,2005,6,Wednesday,2,-6738.375
Port Arthur,2005,7,2005-07-01,59.0,6985000.0,91200.0,,,2005.5,2005,2005,7,Friday,3,-5538.375
Port Arthur,2005,8,2005-08-01,76.0,7625000.0,86000.0,543.0,7.2,2005.5834,2005,2005,8,Monday,3,-10738.375
Port Arthur,2005,9,2005-09-01,50.0,5455000.0,100000.0,487.0,6.7,2005.6666,2005,2005,9,Thursday,3,3261.625
Port Arthur,2005,10,2005-10-01,20.0,2410000.0,80000.0,460.0,6.8,2005.75,2005,2005,10,Saturday,4,-16738.375
Port Arthur,2005,11,2005-11-01,87.0,9720000.0,97900.0,392.0,5.7,2005.8334,2005,2005,11,Tuesday,4,1161.625
Port Arthur,2005,12,2005-12-01,85.0,8205000.0,87100.0,372.0,5.3,2005.9166,2005,2005,12,Thursday,4,-9638.375
Port Arthur,2006,1,2006-01-01,61.0,6265000.0,84200.0,333.0,4.6,2006.0,2006,2006,1,Sunday,1,-12538.375
Port Arthur,2006,2,2006-02-01,80.0,6625000.0,74000.0,327.0,4.5,2006.0834,2006,2006,2,Wednesday,1,-22738.375
Port Arthur,2006,3,2006-03-01,92.0,8605000.0,80000.0,307.0,4.2,2006.1666,2006,2006,3,Wednesday,1,-16738.375
Port Arthur,2006,4,2006-04-01,70.0,8085000.0,90000.0,315.0,4.5,2006.25,2006,2006,4,Saturday,2,-6738.375
Port Arthur,2006,5,2006-05-01,97.0,10080000.0,89600.0,,,2006.3334,2006,2006,5,Monday,2,-7138.375
Port Arthur,2006,6,2006-06-01,87.0,9760000.0,99300.0,340.0,4.7,2006.4166,2006,2006,6,Thursday,2,2561.625
Port Arthur,2006,7,2006-07-01,74.0,9320000.0,100000.0,378.0,5.2,2006.5,2006,2006,7,Saturday,3,3261.625
Port Arthur,2006,8,2006-08-01,93.0,10195000.0,90800.0,375.0,5.0,2006.5834,2006,2006,8,Tuesday,3,-5938.375
Port Arthur,2006,9,2006-09-01,102.0,11680000.0,99100.0,384.0,4.9,2006.6666,2006,2006,9,Friday,3,2361.625
Port Arthur,2006,10,2006-10-01,91.0,9855000.0,95800.0,360.0,4.2,2006.75,2006,2006,10,Sunday,4,-938.375
Port Arthur,2006,11,2006-11-01,63.0,6545000.0,96400.0,345.0,4.2,2006.8334,2006,2006,11,Wednesday,4,-338.375
Port Arthur,2006,12,2006-12-01,87.0,11050000.0,99300.0,309.0,3.7,2006.9166,2006,2006,12,Friday,4,2561.625
Port Arthur,2007,1,2007-01-01,56.0,6400000.0,86700.0,327.0,4.0,2007.0,2007,2007,1,Monday,1,-10038.375
Port Arthur,2007,2,2007-02-01,76.0,8395000.0,100000.0,353.0,4.3,2007.0834,2007,2007,2,Thursday,1,3261.625
Port Arthur,2007,3,2007-03-01,83.0,9020000.0,87200.0,385.0,4.7,2007.1666,2007,2007,3,Thursday,1,-9538.375
Port Arthur,2007,4,2007-04-01,97.0,10540000.0,101100.0,411.0,4.9,2007.25,2007,2007,4,Sunday,2,4361.625
Port Arthur,2007,5,2007-05-01,97.0,12495000.0,111200.0,411.0,4.9,2007.3334,2007,2007,5,Tuesday,2,14461.625
Port Arthur,2007,6,2007-06-01,106.0,15220000.0,109100.0,442.0,5.2,2007.4166,2007,2007,6,Friday,2,12361.625
Port Arthur,2007,7,2007-07-01,94.0,11635000.0,122500.0,495.0,5.7,2007.5,2007,2007,7,Sunday,3,25761.625
Port Arthur,2007,8,2007-08-01,96.0,13065000.0,112700.0,520.0,6.0,2007.5834,2007,2007,8,Wednesday,3,15961.625
Port Arthur,2007,9,2007-09-01,71.0,8630000.0,99400.0,551.0,6.5,2007.6666,2007,2007,9,Saturday,3,2661.625
Port Arthur,2007,10,2007-10-01,96.0,11305000.0,94000.0,516.0,6.1,2007.75,2007,2007,10,Monday,4,-2738.375
Port Arthur,2007,11,2007-11-01,76.0,10955000.0,127500.0,511.0,5.9,2007.8334,2007,2007,11,Thursday,4,30761.625
Port Arthur,2007,12,2007-12-01,72.0,10275000.0,117800.0,523.0,6.2,2007.9166,2007,2007,12,Saturday,4,21061.625
Port Arthur,2008,1,2008-01-01,52.0,6055000.0,98800.0,566.0,6.7,2008.0,2008,2008,1,Tuesday,1,2061.625
Port Arthur,2008,2,2008-02-01,72.0,9095000.0,112000.0,556.0,6.6,2008.0834,2008,2008,2,Friday,1,15261.625
Port Arthur,2008,3,2008-03-01,80.0,10325000.0,108900.0,576.0,6.9,2008.1666,2008,2008,3,Saturday,1,12161.625
Port Arthur,2008,4,2008-04-01,99.0,12045000.0,104300.0,577.0,6.8,2008.25,2008,2008,4,Tuesday,2,7561.625
Port Arthur,2008,5,2008-05-01,80.0,10065000.0,108000.0,544.0,6.6,2008.3334,2008,2008,5,Thursday,2,11261.625
Port Arthur,2008,6,2008-06-01,98.0,13445000.0,122200.0,,,2008.4166,2008,2008,6,Sunday,2,25461.625
Port Arthur,2008,7,2008-07-01,99.0,12255000.0,110000.0,655.0,7.9,2008.5,2008,2008,7,Tuesday,3,13261.625
Port Arthur,2008,8,2008-08-01,85.0,11290000.0,112500.0,583.0,7.1,2008.5834,2008,2008,8,Friday,3,15761.625
Port Arthur,2008,9,2008-09-01,28.0,3990000.0,136000.0,552.0,7.1,2008.6666,2008,2008,9,Monday,3,39261.625
Port Arthur,2008,10,2008-10-01,84.0,12025000.0,131400.0,559.0,7.3,2008.75,2008,2008,10,Wednesday,4,34661.625
Port Arthur,2008,11,2008-11-01,66.0,8175000.0,111400.0,511.0,6.7,2008.8334,2008,2008,11,Saturday,4,14661.625
Port Arthur,2008,12,2008-12-01,81.0,11230000.0,127800.0,482.0,6.3,2008.9166,2008,2008,12,Monday,4,31061.625
Port Arthur,2009,1,2009-01-01,50.0,7715000.0,120000.0,532.0,6.9,2009.0,2009,2009,1,Thursday,1,23261.625
Port Arthur,2009,2,2009-02-01,57.0,7500000.0,116700.0,570.0,7.5,2009.0834,2009,2009,2,Sunday,1,19961.625
Port Arthur,2009,3,2009-03-01,71.0,9480000.0,130000.0,639.0,8.5,2009.1666,2009,2009,3,Sunday,1,33261.625
Port Arthur,2009,4,2009-04-01,87.0,11465000.0,130000.0,673.0,9.1,2009.25,2009,2009,4,Wednesday,2,33261.625
Port Arthur,2009,5,2009-05-01,78.0,11550000.0,133300.0,685.0,9.3,2009.3334,2009,2009,5,Friday,2,36561.625
Port Arthur,2009,6,2009-06-01,87.0,13190000.0,136200.0,745.0,10.2,2009.4166,2009,2009,6,Monday,2,39461.625
Port Arthur,2009,7,2009-07-01,90.0,13800000.0,126000.0,743.0,10.3,2009.5,2009,2009,7,Wednesday,3,29261.625
Port Arthur,2009,8,2009-08-01,87.0,13480000.0,135700.0,745.0,10.3,2009.5834,2009,2009,8,Saturday,3,38961.625
Port Arthur,2009,9,2009-09-01,64.0,9145000.0,128600.0,734.0,9.8,2009.6666,2009,2009,9,Tuesday,3,31861.625
Port Arthur,2009,10,2009-10-01,57.0,7670958.0,110000.0,747.0,10.2,2009.75,2009,2009,10,Thursday,4,13261.625
Port Arthur,2009,11,2009-11-01,44.0,6328253.0,124400.0,594.0,8.4,2009.8334,2009,2009,11,Sunday,4,27661.625
Port Arthur,2009,12,2009-12-01,41.0,4390000.0,91700.0,574.0,8.5,2009.9166,2009,2009,12,Tuesday,4,-5038.375
Port Arthur,2010,1,2010-01-01,32.0,5340327.0,132000.0,744.0,11.2,2010.0,2010,2010,1,Friday,1,35261.625
Port Arthur,2010,2,2010-02-01,45.0,4801250.0,94200.0,528.0,8.1,2010.0834,2010,2010,2,Monday,1,-2538.375
Port Arthur,2010,3,2010-03-01,71.0,8117500.0,108200.0,616.0,9.4,2010.1666,2010,2010,3,Monday,1,11461.625
Port Arthur,2010,4,2010-04-01,77.0,8425845.0,100800.0,590.0,9.2,2010.25,2010,2010,4,Thursday,2,4061.625
Port Arthur,2010,5,2010-05-01,64.0,6549149.0,94000.0,550.0,8.7,2010.3334,2010,2010,5,Saturday,2,-2738.375
Port Arthur,2010,6,2010-06-01,66.0,7804262.0,100000.0,579.0,9.4,2010.4166,2010,2010,6,Tuesday,2,3261.625
Port Arthur,2010,7,2010-07-01,54.0,6068975.0,100000.0,611.0,10.4,2010.5,2010,2010,7,Thursday,3,3261.625
Port Arthur,2010,8,2010-08-01,58.0,5934380.0,110000.0,693.0,12.4,2010.5834,2010,2010,8,Sunday,3,13261.625
Port Arthur,2010,9,2010-09-01,48.0,5471300.0,104000.0,622.0,11.4,2010.6666,2010,2010,9,Wednesday,3,7261.625
Port Arthur,2010,10,2010-10-01,48.0,6787609.0,130000.0,692.0,12.8,2010.75,2010,2010,10,Friday,4,33261.625
Port Arthur,2010,11,2010-11-01,38.0,4128200.0,95000.0,680.0,12.7,2010.8334,2010,2010,11,Monday,4,-1738.375
Port Arthur,2010,12,2010-12-01,63.0,6708345.0,98300.0,633.0,11.4,2010.9166,2010,2010,12,Wednesday,4,1561.625
Port Arthur,2011,1,2011-01-01,43.0,5021830.0,95000.0,631.0,11.2,2011.0,2011,2011,1,Saturday,1,-1738.375
Port Arthur,2011,2,2011-02-01,36.0,5010150.0,126700.0,642.0,11.6,2011.0834,2011,2011,2,Tuesday,1,29961.625
Port Arthur,2011,3,2011-03-01,68.0,8010304.0,102500.0,676.0,12.2,2011.1666,2011,2011,3,Tuesday,1,5761.625
Port Arthur,2011,4,2011-04-01,51.0,6095260.0,108300.0,653.0,12.3,2011.25,2011,2011,4,Friday,2,11561.625
Port Arthur,2011,5,2011-05-01,48.0,6010200.0,108000.0,684.0,13.2,2011.3334,2011,2011,5,Sunday,2,11261.625
Port Arthur,2011,6,2011-06-01,54.0,6793990.0,103300.0,679.0,13.4,2011.4166,2011,2011,6,Wednesday,2,6561.625
Port Arthur,2011,7,2011-07-01,57.0,7709578.0,127500.0,662.0,13.0,2011.5,2011,2011,7,Friday,3,30761.625
Port Arthur,2011,8,2011-08-01,55.0,6761872.0,103800.0,675.0,13.3,2011.5834,2011,2011,8,Monday,3,7061.625
Port Arthur,2011,9,2011-09-01,48.0,4961150.0,102200.0,633.0,12.5,2011.6666,2011,2011,9,Thursday,3,5461.625
Port Arthur,2011,10,2011-10-01,47.0,4942400.0,105000.0,639.0,12.6,2011.75,2011,2011,10,Saturday,4,8261.625
Port Arthur,2011,11,2011-11-01,43.0,5105400.0,106000.0,624.0,12.2,2011.8334,2011,2011,11,Tuesday,4,9261.625
Port Arthur,2011,12,2011-12-01,46.0,5541050.0,104000.0,589.0,11.9,2011.9166,2011,2011,12,Thursday,4,7261.625
Port Arthur,2012,1,2012-01-01,37.0,4235622.0,97500.0,583.0,11.9,2012.0,2012,2012,1,Sunday,1,761.625
Port Arthur,2012,2,2012-02-01,47.0,5794137.0,110000.0,593.0,11.8,2012.0834,2012,2012,2,Wednesday,1,13261.625
Port Arthur,2012,3,2012-03-01,73.0,9109400.0,110000.0,601.0,11.9,2012.1666,2012,2012,3,Thursday,1,13261.625
Port Arthur,2012,4,2012-04-01,63.0,7632800.0,107100.0,594.0,11.5,2012.25,2012,2012,4,Sunday,2,10361.625
Port Arthur,2012,5,2012-05-01,77.0,10178577.0,126900.0,608.0,11.3,2012.3334,2012,2012,5,Tuesday,2,30161.625
Port Arthur,2012,6,2012-06-01,71.0,10144989.0,132500.0,622.0,11.2,2012.4166,2012,2012,6,Friday,2,35761.625
Port Arthur,2012,7,2012-07-01,62.0,7575677.0,110000.0,604.0,10.8,2012.5,2012,2012,7,Sunday,3,13261.625
Port Arthur,2012,8,2012-08-01,73.0,9344156.0,119000.0,589.0,10.3,2012.5834,2012,2012,8,Wednesday,3,22261.625
Port Arthur,2012,9,2012-09-01,60.0,6405682.0,90000.0,612.0,10.5,2012.6666,2012,2012,9,Saturday,3,-6738.375
Port Arthur,2012,10,2012-10-01,74.0,9408275.0,115600.0,595.0,9.8,2012.75,2012,2012,10,Monday,4,18861.625
Port Arthur,2012,11,2012-11-01,57.0,7263351.0,115700.0,595.0,9.6,2012.8334,2012,2012,11,Thursday,4,18961.625
Port Arthur,2012,12,2012-12-01,53.0,6576855.0,99000.0,561.0,9.0,2012.9166,2012,2012,12,Saturday,4,2261.625
Port Arthur,2013,1,2013-01-01,36.0,5316613.0,140000.0,439.0,7.1,2013.0,2013,2013,1,Tuesday,1,43261.625
Port Arthur,2013,2,2013-02-01,52.0,6911975.0,114000.0,576.0,9.2,2013.0834,2013,2013,2,Friday,1,17261.625
Port Arthur,2013,3,2013-03-01,50.0,6201429.0,108600.0,607.0,10.0,2013.1666,2013,2013,3,Friday,1,11861.625
Port Arthur,2013,4,2013-04-01,64.0,7955145.0,105700.0,759.0,12.5,2013.25,2013,2013,4,Monday,2,8961.625
Port Arthur,2013,5,2013-05-01,91.0,11916150.0,118800.0,537.0,8.7,2013.3334,2013,2013,5,Wednesday,2,22061.625
Port Arthur,2013,6,2013-06-01,68.0,8664976.0,114500.0,702.0,11.4,2013.4166,2013,2013,6,Saturday,2,17761.625
Port Arthur,2013,7,2013-07-01,67.0,8620074.0,113000.0,750.0,12.1,2013.5,2013,2013,7,Monday,3,16261.625
Port Arthur,2013,8,2013-08-01,75.0,9872640.0,125000.0,737.0,11.8,2013.5834,2013,2013,8,Thursday,3,28261.625
Port Arthur,2013,9,2013-09-01,58.0,7285985.0,113300.0,739.0,11.9,2013.6666,2013,2013,9,Sunday,3,16561.625
Port Arthur,2013,10,2013-10-01,67.0,7580250.0,107000.0,769.0,12.5,2013.75,2013,2013,10,Tuesday,4,10261.625
Port Arthur,2013,11,2013-11-01,61.0,7815532.0,112500.0,732.0,11.8,2013.8334,2013,2013,11,Friday,4,15761.625
Port Arthur,2013,12,2013-12-01,66.0,10206578.0,120000.0,685.0,10.9,2013.9166,2013,2013,12,Sunday,4,23261.625
Port Arthur,2014,1,2014-01-01,36.0,5259680.0,116700.0,677.0,10.8,2014.0,2014,2014,1,Wednesday,1,19961.625
Port Arthur,2014,2,2014-02-01,61.0,7931675.0,121400.0,669.0,10.5,2014.0834,2014,2014,2,Saturday,1,24661.625
Port Arthur,2014,3,2014-03-01,69.0,8611227.0,105000.0,661.0,10.1,2014.1666,2014,2014,3,Saturday,1,8261.625
Port Arthur,2014,4,2014-04-01,79.0,10783180.0,117500.0,647.0,9.7,2014.25,2014,2014,4,Tuesday,2,20761.625
Port Arthur,2014,5,2014-05-01,74.0,9527927.0,111400.0,667.0,10.2,2014.3334,2014,2014,5,Thursday,2,14661.625
Port Arthur,2014,6,2014-06-01,85.0,11162967.0,119000.0,670.0,10.1,2014.4166,2014,2014,6,Sunday,2,22261.625
Port Arthur,2014,7,2014-07-01,69.0,10541750.0,128800.0,637.0,9.6,2014.5,2014,2014,7,Tuesday,3,32061.625
Port Arthur,2014,8,2014-08-01,82.0,10462247.0,106200.0,651.0,9.7,2014.5834,2014,2014,8,Friday,3,9461.625
Port Arthur,2014,9,2014-09-01,74.0,9360200.0,112500.0,633.0,9.2,2014.6666,2014,2014,9,Monday,3,15761.625
Port Arthur,2014,10,2014-10-01,70.0,10302200.0,137100.0,619.0,9.0,2014.75,2014,2014,10,Wednesday,4,40361.625
Port Arthur,2014,11,2014-11-01,67.0,7605458.0,91200.0,600.0,8.7,2014.8334,2014,2014,11,Saturday,4,-5538.375
Port Arthur,2014,12,2014-12-01,89.0,12109765.0,115800.0,551.0,7.7,2014.9166,2014,2014,12,Monday,4,19061.625
Port Arthur,2015,1,2015-01-01,37.0,3960575.0,93800.0,558.0,7.8,2015.0,2015,2015,1,Thursday,1,-2938.375
Port Arthur,2015,2,2015-02-01,61.0,8115550.0,110000.0,544.0,7.6,2015.0834,2015,2015,2,Sunday,1,13261.625
Port Arthur,2015,3,2015-03-01,87.0,11837659.0,135000.0,529.0,7.3,2015.1666,2015,2015,3,Sunday,1,38261.625
Port Arthur,2015,4,2015-04-01,70.0,9682750.0,97000.0,527.0,7.3,2015.25,2015,2015,4,Wednesday,2,261.625
Port Arthur,2015,5,2015-05-01,75.0,11517450.0,130000.0,540.0,7.5,2015.3334,2015,2015,5,Friday,2,33261.625
Port Arthur,2015,6,2015-06-01,79.0,10864768.0,118900.0,513.0,7.2,2015.4166,2015,2015,6,Monday,2,22161.625
Port Arthur,2015,7,2015-07-01,82.0,12943623.0,135000.0,,,2015.5,2015,2015,7,Wednesday,3,38261.625
San Angelo,2000,1,2000-01-01,66.0,5670000.0,76000.0,558.0,5.9,2000.0,2000,2000,1,Saturday,1,-31058.922
San Angelo,2000,2,2000-02-01,96.0,7350000.0,63000.0,552.0,5.7,2000.0834,2000,2000,2,Tuesday,1,-44058.92
San Angelo,2000,3,2000-03-01,92.0,7310000.0,68200.0,577.0,6.0,2000.1666,2000,2000,3,Wednesday,1,-38858.92
San Angelo,2000,4,2000-04-01,86.0,6985000.0,72900.0,619.0,6.6,2000.25,2000,2000,4,Saturday,2,-34158.92
San Angelo,2000,5,2000-05-01,111.0,9361959.0,,616.0,6.6,2000.3334,2000,2000,5,Monday,2,
San Angelo,2000,6,2000-06-01,116.0,10386975.0,,636.0,6.9,2000.4166,2000,2000,6,Thursday,2,
San Angelo,2000,7,2000-07-01,122.0,10950000.0,77500.0,690.0,7.3,2000.5,2000,2000,7,Saturday,3,-29558.922
San Angelo,2000,8,2000-08-01,118.0,10100000.0,77300.0,710.0,7.4,2000.5834,2000,2000,8,Tuesday,3,-29758.922
San Angelo,2000,9,2000-09-01,88.0,6950000.0,73300.0,739.0,7.8,2000.6666,2000,2000,9,Friday,3,-33758.92
San Angelo,2000,10,2000-10-01,101.0,8765000.0,77900.0,745.0,7.7,2000.75,2000,2000,10,Sunday,4,-29158.922
San Angelo,2000,11,2000-11-01,27.0,2235000.0,71200.0,700.0,7.6,2000.8334,2000,2000,11,Wednesday,4,-35858.92
San Angelo,2000,12,2000-12-01,99.0,7965000.0,72500.0,698.0,7.5,2000.9166,2000,2000,12,Friday,4,-34558.92
San Angelo,2001,1,2001-01-01,73.0,6525000.0,84400.0,636.0,6.8,2001.0,2001,2001,1,Monday,1,-22658.922
San Angelo,2001,2,2001-02-01,92.0,7445000.0,74300.0,614.0,6.5,2001.0834,2001,2001,2,Thursday,1,-32758.922
San Angelo,2001,3,2001-03-01,135.0,11570000.0,72100.0,591.0,6.1,2001.1666,2001,2001,3,Thursday,1,-34958.92
San Angelo,2001,4,2001-04-01,105.0,9500000.0,74100.0,624.0,6.3,2001.25,2001,2001,4,Sunday,2,-32958.92
San Angelo,2001,5,2001-05-01,98.0,8770000.0,72700.0,621.0,6.3,2001.3334,2001,2001,5,Tuesday,2,-34358.92
San Angelo,2001,6,2001-06-01,116.0,11115000.0,90000.0,659.0,6.7,2001.4166,2001,2001,6,Friday,2,-17058.922
San Angelo,2001,7,2001-07-01,119.0,11610000.0,82100.0,664.0,6.8,2001.5,2001,2001,7,Sunday,3,-24958.922
San Angelo,2001,8,2001-08-01,106.0,9370000.0,83800.0,648.0,6.7,2001.5834,2001,2001,8,Wednesday,3,-23258.922
San Angelo,2001,9,2001-09-01,83.0,6880000.0,78600.0,650.0,6.8,2001.6666,2001,2001,9,Saturday,3,-28458.922
San Angelo,2001,10,2001-10-01,97.0,8225000.0,75000.0,609.0,6.4,2001.75,2001,2001,10,Monday,4,-32058.922
San Angelo,2001,11,2001-11-01,100.0,8795000.0,77500.0,556.0,5.5,2001.8334,2001,2001,11,Thursday,4,-29558.922
San Angelo,2001,12,2001-12-01,105.0,8795000.0,77500.0,563.0,5.5,2001.9166,2001,2001,12,Saturday,4,-29558.922
San Angelo,2002,1,2002-01-01,66.0,5555000.0,75000.0,567.0,5.6,2002.0,2002,2002,1,Tuesday,1,-32058.922
San Angelo,2002,2,2002-02-01,83.0,6695000.0,73400.0,550.0,5.4,2002.0834,2002,2002,2,Friday,1,-33658.92
San Angelo,2002,3,2002-03-01,90.0,7555000.0,78200.0,530.0,5.4,2002.1666,2002,2002,3,Friday,1,-28858.922
San Angelo,2002,4,2002-04-01,107.0,8455000.0,73200.0,543.0,5.6,2002.25,2002,2002,4,Monday,2,-33858.92
San Angelo,2002,5,2002-05-01,117.0,9355000.0,71700.0,558.0,5.6,2002.3334,2002,2002,5,Wednesday,2,-35358.92
San Angelo,2002,6,2002-06-01,102.0,9235000.0,73800.0,567.0,5.8,2002.4166,2002,2002,6,Saturday,2,-33258.92
San Angelo,2002,7,2002-07-01,109.0,9695000.0,81800.0,543.0,5.6,2002.5,2002,2002,7,Monday,3,-25258.922
San Angelo,2002,8,2002-08-01,124.0,11975000.0,85000.0,528.0,5.4,2002.5834,2002,2002,8,Thursday,3,-22058.922
San Angelo,2002,9,2002-09-01,97.0,8095000.0,78500.0,535.0,5.4,2002.6666,2002,2002,9,Sunday,3,-28558.922
San Angelo,2002,10,2002-10-01,100.0,9290000.0,80000.0,513.0,5.1,2002.75,2002,2002,10,Tuesday,4,-27058.922
San Angelo,2002,11,2002-11-01,88.0,7845000.0,80000.0,492.0,5.0,2002.8334,2002,2002,11,Friday,4,-27058.922
San Angelo,2002,12,2002-12-01,105.0,10295000.0,81700.0,467.0,4.7,2002.9166,2002,2002,12,Sunday,4,-25358.922
San Angelo,2003,1,2003-01-01,71.0,6715000.0,79400.0,500.0,5.0,2003.0,2003,2003,1,Wednesday,1,-27658.922
San Angelo,2003,2,2003-02-01,81.0,7245000.0,75800.0,489.0,4.9,2003.0834,2003,2003,2,Saturday,1,-31258.922
San Angelo,2003,3,2003-03-01,111.0,9390000.0,74400.0,511.0,5.1,2003.1666,2003,2003,3,Saturday,1,-32658.922
San Angelo,2003,4,2003-04-01,91.0,8655000.0,83500.0,559.0,5.6,2003.25,2003,2003,4,Tuesday,2,-23558.922
San Angelo,2003,5,2003-05-01,115.0,11050000.0,90600.0,573.0,5.8,2003.3334,2003,2003,5,Thursday,2,-16458.922
San Angelo,2003,6,2003-06-01,123.0,12315000.0,86100.0,570.0,5.6,2003.4166,2003,2003,6,Sunday,2,-20958.922
San Angelo,2003,7,2003-07-01,132.0,12330000.0,86700.0,592.0,5.7,2003.5,2003,2003,7,Tuesday,3,-20358.922
San Angelo,2003,8,2003-08-01,117.0,11345000.0,85700.0,578.0,5.6,2003.5834,2003,2003,8,Friday,3,-21358.922
San Angelo,2003,9,2003-09-01,123.0,10985000.0,79200.0,561.0,5.4,2003.6666,2003,2003,9,Monday,3,-27858.922
San Angelo,2003,10,2003-10-01,96.0,8795000.0,77700.0,568.0,5.4,2003.75,2003,2003,10,Wednesday,4,-29358.922
San Angelo,2003,11,2003-11-01,72.0,6305000.0,77500.0,595.0,5.8,2003.8334,2003,2003,11,Saturday,4,-29558.922
San Angelo,2003,12,2003-12-01,90.0,8245000.0,80900.0,601.0,5.9,2003.9166,2003,2003,12,Monday,4,-26158.922
San Angelo,2004,1,2004-01-01,71.0,6475000.0,85600.0,622.0,6.1,2004.0,2004,2004,1,Thursday,1,-21458.922
San Angelo,2004,2,2004-02-01,99.0,9840000.0,85900.0,608.0,5.9,2004.0834,2004,2004,2,Sunday,1,-21158.922
San Angelo,2004,3,2004-03-01,118.0,11470000.0,82900.0,631.0,6.1,2004.1666,2004,2004,3,Monday,1,-24158.922
San Angelo,2004,4,2004-04-01,104.0,10565000.0,87800.0,663.0,6.3,2004.25,2004,2004,4,Thursday,2,-19258.922
San Angelo,2004,5,2004-05-01,124.0,12545000.0,84100.0,695.0,6.6,2004.3334,2004,2004,5,Saturday,2,-22958.922
San Angelo,2004,6,2004-06-01,150.0,14535000.0,82700.0,677.0,6.3,2004.4166,2004,2004,6,Tuesday,2,-24358.922
San Angelo,2004,7,2004-07-01,131.0,13980000.0,91500.0,667.0,6.2,2004.5,2004,2004,7,Thursday,3,-15558.922
San Angelo,2004,8,2004-08-01,138.0,14510000.0,90000.0,625.0,5.7,2004.5834,2004,2004,8,Sunday,3,-17058.922
San Angelo,2004,9,2004-09-01,112.0,11390000.0,88600.0,633.0,5.8,2004.6666,2004,2004,9,Wednesday,3,-18458.922
San Angelo,2004,10,2004-10-01,111.0,12535000.0,91000.0,591.0,5.4,2004.75,2004,2004,10,Friday,4,-16058.922
San Angelo,2004,11,2004-11-01,104.0,9390000.0,82900.0,522.0,4.6,2004.8334,2004,2004,11,Monday,4,-24158.922
San Angelo,2004,12,2004-12-01,115.0,11270000.0,82100.0,515.0,4.5,2004.9166,2004,2004,12,Wednesday,4,-24958.922
San Angelo,2005,1,2005-01-01,91.0,8890000.0,83500.0,,,2005.0,2005,2005,1,Saturday,1,-23558.922
San Angelo,2005,2,2005-02-01,109.0,10670000.0,82900.0,517.0,4.4,2005.0834,2005,2005,2,Tuesday,1,-24158.922
San Angelo,2005,3,2005-03-01,116.0,11435000.0,85400.0,530.0,4.5,2005.1666,2005,2005,3,Tuesday,1,-21658.922
San Angelo,2005,4,2005-04-01,132.0,12120000.0,80900.0,567.0,4.7,2005.25,2005,2005,4,Friday,2,-26158.922
San Angelo,2005,5,2005-05-01,176.0,18665000.0,91400.0,570.0,4.6,2005.3334,2005,2005,5,Sunday,2,-15658.922
San Angelo,2005,6,2005-06-01,163.0,17345000.0,86800.0,582.0,4.7,2005.4166,2005,2005,6,Wednesday,2,-20258.922
San Angelo,2005,7,2005-07-01,130.0,13835000.0,99100.0,580.0,4.6,2005.5,2005,2005,7,Friday,3,-7958.922
San Angelo,2005,8,2005-08-01,170.0,18545000.0,99000.0,507.0,4.0,2005.5834,2005,2005,8,Monday,3,-8058.922
San Angelo,2005,9,2005-09-01,154.0,15840000.0,90700.0,453.0,3.5,2005.6666,2005,2005,9,Thursday,3,-16358.922
San Angelo,2005,10,2005-10-01,137.0,14450000.0,89500.0,459.0,3.4,2005.75,2005,2005,10,Saturday,4,-17558.922
San Angelo,2005,11,2005-11-01,113.0,13255000.0,96800.0,,,2005.8334,2005,2005,11,Tuesday,4,-10258.922
San Angelo,2005,12,2005-12-01,130.0,14935000.0,99000.0,,,2005.9166,2005,2005,12,Thursday,4,-8058.922
San Angelo,2006,1,2006-01-01,85.0,9690000.0,101200.0,,,2006.0,2006,2006,1,Sunday,1,-5858.922
San Angelo,2006,2,2006-02-01,95.0,11000000.0,98300.0,,,2006.0834,2006,2006,2,Wednesday,1,-8758.922
San Angelo,2006,3,2006-03-01,121.0,14455000.0,98500.0,,,2006.1666,2006,2006,3,Wednesday,1,-8558.922
San Angelo,2006,4,2006-04-01,110.0,13220000.0,100000.0,,,2006.25,2006,2006,4,Saturday,2,-7058.922
San Angelo,2006,5,2006-05-01,148.0,16905000.0,99200.0,,,2006.3334,2006,2006,5,Monday,2,-7858.922
San Angelo,2006,6,2006-06-01,181.0,20420000.0,97400.0,,,2006.4166,2006,2006,6,Thursday,2,-9658.922
San Angelo,2006,7,2006-07-01,156.0,18760000.0,98700.0,,,2006.5,2006,2006,7,Saturday,3,-8358.922
San Angelo,2006,8,2006-08-01,168.0,19830000.0,101400.0,624.0,4.7,2006.5834,2006,2006,8,Tuesday,3,-5658.922
San Angelo,2006,9,2006-09-01,132.0,13995000.0,92500.0,,,2006.6666,2006,2006,9,Friday,3,-14558.922
San Angelo,2006,10,2006-10-01,116.0,14215000.0,97100.0,,,2006.75,2006,2006,10,Sunday,4,-9958.922
San Angelo,2006,11,2006-11-01,107.0,12465000.0,93100.0,,,2006.8334,2006,2006,11,Wednesday,4,-13958.922
San Angelo,2006,12,2006-12-01,133.0,16285000.0,107900.0,,,2006.9166,2006,2006,12,Friday,4,841.0781
San Angelo,2007,1,2007-01-01,90.0,9945000.0,91200.0,300.0,2.3,2007.0,2007,2007,1,Monday,1,-15858.922
San Angelo,2007,2,2007-02-01,97.0,11235000.0,92800.0,349.0,2.7,2007.0834,2007,2007,2,Thursday,1,-14258.922
San Angelo,2007,3,2007-03-01,137.0,15490000.0,93800.0,274.0,2.1,2007.1666,2007,2007,3,Thursday,1,-13258.922
San Angelo,2007,4,2007-04-01,136.0,17080000.0,100000.0,309.0,2.3,2007.25,2007,2007,4,Sunday,2,-7058.922
San Angelo,2007,5,2007-05-01,142.0,17520000.0,110000.0,283.0,2.1,2007.3334,2007,2007,5,Tuesday,2,2941.0781
San Angelo,2007,6,2007-06-01,159.0,22160000.0,118900.0,182.0,1.4,2007.4166,2007,2007,6,Friday,2,11841.078
San Angelo,2007,7,2007-07-01,155.0,20500000.0,113900.0,334.0,2.5,2007.5,2007,2007,7,Sunday,3,6841.078
San Angelo,2007,8,2007-08-01,183.0,23140000.0,111500.0,378.0,2.9,2007.5834,2007,2007,8,Wednesday,3,4441.078
San Angelo,2007,9,2007-09-01,128.0,15225000.0,99000.0,347.0,2.6,2007.6666,2007,2007,9,Saturday,3,-8058.922
San Angelo,2007,10,2007-10-01,130.0,17530000.0,105500.0,419.0,3.1,2007.75,2007,2007,10,Monday,4,-1558.9219
San Angelo,2007,11,2007-11-01,114.0,15545000.0,115700.0,448.0,3.4,2007.8334,2007,2007,11,Thursday,4,8641.078
San Angelo,2007,12,2007-12-01,121.0,16440000.0,115000.0,398.0,3.0,2007.9166,2007,2007,12,Saturday,4,7941.078
San Angelo,2008,1,2008-01-01,82.0,9440000.0,109200.0,403.0,3.1,2008.0,2008,2008,1,Tuesday,1,2141.0781
San Angelo,2008,2,2008-02-01,113.0,14610000.0,110600.0,354.0,2.7,2008.0834,2008,2008,2,Friday,1,3541.0781
San Angelo,2008,3,2008-03-01,102.0,13140000.0,105700.0,436.0,3.3,2008.1666,2008,2008,3,Saturday,1,-1358.9219
San Angelo,2008,4,2008-04-01,124.0,14405000.0,100000.0,470.0,3.6,2008.25,2008,2008,4,Tuesday,2,-7058.922
San Angelo,2008,5,2008-05-01,137.0,17735000.0,121500.0,410.0,3.2,2008.3334,2008,2008,5,Thursday,2,14441.078
San Angelo,2008,6,2008-06-01,145.0,19365000.0,115700.0,487.0,3.8,2008.4166,2008,2008,6,Sunday,2,8641.078
San Angelo,2008,7,2008-07-01,132.0,16130000.0,110000.0,520.0,4.1,2008.5,2008,2008,7,Tuesday,3,2941.0781
San Angelo,2008,8,2008-08-01,120.0,15880000.0,123000.0,595.0,4.9,2008.5834,2008,2008,8,Friday,3,15941.078
San Angelo,2008,9,2008-09-01,112.0,14535000.0,112300.0,539.0,4.5,2008.6666,2008,2008,9,Monday,3,5241.078
San Angelo,2008,10,2008-10-01,98.0,12840000.0,111800.0,537.0,4.6,2008.75,2008,2008,10,Wednesday,4,4741.078
San Angelo,2008,11,2008-11-01,77.0,9065000.0,106200.0,578.0,5.1,2008.8334,2008,2008,11,Saturday,4,-858.9219
San Angelo,2008,12,2008-12-01,96.0,12155000.0,115000.0,590.0,5.3,2008.9166,2008,2008,12,Monday,4,7941.078
San Angelo,2009,1,2009-01-01,71.0,8770000.0,104300.0,520.0,4.7,2009.0,2009,2009,1,Thursday,1,-2758.9219
San Angelo,2009,2,2009-02-01,79.0,10400000.0,122700.0,547.0,5.1,2009.0834,2009,2009,2,Sunday,1,15641.078
San Angelo,2009,3,2009-03-01,111.0,13810000.0,112100.0,529.0,4.9,2009.1666,2009,2009,3,Sunday,1,5041.078
San Angelo,2009,4,2009-04-01,95.0,12660000.0,115800.0,578.0,5.4,2009.25,2009,2009,4,Wednesday,2,8741.078
San Angelo,2009,5,2009-05-01,124.0,15720000.0,104200.0,578.0,5.5,2009.3334,2009,2009,5,Friday,2,-2858.9219
San Angelo,2009,6,2009-06-01,122.0,16860000.0,127100.0,577.0,5.6,2009.4166,2009,2009,6,Monday,2,20041.078
San Angelo,2009,7,2009-07-01,125.0,16235000.0,121700.0,577.0,5.6,2009.5,2009,2009,7,Wednesday,3,14641.078
San Angelo,2009,8,2009-08-01,117.0,15850000.0,120600.0,540.0,5.3,2009.5834,2009,2009,8,Saturday,3,13541.078
San Angelo,2009,9,2009-09-01,99.0,11305000.0,103600.0,558.0,5.5,2009.6666,2009,2009,9,Tuesday,3,-3458.9219
San Angelo,2009,10,2009-10-01,110.0,13675327.0,118600.0,545.0,5.3,2009.75,2009,2009,10,Thursday,4,11541.078
San Angelo,2009,11,2009-11-01,105.0,12438791.0,111100.0,536.0,5.1,2009.8334,2009,2009,11,Sunday,4,4041.0781
San Angelo,2009,12,2009-12-01,90.0,11073841.0,100000.0,498.0,4.8,2009.9166,2009,2009,12,Tuesday,4,-7058.922
San Angelo,2010,1,2010-01-01,59.0,7132145.0,85000.0,543.0,5.3,2010.0,2010,2010,1,Friday,1,-22058.922
San Angelo,2010,2,2010-02-01,69.0,10952550.0,138600.0,525.0,5.1,2010.0834,2010,2010,2,Monday,1,31541.078
San Angelo,2010,3,2010-03-01,129.0,14388112.0,98100.0,554.0,5.3,2010.1666,2010,2010,3,Monday,1,-8958.922
San Angelo,2010,4,2010-04-01,121.0,15912075.0,118500.0,602.0,5.7,2010.25,2010,2010,4,Thursday,2,11441.078
San Angelo,2010,5,2010-05-01,113.0,14852356.0,113600.0,623.0,5.9,2010.3334,2010,2010,5,Saturday,2,6541.078
San Angelo,2010,6,2010-06-01,117.0,18456573.0,135900.0,675.0,6.5,2010.4166,2010,2010,6,Tuesday,2,28841.078
San Angelo,2010,7,2010-07-01,99.0,12681202.0,119200.0,682.0,6.7,2010.5,2010,2010,7,Thursday,3,12141.078
San Angelo,2010,8,2010-08-01,105.0,13743412.0,117900.0,706.0,7.0,2010.5834,2010,2010,8,Sunday,3,10841.078
San Angelo,2010,9,2010-09-01,93.0,12425690.0,111200.0,701.0,7.0,2010.6666,2010,2010,9,Wednesday,3,4141.078
San Angelo,2010,10,2010-10-01,90.0,11257451.0,109200.0,635.0,6.4,2010.75,2010,2010,10,Friday,4,2141.0781
San Angelo,2010,11,2010-11-01,87.0,13069414.0,130000.0,641.0,6.6,2010.8334,2010,2010,11,Monday,4,22941.078
San Angelo,2010,12,2010-12-01,90.0,12769625.0,123300.0,597.0,6.1,2010.9166,2010,2010,12,Wednesday,4,16241.078
San Angelo,2011,1,2011-01-01,63.0,8482320.0,118900.0,615.0,6.3,2011.0,2011,2011,1,Saturday,1,11841.078
San Angelo,2011,2,2011-02-01,78.0,10699263.0,117800.0,608.0,6.2,2011.0834,2011,2011,2,Tuesday,1,10741.078
San Angelo,2011,3,2011-03-01,87.0,13471997.0,133800.0,622.0,6.5,2011.1666,2011,2011,3,Tuesday,1,26741.078
San Angelo,2011,4,2011-04-01,90.0,12456050.0,115400.0,658.0,7.1,2011.25,2011,2011,4,Friday,2,8341.078
San Angelo,2011,5,2011-05-01,113.0,14965200.0,124300.0,667.0,7.2,2011.3334,2011,2011,5,Sunday,2,17241.078
San Angelo,2011,6,2011-06-01,123.0,18103492.0,126400.0,651.0,7.0,2011.4166,2011,2011,6,Wednesday,2,19341.078
San Angelo,2011,7,2011-07-01,100.0,13843915.0,124600.0,647.0,6.9,2011.5,2011,2011,7,Friday,3,17541.078
San Angelo,2011,8,2011-08-01,115.0,15637510.0,116200.0,,,2011.5834,2011,2011,8,Monday,3,9141.078
San Angelo,2011,9,2011-09-01,123.0,17390213.0,128100.0,583.0,6.0,2011.6666,2011,2011,9,Thursday,3,21041.078
San Angelo,2011,10,2011-10-01,74.0,8707778.0,110000.0,550.0,5.8,2011.75,2011,2011,10,Saturday,4,2941.0781
San Angelo,2011,11,2011-11-01,88.0,12147413.0,121700.0,533.0,5.6,2011.8334,2011,2011,11,Tuesday,4,14641.078
San Angelo,2011,12,2011-12-01,93.0,12794150.0,121000.0,501.0,5.2,2011.9166,2011,2011,12,Thursday,4,13941.078
San Angelo,2012,1,2012-01-01,66.0,7933049.0,108600.0,473.0,4.9,2012.0,2012,2012,1,Sunday,1,1541.0781
San Angelo,2012,2,2012-02-01,83.0,11402885.0,119300.0,493.0,5.1,2012.0834,2012,2012,2,Wednesday,1,12241.078
San Angelo,2012,3,2012-03-01,121.0,15463123.0,111700.0,474.0,4.8,2012.1666,2012,2012,3,Thursday,1,4641.078
San Angelo,2012,4,2012-04-01,122.0,17549018.0,120000.0,484.0,4.8,2012.25,2012,2012,4,Sunday,2,12941.078
San Angelo,2012,5,2012-05-01,123.0,19184807.0,131300.0,,,2012.3334,2012,2012,5,Tuesday,2,24241.078
San Angelo,2012,6,2012-06-01,118.0,16733685.0,116200.0,497.0,4.9,2012.4166,2012,2012,6,Friday,2,9141.078
San Angelo,2012,7,2012-07-01,143.0,21740688.0,133600.0,481.0,4.5,2012.5,2012,2012,7,Sunday,3,26541.078
San Angelo,2012,8,2012-08-01,145.0,20565990.0,132400.0,542.0,5.0,2012.5834,2012,2012,8,Wednesday,3,25341.078
San Angelo,2012,9,2012-09-01,83.0,11331250.0,118300.0,513.0,4.9,2012.6666,2012,2012,9,Saturday,3,11241.078
San Angelo,2012,10,2012-10-01,119.0,19019037.0,133000.0,483.0,4.4,2012.75,2012,2012,10,Monday,4,25941.078
San Angelo,2012,11,2012-11-01,121.0,18043817.0,143900.0,478.0,4.3,2012.8334,2012,2012,11,Thursday,4,36841.08
San Angelo,2012,12,2012-12-01,130.0,17115122.0,123300.0,433.0,3.8,2012.9166,2012,2012,12,Saturday,4,16241.078
San Angelo,2013,1,2013-01-01,103.0,14846913.0,118200.0,343.0,2.9,2013.0,2013,2013,1,Tuesday,1,11141.078
San Angelo,2013,2,2013-02-01,144.0,20895469.0,130000.0,303.0,2.5,2013.0834,2013,2013,2,Friday,1,22941.078
San Angelo,2013,3,2013-03-01,182.0,27662400.0,131800.0,266.0,2.1,2013.1666,2013,2013,3,Friday,1,24741.078
San Angelo,2013,4,2013-04-01,164.0,24529726.0,140000.0,269.0,2.0,2013.25,2013,2013,4,Monday,2,32941.08
San Angelo,2013,5,2013-05-01,175.0,30050227.0,155900.0,320.0,2.4,2013.3334,2013,2013,5,Wednesday,2,48841.08
San Angelo,2013,6,2013-06-01,133.0,22959994.0,146900.0,355.0,2.6,2013.4166,2013,2013,6,Saturday,2,39841.08
San Angelo,2013,7,2013-07-01,165.0,26291455.0,142200.0,362.0,2.6,2013.5,2013,2013,7,Monday,3,35141.08
San Angelo,2013,8,2013-08-01,165.0,26273610.0,147300.0,415.0,3.0,2013.5834,2013,2013,8,Thursday,3,40241.08
San Angelo,2013,9,2013-09-01,144.0,21751834.0,133300.0,453.0,3.1,2013.6666,2013,2013,9,Sunday,3,26241.078
San Angelo,2013,10,2013-10-01,116.0,19718700.0,144600.0,459.0,3.2,2013.75,2013,2013,10,Tuesday,4,37541.08
San Angelo,2013,11,2013-11-01,91.0,12394066.0,125600.0,486.0,3.4,2013.8334,2013,2013,11,Friday,4,18541.078
San Angelo,2013,12,2013-12-01,105.0,17888049.0,155800.0,469.0,3.3,2013.9166,2013,2013,12,Sunday,4,48741.08
San Angelo,2014,1,2014-01-01,67.0,10613222.0,137300.0,475.0,3.5,2014.0,2014,2014,1,Wednesday,1,30241.078
San Angelo,2014,2,2014-02-01,102.0,18186032.0,149300.0,461.0,3.4,2014.0834,2014,2014,2,Saturday,1,42241.08
San Angelo,2014,3,2014-03-01,120.0,19590211.0,147100.0,457.0,3.5,2014.1666,2014,2014,3,Saturday,1,40041.08
San Angelo,2014,4,2014-04-01,146.0,23468120.0,146000.0,467.0,3.7,2014.25,2014,2014,4,Tuesday,2,38941.08
San Angelo,2014,5,2014-05-01,129.0,19276354.0,140800.0,481.0,3.9,2014.3334,2014,2014,5,Thursday,2,33741.08
San Angelo,2014,6,2014-06-01,129.0,23963250.0,159400.0,447.0,3.6,2014.4166,2014,2014,6,Sunday,2,52341.08
San Angelo,2014,7,2014-07-01,156.0,29251080.0,162900.0,537.0,4.4,2014.5,2014,2014,7,Tuesday,3,55841.08
San Angelo,2014,8,2014-08-01,147.0,25188280.0,161800.0,535.0,4.4,2014.5834,2014,2014,8,Friday,3,54741.08
San Angelo,2014,9,2014-09-01,146.0,27764510.0,163000.0,537.0,4.4,2014.6666,2014,2014,9,Monday,3,55941.08
San Angelo,2014,10,2014-10-01,128.0,21413000.0,151600.0,498.0,4.1,2014.75,2014,2014,10,Wednesday,4,44541.08
San Angelo,2014,11,2014-11-01,132.0,21896978.0,151300.0,491.0,3.9,2014.8334,2014,2014,11,Saturday,4,44241.08
San Angelo,2014,12,2014-12-01,113.0,20558587.0,159200.0,473.0,3.7,2014.9166,2014,2014,12,Monday,4,52141.08
San Angelo,2015,1,2015-01-01,82.0,13800945.0,138300.0,477.0,3.7,2015.0,2015,2015,1,Thursday,1,31241.078
San Angelo,2015,2,2015-02-01,106.0,16739639.0,143300.0,470.0,3.7,2015.0834,2015,2015,2,Sunday,1,36241.08
San Angelo,2015,3,2015-03-01,126.0,20760806.0,148400.0,453.0,3.5,2015.1666,2015,2015,3,Sunday,1,41341.08
San Angelo,2015,4,2015-04-01,132.0,23998920.0,162900.0,467.0,3.7,2015.25,2015,2015,4,Wednesday,2,55841.08
San Angelo,2015,5,2015-05-01,138.0,24116551.0,157900.0,483.0,3.8,2015.3334,2015,2015,5,Friday,2,50841.08
San Angelo,2015,6,2015-06-01,158.0,31155867.0,175400.0,547.0,4.2,2015.4166,2015,2015,6,Monday,2,68341.08
San Angelo,2015,7,2015-07-01,170.0,31874600.0,170900.0,570.0,4.3,2015.5,2015,2015,7,Wednesday,3,63841.08
San Antonio,2000,1,2000-01-01,820.0,98974924.0,90900.0,5866.0,4.7,2000.0,2000,2000,1,Saturday,1,-47570.047
San Antonio,2000,2,2000-02-01,1075.0,120851076.0,86000.0,5933.0,4.7,2000.0834,2000,2000,2,Tuesday,1,-52470.047
San Antonio,2000,3,2000-03-01,1433.0,167748201.0,87000.0,6187.0,4.9,2000.1666,2000,2000,3,Wednesday,1,-51470.047
San Antonio,2000,4,2000-04-01,1263.0,145280248.0,90200.0,6339.0,5.0,2000.25,2000,2000,4,Saturday,2,-48270.047
San Antonio,2000,5,2000-05-01,1574.0,183281564.0,91200.0,6454.0,5.0,2000.3334,2000,2000,5,Monday,2,-47270.047
San Antonio,2000,6,2000-06-01,1666.0,210779154.0,100100.0,6471.0,5.0,2000.4166,2000,2000,6,Thursday,2,-38370.047
San Antonio,2000,7,2000-07-01,1508.0,185816640.0,100500.0,6328.0,4.9,2000.5,2000,2000,7,Saturday,3,-37970.047
San Antonio,2000,8,2000-08-01,1626.0,195515195.0,93400.0,6764.0,5.2,2000.5834,2000,2000,8,Tuesday,3,-45070.047
San Antonio,2000,9,2000-09-01,1300.0,156643797.0,94800.0,6761.0,5.2,2000.6666,2000,2000,9,Friday,3,-43670.047
San Antonio,2000,10,2000-10-01,1192.0,141630200.0,93500.0,6850.0,5.2,2000.75,2000,2000,10,Sunday,4,-44970.047
San Antonio,2000,11,2000-11-01,1125.0,133453386.0,94100.0,6610.0,5.0,2000.8334,2000,2000,11,Wednesday,4,-44370.047
San Antonio,2000,12,2000-12-01,1008.0,122995362.0,96800.0,6335.0,4.9,2000.9166,2000,2000,12,Friday,4,-41670.047
San Antonio,2001,1,2001-01-01,945.0,105646984.0,87900.0,6437.0,4.9,2001.0,2001,2001,1,Monday,1,-50570.047
San Antonio,2001,2,2001-02-01,1109.0,138259169.0,96900.0,6662.0,5.1,2001.0834,2001,2001,2,Thursday,1,-41570.047
San Antonio,2001,3,2001-03-01,1483.0,183435869.0,97300.0,6782.0,5.2,2001.1666,2001,2001,3,Thursday,1,-41170.047
San Antonio,2001,4,2001-04-01,1372.0,161665350.0,93300.0,6906.0,5.2,2001.25,2001,2001,4,Sunday,2,-45170.047
San Antonio,2001,5,2001-05-01,1634.0,203486532.0,102300.0,7074.0,5.3,2001.3334,2001,2001,5,Tuesday,2,-36170.047
San Antonio,2001,6,2001-06-01,1760.0,224534548.0,104600.0,7260.0,5.4,2001.4166,2001,2001,6,Friday,2,-33870.047
San Antonio,2001,7,2001-07-01,1616.0,201460434.0,100900.0,7212.0,5.4,2001.5,2001,2001,7,Sunday,3,-37570.047
San Antonio,2001,8,2001-08-01,1635.0,207082026.0,102400.0,7006.0,5.2,2001.5834,2001,2001,8,Wednesday,3,-36070.047
San Antonio,2001,9,2001-09-01,1159.0,142851660.0,98500.0,6919.0,5.2,2001.6666,2001,2001,9,Saturday,3,-39970.047
San Antonio,2001,10,2001-10-01,1242.0,156272648.0,96400.0,6774.0,5.1,2001.75,2001,2001,10,Monday,4,-42070.047
San Antonio,2001,11,2001-11-01,1155.0,146607645.0,98200.0,6511.0,4.8,2001.8334,2001,2001,11,Thursday,4,-40270.047
San Antonio,2001,12,2001-12-01,1152.0,148611204.0,108000.0,6299.0,4.6,2001.9166,2001,2001,12,Saturday,4,-30470.047
San Antonio,2002,1,2002-01-01,884.0,107359952.0,100500.0,6616.0,4.9,2002.0,2002,2002,1,Tuesday,1,-37970.047
San Antonio,2002,2,2002-02-01,1096.0,139391844.0,104000.0,6787.0,5.0,2002.0834,2002,2002,2,Friday,1,-34470.047
San Antonio,2002,3,2002-03-01,1327.0,171773437.0,100400.0,6959.0,5.2,2002.1666,2002,2002,3,Friday,1,-38070.047
San Antonio,2002,4,2002-04-01,1339.0,170085516.0,102100.0,7049.0,5.3,2002.25,2002,2002,4,Monday,2,-36370.047
San Antonio,2002,5,2002-05-01,1651.0,220873783.0,108700.0,7080.0,5.3,2002.3334,2002,2002,5,Wednesday,2,-29770.047
San Antonio,2002,6,2002-06-01,1496.0,204189254.0,112700.0,7237.0,5.5,2002.4166,2002,2002,6,Saturday,2,-25770.047
San Antonio,2002,7,2002-07-01,1552.0,207497163.0,111000.0,7265.0,5.6,2002.5,2002,2002,7,Monday,3,-27470.047
San Antonio,2002,8,2002-08-01,1577.0,201741215.0,103200.0,7243.0,5.6,2002.5834,2002,2002,8,Thursday,3,-35270.047
San Antonio,2002,9,2002-09-01,1308.0,167698544.0,105600.0,7290.0,5.5,2002.6666,2002,2002,9,Sunday,3,-32870.047
San Antonio,2002,10,2002-10-01,1320.0,175532446.0,107800.0,7272.0,5.5,2002.75,2002,2002,10,Tuesday,4,-30670.047
San Antonio,2002,11,2002-11-01,1148.0,154316196.0,106700.0,7167.0,5.4,2002.8334,2002,2002,11,Friday,4,-31770.047
San Antonio,2002,12,2002-12-01,1283.0,176796636.0,112900.0,6956.0,5.2,2002.9166,2002,2002,12,Sunday,4,-25570.047
San Antonio,2003,1,2003-01-01,1018.0,129687322.0,101100.0,7241.0,5.4,2003.0,2003,2003,1,Wednesday,1,-37370.047
San Antonio,2003,2,2003-02-01,1136.0,149846603.0,108800.0,7343.0,5.5,2003.0834,2003,2003,2,Saturday,1,-29670.047
San Antonio,2003,3,2003-03-01,1380.0,182266602.0,105500.0,7639.0,5.7,2003.1666,2003,2003,3,Saturday,1,-32970.047
San Antonio,2003,4,2003-04-01,1488.0,203687322.0,111900.0,7911.0,5.8,2003.25,2003,2003,4,Tuesday,2,-26570.047
San Antonio,2003,5,2003-05-01,1611.0,225024783.0,114500.0,8159.0,6.0,2003.3334,2003,2003,5,Thursday,2,-23970.047
San Antonio,2003,6,2003-06-01,1806.0,272373704.0,125500.0,8413.0,6.1,2003.4166,2003,2003,6,Sunday,2,-12970.047
San Antonio,2003,7,2003-07-01,1782.0,259955959.0,120600.0,8408.0,6.0,2003.5,2003,2003,7,Tuesday,3,-17870.047
San Antonio,2003,8,2003-08-01,1814.0,256734550.0,120500.0,8344.0,5.9,2003.5834,2003,2003,8,Friday,3,-17970.047
San Antonio,2003,9,2003-09-01,1584.0,212298452.0,111600.0,8476.0,5.9,2003.6666,2003,2003,9,Monday,3,-26870.047
San Antonio,2003,10,2003-10-01,1497.0,195694922.0,108100.0,8357.0,5.7,2003.75,2003,2003,10,Wednesday,4,-30370.047
San Antonio,2003,11,2003-11-01,1245.0,172870150.0,110800.0,8112.0,5.5,2003.8334,2003,2003,11,Saturday,4,-27670.047
San Antonio,2003,12,2003-12-01,1501.0,207608035.0,114200.0,7867.0,5.3,2003.9166,2003,2003,12,Monday,4,-24270.047
San Antonio,2004,1,2004-01-01,1028.0,134983218.0,107100.0,8302.0,5.6,2004.0,2004,2004,1,Thursday,1,-31370.047
San Antonio,2004,2,2004-02-01,1275.0,171117643.0,108300.0,8529.0,5.7,2004.0834,2004,2004,2,Sunday,1,-30170.047
San Antonio,2004,3,2004-03-01,1700.0,230223523.0,114400.0,8783.0,5.7,2004.1666,2004,2004,3,Monday,1,-24070.047
San Antonio,2004,4,2004-04-01,1695.0,233034760.0,112500.0,8857.0,5.7,2004.25,2004,2004,4,Thursday,2,-25970.047
San Antonio,2004,5,2004-05-01,1865.0,272339465.0,121800.0,8977.0,5.7,2004.3334,2004,2004,5,Saturday,2,-16670.047
San Antonio,2004,6,2004-06-01,2284.0,354062864.0,126900.0,8928.0,5.6,2004.4166,2004,2004,6,Tuesday,2,-11570.047
San Antonio,2004,7,2004-07-01,2106.0,314642414.0,124200.0,8903.0,5.5,2004.5,2004,2004,7,Thursday,3,-14270.047
San Antonio,2004,8,2004-08-01,2035.0,300836609.0,124000.0,8830.0,5.3,2004.5834,2004,2004,8,Sunday,3,-14470.047
San Antonio,2004,9,2004-09-01,1716.0,248621950.0,120700.0,8847.0,5.3,2004.6666,2004,2004,9,Wednesday,3,-17770.047
San Antonio,2004,10,2004-10-01,1624.0,228302392.0,117900.0,,,2004.75,2004,2004,10,Friday,4,-20570.047
San Antonio,2004,11,2004-11-01,1474.0,215851592.0,118100.0,,,2004.8334,2004,2004,11,Monday,4,-20370.047
San Antonio,2004,12,2004-12-01,1691.0,245485643.0,121500.0,,,2004.9166,2004,2004,12,Wednesday,4,-16970.047
San Antonio,2005,1,2005-01-01,1265.0,174252814.0,114900.0,8512.0,4.9,2005.0,2005,2005,1,Saturday,1,-23570.047
San Antonio,2005,2,2005-02-01,1450.0,213938995.0,121400.0,8546.0,4.9,2005.0834,2005,2005,2,Tuesday,1,-17070.047
San Antonio,2005,3,2005-03-01,1958.0,280364246.0,121600.0,8849.0,5.0,2005.1666,2005,2005,3,Tuesday,1,-16870.047
San Antonio,2005,4,2005-04-01,1922.0,285284008.0,125900.0,8845.0,5.0,2005.25,2005,2005,4,Friday,2,-12570.047
San Antonio,2005,5,2005-05-01,2310.0,367241928.0,130700.0,8940.0,4.9,2005.3334,2005,2005,5,Sunday,2,-7770.047
San Antonio,2005,6,2005-06-01,2504.0,408234678.0,135700.0,8924.0,4.9,2005.4166,2005,2005,6,Wednesday,2,-2770.0469
San Antonio,2005,7,2005-07-01,2239.0,353272225.0,134600.0,8822.0,4.8,2005.5,2005,2005,7,Friday,3,-3870.0469
San Antonio,2005,8,2005-08-01,2547.0,411025907.0,135500.0,8344.0,4.4,2005.5834,2005,2005,8,Monday,3,-2970.0469
San Antonio,2005,9,2005-09-01,2224.0,357574000.0,136700.0,8141.0,4.2,2005.6666,2005,2005,9,Thursday,3,-1770.0469
San Antonio,2005,10,2005-10-01,1915.0,307933563.0,129700.0,8038.0,4.1,2005.75,2005,2005,10,Saturday,4,-8770.047
San Antonio,2005,11,2005-11-01,1815.0,289868415.0,134500.0,7826.0,3.9,2005.8334,2005,2005,11,Tuesday,4,-3970.0469
San Antonio,2005,12,2005-12-01,1885.0,307867259.0,139200.0,7552.0,3.8,2005.9166,2005,2005,12,Thursday,4,729.9531
San Antonio,2006,1,2006-01-01,1420.0,222767576.0,130400.0,7905.0,3.9,2006.0,2006,2006,1,Sunday,1,-8070.047
San Antonio,2006,2,2006-02-01,1705.0,267312785.0,130400.0,7846.0,3.9,2006.0834,2006,2006,2,Wednesday,1,-8070.047
San Antonio,2006,3,2006-03-01,2354.0,382533514.0,135900.0,8134.0,3.9,2006.1666,2006,2006,3,Wednesday,1,-2570.0469
San Antonio,2006,4,2006-04-01,2070.0,337955174.0,135800.0,8238.0,4.0,2006.25,2006,2006,4,Saturday,2,-2670.0469
San Antonio,2006,5,2006-05-01,2557.0,439980205.0,140800.0,8397.0,4.0,2006.3334,2006,2006,5,Monday,2,2329.9531
San Antonio,2006,6,2006-06-01,2812.0,499747796.0,147500.0,8447.0,4.0,2006.4166,2006,2006,6,Thursday,2,9029.953
San Antonio,2006,7,2006-07-01,2568.0,459221882.0,146100.0,8675.0,4.0,2006.5,2006,2006,7,Saturday,3,7629.953
San Antonio,2006,8,2006-08-01,2547.0,438795181.0,143300.0,8889.0,4.1,2006.5834,2006,2006,8,Tuesday,3,4829.953
San Antonio,2006,9,2006-09-01,2245.0,375555039.0,139100.0,9169.0,4.2,2006.6666,2006,2006,9,Friday,3,629.9531
San Antonio,2006,10,2006-10-01,1960.0,330988924.0,137900.0,9563.0,4.4,2006.75,2006,2006,10,Sunday,4,-570.0469
San Antonio,2006,11,2006-11-01,1919.0,323268760.0,141700.0,9431.0,4.3,2006.8334,2006,2006,11,Wednesday,4,3229.9531
San Antonio,2006,12,2006-12-01,2012.0,356849507.0,147500.0,9101.0,4.2,2006.9166,2006,2006,12,Friday,4,9029.953
San Antonio,2007,1,2007-01-01,1421.0,240444609.0,142400.0,9696.0,4.4,2007.0,2007,2007,1,Monday,1,3929.9531
San Antonio,2007,2,2007-02-01,1701.0,299078925.0,143100.0,10388.0,4.8,2007.0834,2007,2007,2,Thursday,1,4629.953
San Antonio,2007,3,2007-03-01,2139.0,371754181.0,145700.0,10785.0,5.0,2007.1666,2007,2007,3,Thursday,1,7229.953
San Antonio,2007,4,2007-04-01,2107.0,380162073.0,145000.0,11563.0,5.3,2007.25,2007,2007,4,Sunday,2,6529.953
San Antonio,2007,5,2007-05-01,2478.0,447033120.0,147200.0,12256.0,5.7,2007.3334,2007,2007,5,Tuesday,2,8729.953
San Antonio,2007,6,2007-06-01,2443.0,472051800.0,157200.0,12718.0,6.0,2007.4166,2007,2007,6,Friday,2,18729.953
San Antonio,2007,7,2007-07-01,2372.0,438039518.0,152300.0,12946.0,6.1,2007.5,2007,2007,7,Sunday,3,13829.953
San Antonio,2007,8,2007-08-01,2409.0,450041817.0,151500.0,12857.0,6.1,2007.5834,2007,2007,8,Wednesday,3,13029.953
San Antonio,2007,9,2007-09-01,1885.0,335779547.0,146600.0,12884.0,6.2,2007.6666,2007,2007,9,Saturday,3,8129.953
San Antonio,2007,10,2007-10-01,1722.0,296749662.0,144400.0,13103.0,6.4,2007.75,2007,2007,10,Monday,4,5929.953
San Antonio,2007,11,2007-11-01,1591.0,280035900.0,145000.0,12578.0,6.2,2007.8334,2007,2007,11,Thursday,4,6529.953
San Antonio,2007,12,2007-12-01,1689.0,306775579.0,148500.0,11843.0,5.9,2007.9166,2007,2007,12,Saturday,4,10029.953
San Antonio,2008,1,2008-01-01,1235.0,211772275.0,140400.0,12368.0,6.2,2008.0,2008,2008,1,Tuesday,1,1929.9531
San Antonio,2008,2,2008-02-01,1546.0,263763769.0,143000.0,12631.0,6.4,2008.0834,2008,2008,2,Friday,1,4529.953
San Antonio,2008,3,2008-03-01,1723.0,309989598.0,147900.0,13091.0,6.8,2008.1666,2008,2008,3,Saturday,1,9429.953
San Antonio,2008,4,2008-04-01,1744.0,322794620.0,152300.0,13479.0,7.1,2008.25,2008,2008,4,Tuesday,2,13829.953
San Antonio,2008,5,2008-05-01,1909.0,356613490.0,151700.0,13640.0,7.4,2008.3334,2008,2008,5,Thursday,2,13229.953
San Antonio,2008,6,2008-06-01,2096.0,405778671.0,157800.0,13871.0,7.6,2008.4166,2008,2008,6,Sunday,2,19329.953
San Antonio,2008,7,2008-07-01,1890.0,350623890.0,153400.0,14088.0,7.9,2008.5,2008,2008,7,Tuesday,3,14929.953
San Antonio,2008,8,2008-08-01,1799.0,331904853.0,150200.0,13814.0,8.0,2008.5834,2008,2008,8,Friday,3,11729.953
San Antonio,2008,9,2008-09-01,1655.0,292644119.0,144500.0,13618.0,7.9,2008.6666,2008,2008,9,Monday,3,6029.953
San Antonio,2008,10,2008-10-01,1423.0,262507655.0,144300.0,13541.0,8.0,2008.75,2008,2008,10,Wednesday,4,5829.953
San Antonio,2008,11,2008-11-01,1040.0,186039791.0,142600.0,13137.0,8.0,2008.8334,2008,2008,11,Saturday,4,4129.953
San Antonio,2008,12,2008-12-01,1311.0,232910019.0,141500.0,12281.0,7.6,2008.9166,2008,2008,12,Monday,4,3029.9531
San Antonio,2009,1,2009-01-01,859.0,158719852.0,145900.0,12349.0,7.8,2009.0,2009,2009,1,Thursday,1,7429.953
San Antonio,2009,2,2009-02-01,1156.0,202274184.0,142300.0,12622.0,8.1,2009.0834,2009,2009,2,Sunday,1,3829.9531
San Antonio,2009,3,2009-03-01,1372.0,235903850.0,143800.0,12807.0,8.4,2009.1666,2009,2009,3,Sunday,1,5329.953
San Antonio,2009,4,2009-04-01,1501.0,271181155.0,147900.0,12690.0,8.5,2009.25,2009,2009,4,Wednesday,2,9429.953
San Antonio,2009,5,2009-05-01,1667.0,306809171.0,151600.0,12601.0,8.5,2009.3334,2009,2009,5,Friday,2,13129.953
San Antonio,2009,6,2009-06-01,1953.0,369817472.0,156100.0,12516.0,8.5,2009.4166,2009,2009,6,Monday,2,17629.953
San Antonio,2009,7,2009-07-01,2044.0,380490533.0,158600.0,12413.0,8.4,2009.5,2009,2009,7,Wednesday,3,20129.953
San Antonio,2009,8,2009-08-01,1803.0,324885177.0,147800.0,12224.0,8.2,2009.5834,2009,2009,8,Saturday,3,9329.953
San Antonio,2009,9,2009-09-01,1610.0,279600204.0,146500.0,11865.0,8.0,2009.6666,2009,2009,9,Tuesday,3,8029.953
San Antonio,2009,10,2009-10-01,1751.0,292424481.0,138700.0,11583.0,7.7,2009.75,2009,2009,10,Thursday,4,229.95312
San Antonio,2009,11,2009-11-01,1608.0,271945968.0,141000.0,11506.0,7.4,2009.8334,2009,2009,11,Sunday,4,2529.9531
San Antonio,2009,12,2009-12-01,1399.0,252403705.0,147400.0,11150.0,7.1,2009.9166,2009,2009,12,Tuesday,4,8929.953
San Antonio,2010,1,2010-01-01,857.0,148724845.0,138800.0,11755.0,7.5,2010.0,2010,2010,1,Friday,1,329.95312
San Antonio,2010,2,2010-02-01,1250.0,210877650.0,141700.0,12168.0,7.8,2010.0834,2010,2010,2,Monday,1,3229.9531
San Antonio,2010,3,2010-03-01,1763.0,307921677.0,143300.0,12948.0,8.1,2010.1666,2010,2010,3,Monday,1,4829.953
San Antonio,2010,4,2010-04-01,1918.0,331213210.0,142600.0,12716.0,7.8,2010.25,2010,2010,4,Thursday,2,4129.953
San Antonio,2010,5,2010-05-01,2035.0,356955045.0,146600.0,13055.0,7.8,2010.3334,2010,2010,5,Saturday,2,8129.953
San Antonio,2010,6,2010-06-01,1972.0,371310192.0,152000.0,13552.0,8.1,2010.4166,2010,2010,6,Tuesday,2,13529.953
San Antonio,2010,7,2010-07-01,1559.0,318011916.0,161800.0,13598.0,8.4,2010.5,2010,2010,7,Thursday,3,23329.953
San Antonio,2010,8,2010-08-01,1657.0,328912742.0,160100.0,13423.0,8.3,2010.5834,2010,2010,8,Sunday,3,21629.953
San Antonio,2010,9,2010-09-01,1462.0,269064373.0,152000.0,13022.0,8.1,2010.6666,2010,2010,9,Wednesday,3,13529.953
San Antonio,2010,10,2010-10-01,1320.0,240255420.0,149300.0,12615.0,8.1,2010.75,2010,2010,10,Friday,4,10829.953
San Antonio,2010,11,2010-11-01,1300.0,246477985.0,152900.0,12235.0,7.9,2010.8334,2010,2010,11,Monday,4,14429.953
San Antonio,2010,12,2010-12-01,1356.0,260427064.0,157200.0,11603.0,7.5,2010.9166,2010,2010,12,Wednesday,4,18729.953
San Antonio,2011,1,2011-01-01,977.0,175057159.0,146100.0,11903.0,7.7,2011.0,2011,2011,1,Saturday,1,7629.953
San Antonio,2011,2,2011-02-01,1130.0,201443132.0,148700.0,12076.0,7.9,2011.0834,2011,2011,2,Tuesday,1,10229.953
San Antonio,2011,3,2011-03-01,1607.0,290760522.0,148400.0,12485.0,8.2,2011.1666,2011,2011,3,Tuesday,1,9929.953
San Antonio,2011,4,2011-04-01,1564.0,279658832.0,147900.0,12631.0,8.4,2011.25,2011,2011,4,Friday,2,9429.953
San Antonio,2011,5,2011-05-01,1871.0,351947316.0,152400.0,12685.0,8.6,2011.3334,2011,2011,5,Sunday,2,13929.953
San Antonio,2011,6,2011-06-01,1989.0,382276827.0,155300.0,12655.0,8.5,2011.4166,2011,2011,6,Wednesday,2,16829.953
San Antonio,2011,7,2011-07-01,1752.0,334566084.0,156500.0,12491.0,8.3,2011.5,2011,2011,7,Friday,3,18029.953
San Antonio,2011,8,2011-08-01,1820.0,332639720.0,153300.0,11856.0,7.8,2011.5834,2011,2011,8,Monday,3,14829.953
San Antonio,2011,9,2011-09-01,1626.0,305052198.0,152400.0,11489.0,7.5,2011.6666,2011,2011,9,Thursday,3,13929.953
San Antonio,2011,10,2011-10-01,1423.0,258310111.0,151400.0,11299.0,7.4,2011.75,2011,2011,10,Saturday,4,12929.953
San Antonio,2011,11,2011-11-01,1295.0,226300216.0,147500.0,10901.0,7.1,2011.8334,2011,2011,11,Tuesday,4,9029.953
San Antonio,2011,12,2011-12-01,1454.0,266388959.0,151900.0,10171.0,6.6,2011.9166,2011,2011,12,Thursday,4,13429.953
San Antonio,2012,1,2012-01-01,1042.0,183471954.0,142100.0,10400.0,6.7,2012.0,2012,2012,1,Sunday,1,3629.9531
San Antonio,2012,2,2012-02-01,1316.0,240879768.0,150200.0,10486.0,6.7,2012.0834,2012,2012,2,Wednesday,1,11729.953
San Antonio,2012,3,2012-03-01,1695.0,312831976.0,157200.0,10618.0,6.8,2012.1666,2012,2012,3,Thursday,1,18729.953
San Antonio,2012,4,2012-04-01,1698.0,325553748.0,156900.0,10977.0,6.9,2012.25,2012,2012,4,Sunday,2,18429.953
San Antonio,2012,5,2012-05-01,1948.0,382613654.0,160400.0,11063.0,7.0,2012.3334,2012,2012,5,Tuesday,2,21929.953
San Antonio,2012,6,2012-06-01,2112.0,439461614.0,169700.0,11031.0,6.9,2012.4166,2012,2012,6,Friday,2,31229.953
San Antonio,2012,7,2012-07-01,1950.0,379996619.0,163200.0,10938.0,6.8,2012.5,2012,2012,7,Sunday,3,24729.953
San Antonio,2012,8,2012-08-01,2146.0,418840356.0,160400.0,10477.0,6.4,2012.5834,2012,2012,8,Wednesday,3,21929.953
San Antonio,2012,9,2012-09-01,1740.0,333975240.0,157200.0,10148.0,6.1,2012.6666,2012,2012,9,Saturday,3,18729.953
San Antonio,2012,10,2012-10-01,1707.0,331573545.0,157800.0,9828.0,5.9,2012.75,2012,2012,10,Monday,4,19329.953
San Antonio,2012,11,2012-11-01,1626.0,313453812.0,160800.0,9429.0,5.5,2012.8334,2012,2012,11,Thursday,4,22329.953
San Antonio,2012,12,2012-12-01,1585.0,305454501.0,159500.0,8801.0,5.1,2012.9166,2012,2012,12,Saturday,4,21029.953
San Antonio,2013,1,2013-01-01,1292.0,236163208.0,150400.0,8932.0,5.1,2013.0,2013,2013,1,Tuesday,1,11929.953
San Antonio,2013,2,2013-02-01,1449.0,285398367.0,159300.0,9359.0,5.4,2013.0834,2013,2013,2,Friday,1,20829.953
San Antonio,2013,3,2013-03-01,1900.0,364477084.0,158300.0,9488.0,5.4,2013.1666,2013,2013,3,Friday,1,19829.953
San Antonio,2013,4,2013-04-01,2046.0,413772003.0,165300.0,9421.0,5.3,2013.25,2013,2013,4,Monday,2,26829.953
San Antonio,2013,5,2013-05-01,2549.0,546614113.0,174900.0,9406.0,5.1,2013.3334,2013,2013,5,Wednesday,2,36429.953
San Antonio,2013,6,2013-06-01,2388.0,521027508.0,177800.0,9581.0,5.1,2013.4166,2013,2013,6,Saturday,2,39329.953
San Antonio,2013,7,2013-07-01,2490.0,537769228.0,178000.0,9763.0,5.1,2013.5,2013,2013,7,Monday,3,39529.953
San Antonio,2013,8,2013-08-01,2489.0,518033309.0,174700.0,9396.0,4.8,2013.5834,2013,2013,8,Thursday,3,36229.953
San Antonio,2013,9,2013-09-01,2058.0,420142221.0,168400.0,9113.0,4.6,2013.6666,2013,2013,9,Sunday,3,29929.953
San Antonio,2013,10,2013-10-01,1910.0,388789029.0,168500.0,8868.0,4.5,2013.75,2013,2013,10,Tuesday,4,30029.953
San Antonio,2013,11,2013-11-01,1693.0,361665378.0,170300.0,8372.0,4.2,2013.8334,2013,2013,11,Friday,4,31829.953
San Antonio,2013,12,2013-12-01,1843.0,392660916.0,172300.0,7914.0,3.9,2013.9166,2013,2013,12,Sunday,4,33829.953
San Antonio,2014,1,2014-01-01,1401.0,269857974.0,160900.0,8282.0,4.1,2014.0,2014,2014,1,Wednesday,1,22429.953
San Antonio,2014,2,2014-02-01,1559.0,313307895.0,168600.0,8638.0,4.3,2014.0834,2014,2014,2,Saturday,1,30129.953
San Antonio,2014,3,2014-03-01,1922.0,404816960.0,173300.0,8909.0,4.4,2014.1666,2014,2014,3,Saturday,1,34829.953
San Antonio,2014,4,2014-04-01,2193.0,458876193.0,175900.0,9358.0,4.6,2014.25,2014,2014,4,Tuesday,2,37429.953
San Antonio,2014,5,2014-05-01,2432.0,539405842.0,182600.0,9560.0,4.7,2014.3334,2014,2014,5,Thursday,2,44129.953
San Antonio,2014,6,2014-06-01,2553.0,585805307.0,188800.0,9641.0,4.7,2014.4166,2014,2014,6,Sunday,2,50329.953
San Antonio,2014,7,2014-07-01,2556.0,577877954.0,185300.0,9458.0,4.6,2014.5,2014,2014,7,Tuesday,3,46829.953
San Antonio,2014,8,2014-08-01,2523.0,553787595.0,180700.0,9235.0,4.5,2014.5834,2014,2014,8,Friday,3,42229.953
San Antonio,2014,9,2014-09-01,2308.0,505447424.0,184000.0,9000.0,4.3,2014.6666,2014,2014,9,Monday,3,45529.953
San Antonio,2014,10,2014-10-01,2225.0,464066036.0,174600.0,8710.0,4.1,2014.75,2014,2014,10,Wednesday,4,36129.953
San Antonio,2014,11,2014-11-01,1738.0,388222634.0,184100.0,8236.0,3.9,2014.8334,2014,2014,11,Saturday,4,45629.953
San Antonio,2014,12,2014-12-01,2161.0,478503900.0,183400.0,7569.0,3.6,2014.9166,2014,2014,12,Monday,4,44929.953
San Antonio,2015,1,2015-01-01,1485.0,311909130.0,175900.0,7717.0,3.6,2015.0,2015,2015,1,Thursday,1,37429.953
San Antonio,2015,2,2015-02-01,1768.0,387155552.0,186700.0,7799.0,3.6,2015.0834,2015,2015,2,Sunday,1,48229.953
San Antonio,2015,3,2015-03-01,2265.0,510275463.0,185800.0,8032.0,3.7,2015.1666,2015,2015,3,Sunday,1,47329.953
San Antonio,2015,4,2015-04-01,2450.0,547396335.0,188500.0,8388.0,3.8,2015.25,2015,2015,4,Wednesday,2,50029.953
San Antonio,2015,5,2015-05-01,2606.0,633210464.0,199400.0,8682.0,3.9,2015.3334,2015,2015,5,Friday,2,60929.953
San Antonio,2015,6,2015-06-01,2919.0,701375402.0,199400.0,9105.0,4.0,2015.4166,2015,2015,6,Monday,2,60929.953
San Antonio,2015,7,2015-07-01,2962.0,704891602.0,198100.0,9462.0,4.1,2015.5,2015,2015,7,Wednesday,3,59629.953
San Marcos,2000,1,2000-01-01,22.0,2380000.0,106700.0,190.0,6.3,2000.0,2000,2000,1,Saturday,1,-39468.797
San Marcos,2000,2,2000-02-01,23.0,2935000.0,112900.0,183.0,6.0,2000.0834,2000,2000,2,Tuesday,1,-33268.797
San Marcos,2000,3,2000-03-01,29.0,3400000.0,112500.0,184.0,6.0,2000.1666,2000,2000,3,Wednesday,1,-33668.797
San Marcos,2000,4,2000-04-01,29.0,3185000.0,106000.0,194.0,6.5,2000.25,2000,2000,4,Saturday,2,-40168.797
San Marcos,2000,5,2000-05-01,42.0,4620000.0,92500.0,213.0,6.8,2000.3334,2000,2000,5,Monday,2,-53668.797
San Marcos,2000,6,2000-06-01,32.0,3870000.0,117500.0,227.0,7.5,2000.4166,2000,2000,6,Thursday,2,-28668.797
San Marcos,2000,7,2000-07-01,28.0,2975000.0,97500.0,228.0,7.7,2000.5,2000,2000,7,Saturday,3,-48668.797
San Marcos,2000,8,2000-08-01,50.0,6230000.0,112000.0,259.0,8.4,2000.5834,2000,2000,8,Tuesday,3,-34168.797
San Marcos,2000,9,2000-09-01,27.0,3160000.0,110000.0,188.0,6.1,2000.6666,2000,2000,9,Friday,3,-36168.797
San Marcos,2000,10,2000-10-01,33.0,3675000.0,110000.0,259.0,8.2,2000.75,2000,2000,10,Sunday,4,-36168.797
San Marcos,2000,11,2000-11-01,17.0,2240000.0,123300.0,208.0,6.9,2000.8334,2000,2000,11,Wednesday,4,-22868.797
San Marcos,2000,12,2000-12-01,30.0,3310000.0,120000.0,259.0,8.6,2000.9166,2000,2000,12,Friday,4,-26168.797
San Marcos,2001,1,2001-01-01,,,,,,2001.0,2001,2001,1,Monday,1,
San Marcos,2001,2,2001-02-01,11.0,1445000.0,126000.0,260.0,8.7,2001.0834,2001,2001,2,Thursday,1,-20168.797
San Marcos,2001,3,2001-03-01,38.0,4515000.0,124000.0,258.0,8.4,2001.1666,2001,2001,3,Thursday,1,-22168.797
San Marcos,2001,4,2001-04-01,44.0,5215000.0,120000.0,257.0,8.0,2001.25,2001,2001,4,Sunday,2,-26168.797
San Marcos,2001,5,2001-05-01,,,,,,2001.3334,2001,2001,5,Tuesday,2,
San Marcos,2001,6,2001-06-01,,,,,,2001.4166,2001,2001,6,Friday,2,
San Marcos,2001,7,2001-07-01,,,,,,2001.5,2001,2001,7,Sunday,3,
San Marcos,2001,8,2001-08-01,,,,,,2001.5834,2001,2001,8,Wednesday,3,
San Marcos,2001,9,2001-09-01,,,,,,2001.6666,2001,2001,9,Saturday,3,
San Marcos,2001,10,2001-10-01,,,,,,2001.75,2001,2001,10,Monday,4,
San Marcos,2001,11,2001-11-01,,,,,,2001.8334,2001,2001,11,Thursday,4,
San Marcos,2001,12,2001-12-01,,,,,,2001.9166,2001,2001,12,Saturday,4,
San Marcos,2002,1,2002-01-01,,,,,,2002.0,2002,2002,1,Tuesday,1,
San Marcos,2002,2,2002-02-01,,,,,,2002.0834,2002,2002,2,Friday,1,
San Marcos,2002,3,2002-03-01,,,,,,2002.1666,2002,2002,3,Friday,1,
San Marcos,2002,4,2002-04-01,,,,,,2002.25,2002,2002,4,Monday,2,
San Marcos,2002,5,2002-05-01,,,,,,2002.3334,2002,2002,5,Wednesday,2,
San Marcos,2002,6,2002-06-01,,,,,,2002.4166,2002,2002,6,Saturday,2,
San Marcos,2002,7,2002-07-01,,,,,,2002.5,2002,2002,7,Monday,3,
San Marcos,2002,8,2002-08-01,,,,,,2002.5834,2002,2002,8,Thursday,3,
San Marcos,2002,9,2002-09-01,,,,,,2002.6666,2002,2002,9,Sunday,3,
San Marcos,2002,10,2002-10-01,,,,,,2002.75,2002,2002,10,Tuesday,4,
San Marcos,2002,11,2002-11-01,,,,,,2002.8334,2002,2002,11,Friday,4,
San Marcos,2002,12,2002-12-01,,,,,,2002.9166,2002,2002,12,Sunday,4,
San Marcos,2003,1,2003-01-01,,,,,,2003.0,2003,2003,1,Wednesday,1,
San Marcos,2003,2,2003-02-01,,,,,,2003.0834,2003,2003,2,Saturday,1,
San Marcos,2003,3,2003-03-01,,,,,,2003.1666,2003,2003,3,Saturday,1,
San Marcos,2003,4,2003-04-01,,,,,,2003.25,2003,2003,4,Tuesday,2,
San Marcos,2003,5,2003-05-01,,,,,,2003.3334,2003,2003,5,Thursday,2,
San Marcos,2003,6,2003-06-01,,,,,,2003.4166,2003,2003,6,Sunday,2,
San Marcos,2003,7,2003-07-01,,,,,,2003.5,2003,2003,7,Tuesday,3,
San Marcos,2003,8,2003-08-01,,,,,,2003.5834,2003,2003,8,Friday,3,
San Marcos,2003,9,2003-09-01,,,,,,2003.6666,2003,2003,9,Monday,3,
San Marcos,2003,10,2003-10-01,,,,,,2003.75,2003,2003,10,Wednesday,4,
San Marcos,2003,11,2003-11-01,,,,,,2003.8334,2003,2003,11,Saturday,4,
San Marcos,2003,12,2003-12-01,,,,,,2003.9166,2003,2003,12,Monday,4,
San Marcos,2004,1,2004-01-01,,,,,,2004.0,2004,2004,1,Thursday,1,
San Marcos,2004,2,2004-02-01,,,,,,2004.0834,2004,2004,2,Sunday,1,
San Marcos,2004,3,2004-03-01,,,,,,2004.1666,2004,2004,3,Monday,1,
San Marcos,2004,4,2004-04-01,,,,,,2004.25,2004,2004,4,Thursday,2,
San Marcos,2004,5,2004-05-01,,,,,,2004.3334,2004,2004,5,Saturday,2,
San Marcos,2004,6,2004-06-01,,,,,,2004.4166,2004,2004,6,Tuesday,2,
San Marcos,2004,7,2004-07-01,,,,,,2004.5,2004,2004,7,Thursday,3,
San Marcos,2004,8,2004-08-01,,,,,,2004.5834,2004,2004,8,Sunday,3,
San Marcos,2004,9,2004-09-01,,,,,,2004.6666,2004,2004,9,Wednesday,3,
San Marcos,2004,10,2004-10-01,,,,,,2004.75,2004,2004,10,Friday,4,
San Marcos,2004,11,2004-11-01,,,,,,2004.8334,2004,2004,11,Monday,4,
San Marcos,2004,12,2004-12-01,,,,,,2004.9166,2004,2004,12,Wednesday,4,
San Marcos,2005,1,2005-01-01,23.0,4430000.0,163300.0,,,2005.0,2005,2005,1,Saturday,1,17131.203
San Marcos,2005,2,2005-02-01,21.0,2880000.0,122500.0,,,2005.0834,2005,2005,2,Tuesday,1,-23668.797
San Marcos,2005,3,2005-03-01,26.0,3705000.0,140000.0,,,2005.1666,2005,2005,3,Tuesday,1,-6168.797
San Marcos,2005,4,2005-04-01,63.0,8785000.0,132400.0,,,2005.25,2005,2005,4,Friday,2,-13768.797
San Marcos,2005,5,2005-05-01,37.0,5090000.0,127100.0,,,2005.3334,2005,2005,5,Sunday,2,-19068.797
San Marcos,2005,6,2005-06-01,36.0,4670000.0,128600.0,,,2005.4166,2005,2005,6,Wednesday,2,-17568.797
San Marcos,2005,7,2005-07-01,41.0,6590000.0,122000.0,,,2005.5,2005,2005,7,Friday,3,-24168.797
San Marcos,2005,8,2005-08-01,36.0,6125000.0,146700.0,,,2005.5834,2005,2005,8,Monday,3,531.2031
San Marcos,2005,9,2005-09-01,37.0,6595000.0,150000.0,,,2005.6666,2005,2005,9,Thursday,3,3831.2031
San Marcos,2005,10,2005-10-01,30.0,3700000.0,110000.0,,,2005.75,2005,2005,10,Saturday,4,-36168.797
San Marcos,2005,11,2005-11-01,22.0,3930000.0,166700.0,,,2005.8334,2005,2005,11,Tuesday,4,20531.203
San Marcos,2005,12,2005-12-01,26.0,4050000.0,150000.0,,,2005.9166,2005,2005,12,Thursday,4,3831.2031
San Marcos,2006,1,2006-01-01,19.0,2455000.0,126000.0,,,2006.0,2006,2006,1,Sunday,1,-20168.797
San Marcos,2006,2,2006-02-01,25.0,4140000.0,142500.0,,,2006.0834,2006,2006,2,Wednesday,1,-3668.7969
San Marcos,2006,3,2006-03-01,32.0,4955000.0,134000.0,,,2006.1666,2006,2006,3,Wednesday,1,-12168.797
San Marcos,2006,4,2006-04-01,26.0,3085000.0,104000.0,,,2006.25,2006,2006,4,Saturday,2,-42168.797
San Marcos,2006,5,2006-05-01,50.0,8100000.0,145000.0,,,2006.3334,2006,2006,5,Monday,2,-1168.7969
San Marcos,2006,6,2006-06-01,41.0,8015000.0,178300.0,,,2006.4166,2006,2006,6,Thursday,2,32131.203
San Marcos,2006,7,2006-07-01,56.0,7360000.0,124000.0,,,2006.5,2006,2006,7,Saturday,3,-22168.797
San Marcos,2006,8,2006-08-01,47.0,6370000.0,125800.0,,,2006.5834,2006,2006,8,Tuesday,3,-20368.797
San Marcos,2006,9,2006-09-01,45.0,6615000.0,129200.0,,,2006.6666,2006,2006,9,Friday,3,-16968.797
San Marcos,2006,10,2006-10-01,26.0,4115000.0,150000.0,,,2006.75,2006,2006,10,Sunday,4,3831.2031
San Marcos,2006,11,2006-11-01,31.0,4950000.0,150000.0,,,2006.8334,2006,2006,11,Wednesday,4,3831.2031
San Marcos,2006,12,2006-12-01,27.0,4995000.0,167500.0,,,2006.9166,2006,2006,12,Friday,4,21331.203
San Marcos,2007,1,2007-01-01,16.0,2560000.0,160000.0,,,2007.0,2007,2007,1,Monday,1,13831.203
San Marcos,2007,2,2007-02-01,21.0,3815000.0,135000.0,,,2007.0834,2007,2007,2,Thursday,1,-11168.797
San Marcos,2007,3,2007-03-01,40.0,6525000.0,117500.0,,,2007.1666,2007,2007,3,Thursday,1,-28668.797
San Marcos,2007,4,2007-04-01,28.0,4530000.0,137500.0,,,2007.25,2007,2007,4,Sunday,2,-8668.797
San Marcos,2007,5,2007-05-01,42.0,5960000.0,108000.0,,,2007.3334,2007,2007,5,Tuesday,2,-38168.797
San Marcos,2007,6,2007-06-01,38.0,5350000.0,132000.0,,,2007.4166,2007,2007,6,Friday,2,-14168.797
San Marcos,2007,7,2007-07-01,47.0,7790000.0,150000.0,,,2007.5,2007,2007,7,Sunday,3,3831.2031
San Marcos,2007,8,2007-08-01,36.0,5995000.0,140000.0,,,2007.5834,2007,2007,8,Wednesday,3,-6168.797
San Marcos,2007,9,2007-09-01,18.0,3295000.0,180000.0,,,2007.6666,2007,2007,9,Saturday,3,33831.203
San Marcos,2007,10,2007-10-01,16.0,2575000.0,150000.0,,,2007.75,2007,2007,10,Monday,4,3831.2031
San Marcos,2007,11,2007-11-01,17.0,3505000.0,195000.0,,,2007.8334,2007,2007,11,Thursday,4,48831.203
San Marcos,2007,12,2007-12-01,13.0,2550000.0,165000.0,,,2007.9166,2007,2007,12,Saturday,4,18831.203
San Marcos,2008,1,2008-01-01,13.0,1955000.0,135000.0,,,2008.0,2008,2008,1,Tuesday,1,-11168.797
San Marcos,2008,2,2008-02-01,22.0,3575000.0,153300.0,,,2008.0834,2008,2008,2,Friday,1,7131.203
San Marcos,2008,3,2008-03-01,19.0,4845000.0,190000.0,,,2008.1666,2008,2008,3,Saturday,1,43831.203
San Marcos,2008,4,2008-04-01,29.0,4245000.0,134000.0,,,2008.25,2008,2008,4,Tuesday,2,-12168.797
San Marcos,2008,5,2008-05-01,34.0,5360000.0,160000.0,,,2008.3334,2008,2008,5,Thursday,2,13831.203
San Marcos,2008,6,2008-06-01,28.0,4770000.0,144000.0,,,2008.4166,2008,2008,6,Sunday,2,-2168.7969
San Marcos,2008,7,2008-07-01,34.0,4730000.0,133300.0,,,2008.5,2008,2008,7,Tuesday,3,-12868.797
San Marcos,2008,8,2008-08-01,23.0,3230000.0,142000.0,,,2008.5834,2008,2008,8,Friday,3,-4168.797
San Marcos,2008,9,2008-09-01,15.0,2715000.0,150000.0,187.0,8.5,2008.6666,2008,2008,9,Monday,3,3831.2031
San Marcos,2008,10,2008-10-01,11.0,1675000.0,143300.0,160.0,7.4,2008.75,2008,2008,10,Wednesday,4,-2868.7969
San Marcos,2008,11,2008-11-01,16.0,2390000.0,140000.0,158.0,7.4,2008.8334,2008,2008,11,Saturday,4,-6168.797
San Marcos,2008,12,2008-12-01,16.0,2535000.0,153300.0,152.0,7.0,2008.9166,2008,2008,12,Monday,4,7131.203
San Marcos,2009,1,2009-01-01,13.0,2040000.0,138000.0,149.0,6.9,2009.0,2009,2009,1,Thursday,1,-8168.797
San Marcos,2009,2,2009-02-01,11.0,1215000.0,95000.0,158.0,7.6,2009.0834,2009,2009,2,Sunday,1,-51168.797
San Marcos,2009,3,2009-03-01,13.0,1875000.0,130000.0,171.0,8.4,2009.1666,2009,2009,3,Sunday,1,-16168.797
San Marcos,2009,4,2009-04-01,12.0,1765000.0,140000.0,179.0,9.5,2009.25,2009,2009,4,Wednesday,2,-6168.797
San Marcos,2009,5,2009-05-01,22.0,3055000.0,120000.0,188.0,10.5,2009.3334,2009,2009,5,Friday,2,-26168.797
San Marcos,2009,6,2009-06-01,30.0,4900000.0,150000.0,187.0,10.4,2009.4166,2009,2009,6,Monday,2,3831.2031
San Marcos,2009,7,2009-07-01,20.0,3175000.0,160000.0,196.0,11.6,2009.5,2009,2009,7,Wednesday,3,13831.203
San Marcos,2009,8,2009-08-01,28.0,5105000.0,140000.0,176.0,10.2,2009.5834,2009,2009,8,Saturday,3,-6168.797
San Marcos,2009,9,2009-09-01,15.0,2895000.0,190000.0,168.0,9.7,2009.6666,2009,2009,9,Tuesday,3,43831.203
San Marcos,2009,10,2009-10-01,14.0,2317800.0,150000.0,160.0,9.1,2009.75,2009,2009,10,Thursday,4,3831.2031
San Marcos,2009,11,2009-11-01,16.0,3705640.0,176700.0,164.0,9.4,2009.8334,2009,2009,11,Sunday,4,30531.203
San Marcos,2009,12,2009-12-01,16.0,2583390.0,140000.0,167.0,9.5,2009.9166,2009,2009,12,Tuesday,4,-6168.797
San Marcos,2010,1,2010-01-01,12.0,1784797.0,130000.0,169.0,9.7,2010.0,2010,2010,1,Friday,1,-16168.797
San Marcos,2010,2,2010-02-01,14.0,2083500.0,140000.0,169.0,9.6,2010.0834,2010,2010,2,Monday,1,-6168.797
San Marcos,2010,3,2010-03-01,16.0,2003406.0,120000.0,189.0,10.5,2010.1666,2010,2010,3,Monday,1,-26168.797
San Marcos,2010,4,2010-04-01,26.0,4522188.0,142900.0,188.0,9.9,2010.25,2010,2010,4,Thursday,2,-3268.7969
San Marcos,2010,5,2010-05-01,44.0,6450037.0,123300.0,172.0,8.2,2010.3334,2010,2010,5,Saturday,2,-22868.797
San Marcos,2010,6,2010-06-01,32.0,4797419.0,142900.0,185.0,8.8,2010.4166,2010,2010,6,Tuesday,2,-3268.7969
San Marcos,2010,7,2010-07-01,17.0,2628103.0,138000.0,181.0,8.7,2010.5,2010,2010,7,Thursday,3,-8168.797
San Marcos,2010,8,2010-08-01,28.0,3983374.0,140000.0,190.0,9.1,2010.5834,2010,2010,8,Sunday,3,-6168.797
San Marcos,2010,9,2010-09-01,25.0,1419500.0,110000.0,188.0,8.7,2010.6666,2010,2010,9,Wednesday,3,-36168.797
San Marcos,2010,10,2010-10-01,13.0,1872700.0,130000.0,185.0,8.6,2010.75,2010,2010,10,Friday,4,-16168.797
San Marcos,2010,11,2010-11-01,14.0,3726000.0,250000.0,590.0,27.5,2010.8334,2010,2010,11,Monday,4,103831.2
San Marcos,2010,12,2010-12-01,24.0,3824575.0,130000.0,155.0,7.0,2010.9166,2010,2010,12,Wednesday,4,-16168.797
San Marcos,2011,1,2011-01-01,10.0,1482310.0,140000.0,165.0,7.5,2011.0,2011,2011,1,Saturday,1,-6168.797
San Marcos,2011,2,2011-02-01,14.0,2826943.0,160000.0,159.0,7.3,2011.0834,2011,2011,2,Tuesday,1,13831.203
San Marcos,2011,3,2011-03-01,12.0,1949078.0,120000.0,174.0,8.1,2011.1666,2011,2011,3,Tuesday,1,-26168.797
San Marcos,2011,4,2011-04-01,13.0,2078437.0,150000.0,188.0,9.2,2011.25,2011,2011,4,Friday,2,3831.2031
San Marcos,2011,5,2011-05-01,30.0,5455039.0,150000.0,190.0,9.8,2011.3334,2011,2011,5,Sunday,2,3831.2031
San Marcos,2011,6,2011-06-01,43.0,6303769.0,141400.0,185.0,9.1,2011.4166,2011,2011,6,Wednesday,2,-4768.797
San Marcos,2011,7,2011-07-01,30.0,5245864.0,156000.0,167.0,7.8,2011.5,2011,2011,7,Friday,3,9831.203
San Marcos,2011,8,2011-08-01,26.0,4841585.0,164000.0,175.0,8.3,2011.5834,2011,2011,8,Monday,3,17831.203
San Marcos,2011,9,2011-09-01,15.0,2943290.0,165000.0,169.0,8.3,2011.6666,2011,2011,9,Thursday,3,18831.203
San Marcos,2011,10,2011-10-01,6.0,1156999.0,180000.0,163.0,8.3,2011.75,2011,2011,10,Saturday,4,33831.203
San Marcos,2011,11,2011-11-01,13.0,1816002.0,145000.0,161.0,8.2,2011.8334,2011,2011,11,Tuesday,4,-1168.7969
San Marcos,2011,12,2011-12-01,10.0,1561250.0,140000.0,148.0,8.0,2011.9166,2011,2011,12,Thursday,4,-6168.797
San Marcos,2012,1,2012-01-01,12.0,1966487.0,150000.0,151.0,8.1,2012.0,2012,2012,1,Sunday,1,3831.2031
San Marcos,2012,2,2012-02-01,15.0,2435211.0,147500.0,132.0,7.0,2012.0834,2012,2012,2,Wednesday,1,1331.2031
San Marcos,2012,3,2012-03-01,14.0,2790440.0,168000.0,156.0,8.2,2012.1666,2012,2012,3,Thursday,1,21831.203
San Marcos,2012,4,2012-04-01,16.0,3045000.0,170000.0,163.0,8.5,2012.25,2012,2012,4,Sunday,2,23831.203
San Marcos,2012,5,2012-05-01,24.0,3966129.0,140000.0,157.0,8.4,2012.3334,2012,2012,5,Tuesday,2,-6168.797
San Marcos,2012,6,2012-06-01,38.0,5942623.0,134300.0,163.0,8.9,2012.4166,2012,2012,6,Friday,2,-11868.797
San Marcos,2012,7,2012-07-01,20.0,3224100.0,160000.0,154.0,8.8,2012.5,2012,2012,7,Sunday,3,13831.203
San Marcos,2012,8,2012-08-01,20.0,3359663.0,153300.0,159.0,9.4,2012.5834,2012,2012,8,Wednesday,3,7131.203
San Marcos,2012,9,2012-09-01,18.0,3193000.0,160000.0,155.0,9.0,2012.6666,2012,2012,9,Saturday,3,13831.203
San Marcos,2012,10,2012-10-01,11.0,1989450.0,170000.0,140.0,8.0,2012.75,2012,2012,10,Monday,4,23831.203
San Marcos,2012,11,2012-11-01,16.0,3017225.0,160000.0,129.0,7.2,2012.8334,2012,2012,11,Thursday,4,13831.203
San Marcos,2012,12,2012-12-01,18.0,3277800.0,170000.0,115.0,6.2,2012.9166,2012,2012,12,Saturday,4,23831.203
San Marcos,2013,1,2013-01-01,12.0,1946700.0,140000.0,122.0,6.6,2013.0,2013,2013,1,Tuesday,1,-6168.797
San Marcos,2013,2,2013-02-01,16.0,2354300.0,130000.0,122.0,6.6,2013.0834,2013,2013,2,Friday,1,-16168.797
San Marcos,2013,3,2013-03-01,27.0,4906550.0,156700.0,118.0,6.0,2013.1666,2013,2013,3,Friday,1,10531.203
San Marcos,2013,4,2013-04-01,18.0,3479200.0,160000.0,149.0,7.5,2013.25,2013,2013,4,Monday,2,13831.203
San Marcos,2013,5,2013-05-01,34.0,6641282.0,156700.0,141.0,6.8,2013.3334,2013,2013,5,Wednesday,2,10531.203
San Marcos,2013,6,2013-06-01,26.0,4428115.0,155000.0,137.0,7.0,2013.4166,2013,2013,6,Saturday,2,8831.203
San Marcos,2013,7,2013-07-01,34.0,5749499.0,150000.0,134.0,6.4,2013.5,2013,2013,7,Monday,3,3831.2031
San Marcos,2013,8,2013-08-01,33.0,7257402.0,170000.0,35.0,1.6,2013.5834,2013,2013,8,Thursday,3,23831.203
San Marcos,2013,9,2013-09-01,25.0,4672566.0,170000.0,122.0,5.4,2013.6666,2013,2013,9,Sunday,3,23831.203
San Marcos,2013,10,2013-10-01,12.0,3243814.0,160000.0,114.0,5.0,2013.75,2013,2013,10,Tuesday,4,13831.203
San Marcos,2013,11,2013-11-01,22.0,3944627.0,160000.0,111.0,4.8,2013.8334,2013,2013,11,Friday,4,13831.203
San Marcos,2013,12,2013-12-01,17.0,2826383.0,175000.0,135.0,5.9,2013.9166,2013,2013,12,Sunday,4,28831.203
San Marcos,2014,1,2014-01-01,19.0,3057020.0,155000.0,106.0,4.5,2014.0,2014,2014,1,Wednesday,1,8831.203
San Marcos,2014,2,2014-02-01,16.0,2708817.0,153300.0,109.0,4.6,2014.0834,2014,2014,2,Saturday,1,7131.203
San Marcos,2014,3,2014-03-01,22.0,4424479.0,180000.0,115.0,5.0,2014.1666,2014,2014,3,Saturday,1,33831.203
San Marcos,2014,4,2014-04-01,32.0,5795332.0,155000.0,118.0,4.8,2014.25,2014,2014,4,Tuesday,2,8831.203
San Marcos,2014,5,2014-05-01,33.0,6428200.0,170000.0,118.0,4.9,2014.3334,2014,2014,5,Thursday,2,23831.203
San Marcos,2014,6,2014-06-01,39.0,6627575.0,152900.0,116.0,4.6,2014.4166,2014,2014,6,Sunday,2,6731.203
San Marcos,2014,7,2014-07-01,37.0,6851889.0,152900.0,112.0,4.4,2014.5,2014,2014,7,Tuesday,3,6731.203
San Marcos,2014,8,2014-08-01,29.0,5471006.0,153800.0,108.0,4.3,2014.5834,2014,2014,8,Friday,3,7631.203
San Marcos,2014,9,2014-09-01,22.0,4246700.0,174300.0,82.0,3.3,2014.6666,2014,2014,9,Monday,3,28131.203
San Marcos,2014,10,2014-10-01,14.0,3167968.0,153300.0,98.0,3.9,2014.75,2014,2014,10,Wednesday,4,7131.203
San Marcos,2014,11,2014-11-01,10.0,1506878.0,146700.0,96.0,4.0,2014.8334,2014,2014,11,Saturday,4,531.2031
San Marcos,2014,12,2014-12-01,29.0,5702169.0,187500.0,79.0,3.1,2014.9166,2014,2014,12,Monday,4,41331.203
San Marcos,2015,1,2015-01-01,18.0,3376703.0,150000.0,85.0,3.4,2015.0,2015,2015,1,Thursday,1,3831.2031
San Marcos,2015,2,2015-02-01,19.0,3984850.0,170000.0,83.0,3.3,2015.0834,2015,2015,2,Sunday,1,23831.203
San Marcos,2015,3,2015-03-01,24.0,4215796.0,160000.0,97.0,3.8,2015.1666,2015,2015,3,Sunday,1,13831.203
San Marcos,2015,4,2015-04-01,29.0,6806350.0,210700.0,110.0,4.4,2015.25,2015,2015,4,Wednesday,2,64531.203
San Marcos,2015,5,2015-05-01,36.0,8617000.0,215000.0,102.0,4.0,2015.3334,2015,2015,5,Friday,2,68831.2
San Marcos,2015,6,2015-06-01,39.0,8808027.0,190000.0,101.0,4.0,2015.4166,2015,2015,6,Monday,2,43831.203
San Marcos,2015,7,2015-07-01,,,,,,2015.5,2015,2015,7,Wednesday,3,
Sherman-Denison,2000,1,2000-01-01,44.0,3843807.0,70000.0,494.0,6.6,2000.0,2000,2000,1,Saturday,1,-23482.352
Sherman-Denison,2000,2,2000-02-01,68.0,5453464.0,68800.0,468.0,6.2,2000.0834,2000,2000,2,Tuesday,1,-24682.352
Sherman-Denison,2000,3,2000-03-01,96.0,8718915.0,65000.0,484.0,6.3,2000.1666,2000,2000,3,Wednesday,1,-28482.352
Sherman-Denison,2000,4,2000-04-01,76.0,6892592.0,78900.0,529.0,7.1,2000.25,2000,2000,4,Saturday,2,-14582.352
Sherman-Denison,2000,5,2000-05-01,137.0,11015904.0,69700.0,521.0,6.5,2000.3334,2000,2000,5,Monday,2,-23782.352
Sherman-Denison,2000,6,2000-06-01,132.0,12032736.0,76900.0,527.0,6.3,2000.4166,2000,2000,6,Thursday,2,-16582.352
Sherman-Denison,2000,7,2000-07-01,96.0,8676864.0,81700.0,552.0,6.5,2000.5,2000,2000,7,Saturday,3,-11782.352
Sherman-Denison,2000,8,2000-08-01,100.0,8453800.0,76400.0,548.0,6.4,2000.5834,2000,2000,8,Tuesday,3,-17082.352
Sherman-Denison,2000,9,2000-09-01,95.0,8484732.0,79000.0,557.0,6.4,2000.6666,2000,2000,9,Friday,3,-14482.352
Sherman-Denison,2000,10,2000-10-01,71.0,6754535.0,91900.0,554.0,6.4,2000.75,2000,2000,10,Sunday,4,-1582.3516
Sherman-Denison,2000,11,2000-11-01,93.0,8277465.0,82800.0,539.0,6.0,2000.8334,2000,2000,11,Wednesday,4,-10682.352
Sherman-Denison,2000,12,2000-12-01,71.0,6136610.0,76200.0,523.0,5.8,2000.9166,2000,2000,12,Friday,4,-17282.352
Sherman-Denison,2001,1,2001-01-01,60.0,5019492.0,68600.0,546.0,6.0,2001.0,2001,2001,1,Monday,1,-24882.352
Sherman-Denison,2001,2,2001-02-01,78.0,7331352.0,85000.0,565.0,6.1,2001.0834,2001,2001,2,Thursday,1,-8482.352
Sherman-Denison,2001,3,2001-03-01,104.0,9209616.0,77300.0,582.0,6.3,2001.1666,2001,2001,3,Thursday,1,-16182.352
Sherman-Denison,2001,4,2001-04-01,77.0,7512813.0,75400.0,622.0,6.7,2001.25,2001,2001,4,Sunday,2,-18082.352
Sherman-Denison,2001,5,2001-05-01,97.0,9792060.0,93100.0,667.0,7.5,2001.3334,2001,2001,5,Tuesday,2,-382.35156
Sherman-Denison,2001,6,2001-06-01,75.0,8780510.0,91200.0,685.0,8.1,2001.4166,2001,2001,6,Friday,2,-2282.3516
Sherman-Denison,2001,7,2001-07-01,95.0,9804190.0,99200.0,708.0,8.4,2001.5,2001,2001,7,Sunday,3,5717.6484
Sherman-Denison,2001,8,2001-08-01,92.0,8403234.0,82000.0,709.0,8.4,2001.5834,2001,2001,8,Wednesday,3,-11482.352
Sherman-Denison,2001,9,2001-09-01,79.0,7409173.0,79400.0,711.0,8.6,2001.6666,2001,2001,9,Saturday,3,-14082.352
Sherman-Denison,2001,10,2001-10-01,86.0,8007320.0,77800.0,690.0,8.2,2001.75,2001,2001,10,Monday,4,-15682.352
Sherman-Denison,2001,11,2001-11-01,92.0,9222710.0,90000.0,702.0,8.4,2001.8334,2001,2001,11,Thursday,4,-3482.3516
Sherman-Denison,2001,12,2001-12-01,70.0,7092259.0,81400.0,713.0,8.5,2001.9166,2001,2001,12,Saturday,4,-12082.352
Sherman-Denison,2002,1,2002-01-01,53.0,4857874.0,72500.0,746.0,9.0,2002.0,2002,2002,1,Tuesday,1,-20982.352
Sherman-Denison,2002,2,2002-02-01,63.0,6476148.0,80800.0,754.0,9.2,2002.0834,2002,2002,2,Friday,1,-12682.352
Sherman-Denison,2002,3,2002-03-01,80.0,8338400.0,88800.0,774.0,9.7,2002.1666,2002,2002,3,Friday,1,-4682.3516
Sherman-Denison,2002,4,2002-04-01,102.0,10992438.0,83000.0,787.0,9.6,2002.25,2002,2002,4,Monday,2,-10482.352
Sherman-Denison,2002,5,2002-05-01,128.0,12600935.0,85000.0,807.0,9.5,2002.3334,2002,2002,5,Wednesday,2,-8482.352
Sherman-Denison,2002,6,2002-06-01,113.0,12098006.0,86500.0,807.0,9.2,2002.4166,2002,2002,6,Saturday,2,-6982.3516
Sherman-Denison,2002,7,2002-07-01,103.0,10211100.0,86100.0,845.0,9.6,2002.5,2002,2002,7,Monday,3,-7382.3516
Sherman-Denison,2002,8,2002-08-01,120.0,12493264.0,88900.0,847.0,9.3,2002.5834,2002,2002,8,Thursday,3,-4582.3516
Sherman-Denison,2002,9,2002-09-01,77.0,7665048.0,96200.0,841.0,9.3,2002.6666,2002,2002,9,Sunday,3,2717.6484
Sherman-Denison,2002,10,2002-10-01,112.0,10856116.0,91800.0,847.0,9.1,2002.75,2002,2002,10,Tuesday,4,-1682.3516
Sherman-Denison,2002,11,2002-11-01,75.0,7632470.0,93500.0,847.0,9.3,2002.8334,2002,2002,11,Friday,4,17.648438
Sherman-Denison,2002,12,2002-12-01,94.0,9740882.0,90000.0,815.0,8.7,2002.9166,2002,2002,12,Sunday,4,-3482.3516
Sherman-Denison,2003,1,2003-01-01,56.0,5102048.0,80000.0,882.0,9.4,2003.0,2003,2003,1,Wednesday,1,-13482.352
Sherman-Denison,2003,2,2003-02-01,78.0,7998767.0,86700.0,873.0,9.2,2003.0834,2003,2003,2,Saturday,1,-6782.3516
Sherman-Denison,2003,3,2003-03-01,96.0,9237954.0,86700.0,901.0,9.4,2003.1666,2003,2003,3,Saturday,1,-6782.3516
Sherman-Denison,2003,4,2003-04-01,101.0,10431073.0,87700.0,948.0,9.9,2003.25,2003,2003,4,Tuesday,2,-5782.3516
Sherman-Denison,2003,5,2003-05-01,95.0,8820890.0,77200.0,976.0,10.5,2003.3334,2003,2003,5,Thursday,2,-16282.352
Sherman-Denison,2003,6,2003-06-01,108.0,11110616.0,90000.0,999.0,10.8,2003.4166,2003,2003,6,Sunday,2,-3482.3516
Sherman-Denison,2003,7,2003-07-01,112.0,13122150.0,95700.0,1018.0,10.9,2003.5,2003,2003,7,Tuesday,3,2217.6484
Sherman-Denison,2003,8,2003-08-01,125.0,13475125.0,94200.0,1016.0,10.8,2003.5834,2003,2003,8,Friday,3,717.64844
Sherman-Denison,2003,9,2003-09-01,113.0,12382376.0,86500.0,997.0,10.3,2003.6666,2003,2003,9,Monday,3,-6982.3516
Sherman-Denison,2003,10,2003-10-01,101.0,10289880.0,85800.0,979.0,10.2,2003.75,2003,2003,10,Wednesday,4,-7682.3516
Sherman-Denison,2003,11,2003-11-01,93.0,9617361.0,80800.0,970.0,9.9,2003.8334,2003,2003,11,Saturday,4,-12682.352
Sherman-Denison,2003,12,2003-12-01,83.0,8567386.0,90800.0,945.0,9.8,2003.9166,2003,2003,12,Monday,4,-2682.3516
Sherman-Denison,2004,1,2004-01-01,69.0,5994556.0,73800.0,1030.0,10.5,2004.0,2004,2004,1,Thursday,1,-19682.352
Sherman-Denison,2004,2,2004-02-01,58.0,6457546.0,86000.0,1063.0,11.1,2004.0834,2004,2004,2,Sunday,1,-7482.3516
Sherman-Denison,2004,3,2004-03-01,108.0,10441443.0,84400.0,1053.0,10.8,2004.1666,2004,2004,3,Monday,1,-9082.352
Sherman-Denison,2004,4,2004-04-01,115.0,11652492.0,78600.0,1104.0,11.2,2004.25,2004,2004,4,Thursday,2,-14882.352
Sherman-Denison,2004,5,2004-05-01,119.0,13283359.0,97500.0,1139.0,11.4,2004.3334,2004,2004,5,Saturday,2,4017.6484
Sherman-Denison,2004,6,2004-06-01,134.0,13817390.0,84700.0,1180.0,11.5,2004.4166,2004,2004,6,Tuesday,2,-8782.352
Sherman-Denison,2004,7,2004-07-01,146.0,16050090.0,101000.0,1192.0,11.3,2004.5,2004,2004,7,Thursday,3,7517.6484
Sherman-Denison,2004,8,2004-08-01,145.0,16991156.0,94600.0,1179.0,11.0,2004.5834,2004,2004,8,Sunday,3,1117.6484
Sherman-Denison,2004,9,2004-09-01,127.0,14443750.0,95800.0,1153.0,10.7,2004.6666,2004,2004,9,Wednesday,3,2317.6484
Sherman-Denison,2004,10,2004-10-01,112.0,11153632.0,93300.0,1142.0,10.5,2004.75,2004,2004,10,Friday,4,-182.35156
Sherman-Denison,2004,11,2004-11-01,108.0,12046506.0,98000.0,1119.0,10.1,2004.8334,2004,2004,11,Monday,4,4517.6484
Sherman-Denison,2004,12,2004-12-01,127.0,13665658.0,89600.0,1050.0,9.2,2004.9166,2004,2004,12,Wednesday,4,-3882.3516
Sherman-Denison,2005,1,2005-01-01,87.0,9933794.0,86900.0,1042.0,9.0,2005.0,2005,2005,1,Saturday,1,-6582.3516
Sherman-Denison,2005,2,2005-02-01,107.0,10827330.0,92100.0,1037.0,8.7,2005.0834,2005,2005,2,Tuesday,1,-1382.3516
Sherman-Denison,2005,3,2005-03-01,132.0,16306260.0,100000.0,1081.0,8.9,2005.1666,2005,2005,3,Tuesday,1,6517.6484
Sherman-Denison,2005,4,2005-04-01,145.0,15238775.0,89500.0,1089.0,8.8,2005.25,2005,2005,4,Friday,2,-3982.3516
Sherman-Denison,2005,5,2005-05-01,156.0,17366800.0,97100.0,1124.0,8.8,2005.3334,2005,2005,5,Sunday,2,3617.6484
Sherman-Denison,2005,6,2005-06-01,135.0,14389264.0,85000.0,1143.0,9.0,2005.4166,2005,2005,6,Wednesday,2,-8482.352
Sherman-Denison,2005,7,2005-07-01,138.0,15569475.0,96000.0,1148.0,9.1,2005.5,2005,2005,7,Friday,3,2517.6484
Sherman-Denison,2005,8,2005-08-01,142.0,15829740.0,101300.0,,,2005.5834,2005,2005,8,Monday,3,7817.6484
Sherman-Denison,2005,9,2005-09-01,148.0,15755924.0,84500.0,1091.0,8.5,2005.6666,2005,2005,9,Thursday,3,-8982.352
Sherman-Denison,2005,10,2005-10-01,109.0,12458875.0,107500.0,1091.0,8.5,2005.75,2005,2005,10,Saturday,4,14017.648
Sherman-Denison,2005,11,2005-11-01,95.0,11736838.0,105600.0,1055.0,8.3,2005.8334,2005,2005,11,Tuesday,4,12117.648
Sherman-Denison,2005,12,2005-12-01,118.0,15292735.0,96000.0,998.0,7.9,2005.9166,2005,2005,12,Thursday,4,2517.6484
Sherman-Denison,2006,1,2006-01-01,81.0,9396501.0,87500.0,1055.0,8.4,2006.0,2006,2006,1,Sunday,1,-5982.3516
Sherman-Denison,2006,2,2006-02-01,117.0,11633630.0,88800.0,1048.0,8.3,2006.0834,2006,2006,2,Wednesday,1,-4682.3516
Sherman-Denison,2006,3,2006-03-01,116.0,14721905.0,104300.0,1076.0,8.6,2006.1666,2006,2006,3,Wednesday,1,10817.648
Sherman-Denison,2006,4,2006-04-01,130.0,16443754.0,96400.0,1107.0,8.9,2006.25,2006,2006,4,Saturday,2,2917.6484
Sherman-Denison,2006,5,2006-05-01,130.0,19501040.0,105700.0,1179.0,9.7,2006.3334,2006,2006,5,Monday,2,12217.648
Sherman-Denison,2006,6,2006-06-01,154.0,20070116.0,95600.0,1174.0,9.5,2006.4166,2006,2006,6,Thursday,2,2117.6484
Sherman-Denison,2006,7,2006-07-01,138.0,19065039.0,95700.0,1216.0,9.9,2006.5,2006,2006,7,Saturday,3,2217.6484
Sherman-Denison,2006,8,2006-08-01,192.0,24938360.0,101200.0,1188.0,9.3,2006.5834,2006,2006,8,Tuesday,3,7717.6484
Sherman-Denison,2006,9,2006-09-01,108.0,12873432.0,106200.0,1172.0,9.5,2006.6666,2006,2006,9,Friday,3,12717.648
Sherman-Denison,2006,10,2006-10-01,114.0,13478220.0,101400.0,1153.0,9.3,2006.75,2006,2006,10,Sunday,4,7917.6484
Sherman-Denison,2006,11,2006-11-01,118.0,12727200.0,95000.0,1126.0,8.9,2006.8334,2006,2006,11,Wednesday,4,1517.6484
Sherman-Denison,2006,12,2006-12-01,118.0,12716760.0,87300.0,1069.0,8.5,2006.9166,2006,2006,12,Friday,4,-6182.3516
Sherman-Denison,2007,1,2007-01-01,98.0,11086928.0,91200.0,1106.0,8.7,2007.0,2007,2007,1,Monday,1,-2282.3516
Sherman-Denison,2007,2,2007-02-01,104.0,12043808.0,103300.0,1120.0,8.8,2007.0834,2007,2007,2,Thursday,1,9817.648
Sherman-Denison,2007,3,2007-03-01,136.0,15270345.0,90000.0,1153.0,9.0,2007.1666,2007,2007,3,Thursday,1,-3482.3516
Sherman-Denison,2007,4,2007-04-01,147.0,19692375.0,95800.0,1161.0,8.9,2007.25,2007,2007,4,Sunday,2,2317.6484
Sherman-Denison,2007,5,2007-05-01,138.0,16907560.0,98200.0,1191.0,9.1,2007.3334,2007,2007,5,Tuesday,2,4717.6484
Sherman-Denison,2007,6,2007-06-01,141.0,17069700.0,105000.0,1218.0,9.4,2007.4166,2007,2007,6,Friday,2,11517.648
Sherman-Denison,2007,7,2007-07-01,116.0,15626575.0,96400.0,1196.0,9.4,2007.5,2007,2007,7,Sunday,3,2917.6484
Sherman-Denison,2007,8,2007-08-01,142.0,18258470.0,104000.0,1242.0,10.1,2007.5834,2007,2007,8,Wednesday,3,10517.648
Sherman-Denison,2007,9,2007-09-01,120.0,13593354.0,100000.0,1221.0,9.8,2007.6666,2007,2007,9,Saturday,3,6517.6484
Sherman-Denison,2007,10,2007-10-01,104.0,11585074.0,101100.0,1219.0,9.9,2007.75,2007,2007,10,Monday,4,7617.6484
Sherman-Denison,2007,11,2007-11-01,115.0,13955135.0,96900.0,1149.0,9.3,2007.8334,2007,2007,11,Thursday,4,3417.6484
Sherman-Denison,2007,12,2007-12-01,87.0,10064729.0,92100.0,1071.0,8.9,2007.9166,2007,2007,12,Saturday,4,-1382.3516
Sherman-Denison,2008,1,2008-01-01,76.0,8149850.0,78800.0,1078.0,9.1,2008.0,2008,2008,1,Tuesday,1,-14682.352
Sherman-Denison,2008,2,2008-02-01,104.0,10840926.0,83800.0,1071.0,9.0,2008.0834,2008,2008,2,Friday,1,-9682.352
Sherman-Denison,2008,3,2008-03-01,104.0,12818520.0,98600.0,1101.0,9.5,2008.1666,2008,2008,3,Saturday,1,5117.6484
Sherman-Denison,2008,4,2008-04-01,123.0,15919040.0,98100.0,1095.0,9.6,2008.25,2008,2008,4,Tuesday,2,4617.6484
Sherman-Denison,2008,5,2008-05-01,135.0,15910275.0,103100.0,1115.0,9.8,2008.3334,2008,2008,5,Thursday,2,9617.648
Sherman-Denison,2008,6,2008-06-01,108.0,14756472.0,96700.0,1151.0,10.4,2008.4166,2008,2008,6,Sunday,2,3217.6484
Sherman-Denison,2008,7,2008-07-01,120.0,14402387.0,86900.0,1149.0,10.3,2008.5,2008,2008,7,Tuesday,3,-6582.3516
Sherman-Denison,2008,8,2008-08-01,120.0,13641333.0,100000.0,1118.0,10.2,2008.5834,2008,2008,8,Friday,3,6517.6484
Sherman-Denison,2008,9,2008-09-01,100.0,12786595.0,93300.0,1059.0,9.8,2008.6666,2008,2008,9,Monday,3,-182.35156
Sherman-Denison,2008,10,2008-10-01,101.0,11721023.0,80500.0,1032.0,9.6,2008.75,2008,2008,10,Wednesday,4,-12982.352
Sherman-Denison,2008,11,2008-11-01,57.0,5686434.0,92500.0,1024.0,9.9,2008.8334,2008,2008,11,Saturday,4,-982.35156
Sherman-Denison,2008,12,2008-12-01,78.0,7525284.0,85000.0,922.0,9.0,2008.9166,2008,2008,12,Monday,4,-8482.352
Sherman-Denison,2009,1,2009-01-01,70.0,5531098.0,60000.0,952.0,9.4,2009.0,2009,2009,1,Thursday,1,-33482.35
Sherman-Denison,2009,2,2009-02-01,60.0,5415164.0,63300.0,988.0,10.1,2009.0834,2009,2009,2,Sunday,1,-30182.352
Sherman-Denison,2009,3,2009-03-01,79.0,9194244.0,80600.0,964.0,10.1,2009.1666,2009,2009,3,Sunday,1,-12882.352
Sherman-Denison,2009,4,2009-04-01,97.0,9553635.0,86900.0,1003.0,10.7,2009.25,2009,2009,4,Wednesday,2,-6582.3516
Sherman-Denison,2009,5,2009-05-01,78.0,9002384.0,90000.0,1027.0,11.5,2009.3334,2009,2009,5,Friday,2,-3482.3516
Sherman-Denison,2009,6,2009-06-01,116.0,14450312.0,96700.0,1013.0,11.3,2009.4166,2009,2009,6,Monday,2,3217.6484
Sherman-Denison,2009,7,2009-07-01,92.0,11063439.0,116000.0,1050.0,12.0,2009.5,2009,2009,7,Wednesday,3,22517.648
Sherman-Denison,2009,8,2009-08-01,98.0,12034028.0,103300.0,1071.0,12.5,2009.5834,2009,2009,8,Saturday,3,9817.648
Sherman-Denison,2009,9,2009-09-01,84.0,10255056.0,100000.0,1019.0,12.1,2009.6666,2009,2009,9,Tuesday,3,6517.6484
Sherman-Denison,2009,10,2009-10-01,96.0,11902944.0,95700.0,995.0,11.9,2009.75,2009,2009,10,Thursday,4,2217.6484
Sherman-Denison,2009,11,2009-11-01,89.0,9606117.0,97500.0,955.0,11.1,2009.8334,2009,2009,11,Sunday,4,4017.6484
Sherman-Denison,2009,12,2009-12-01,83.0,8480420.0,87200.0,878.0,10.1,2009.9166,2009,2009,12,Tuesday,4,-6282.3516
Sherman-Denison,2010,1,2010-01-01,81.0,8271680.0,76900.0,893.0,10.2,2010.0,2010,2010,1,Friday,1,-16582.352
Sherman-Denison,2010,2,2010-02-01,71.0,7746517.0,89000.0,930.0,10.5,2010.0834,2010,2010,2,Monday,1,-4482.3516
Sherman-Denison,2010,3,2010-03-01,101.0,10369085.0,83100.0,958.0,10.6,2010.1666,2010,2010,3,Monday,1,-10382.352
Sherman-Denison,2010,4,2010-04-01,109.0,13460628.0,93200.0,990.0,10.8,2010.25,2010,2010,4,Thursday,2,-282.35156
Sherman-Denison,2010,5,2010-05-01,103.0,12727338.0,91700.0,1044.0,11.2,2010.3334,2010,2010,5,Saturday,2,-1782.3516
Sherman-Denison,2010,6,2010-06-01,102.0,12401568.0,103600.0,1108.0,12.0,2010.4166,2010,2010,6,Tuesday,2,10117.648
Sherman-Denison,2010,7,2010-07-01,85.0,9708445.0,101000.0,1130.0,12.3,2010.5,2010,2010,7,Thursday,3,7517.6484
Sherman-Denison,2010,8,2010-08-01,105.0,11424296.0,76400.0,1124.0,12.2,2010.5834,2010,2010,8,Sunday,3,-17082.352
Sherman-Denison,2010,9,2010-09-01,77.0,6794392.0,71200.0,1097.0,11.9,2010.6666,2010,2010,9,Wednesday,3,-22282.352
Sherman-Denison,2010,10,2010-10-01,75.0,8559000.0,98300.0,1052.0,11.7,2010.75,2010,2010,10,Friday,4,4817.6484
Sherman-Denison,2010,11,2010-11-01,72.0,7708464.0,85000.0,1031.0,11.6,2010.8334,2010,2010,11,Monday,4,-8482.352
Sherman-Denison,2010,12,2010-12-01,69.0,8240456.0,94200.0,963.0,11.0,2010.9166,2010,2010,12,Wednesday,4,717.64844
Sherman-Denison,2011,1,2011-01-01,66.0,7127505.0,75000.0,950.0,11.0,2011.0,2011,2011,1,Saturday,1,-18482.352
Sherman-Denison,2011,2,2011-02-01,59.0,5686305.0,71000.0,939.0,11.0,2011.0834,2011,2011,2,Tuesday,1,-22482.352
Sherman-Denison,2011,3,2011-03-01,112.0,12968060.0,86700.0,955.0,11.1,2011.1666,2011,2011,3,Tuesday,1,-6782.3516
Sherman-Denison,2011,4,2011-04-01,90.0,10596984.0,94000.0,989.0,11.7,2011.25,2011,2011,4,Friday,2,517.64844
Sherman-Denison,2011,5,2011-05-01,100.0,9801300.0,78000.0,970.0,11.5,2011.3334,2011,2011,5,Sunday,2,-15482.352
Sherman-Denison,2011,6,2011-06-01,131.0,17343552.0,93600.0,987.0,11.4,2011.4166,2011,2011,6,Wednesday,2,117.64844
Sherman-Denison,2011,7,2011-07-01,87.0,12123700.0,111000.0,976.0,11.2,2011.5,2011,2011,7,Friday,3,17517.648
Sherman-Denison,2011,8,2011-08-01,99.0,10446579.0,81500.0,950.0,11.0,2011.5834,2011,2011,8,Monday,3,-11982.352
Sherman-Denison,2011,9,2011-09-01,89.0,11137816.0,89000.0,919.0,10.5,2011.6666,2011,2011,9,Thursday,3,-4482.3516
Sherman-Denison,2011,10,2011-10-01,82.0,8077475.0,85600.0,882.0,10.0,2011.75,2011,2011,10,Saturday,4,-7882.3516
Sherman-Denison,2011,11,2011-11-01,68.0,9136140.0,100000.0,832.0,9.5,2011.8334,2011,2011,11,Tuesday,4,6517.6484
Sherman-Denison,2011,12,2011-12-01,83.0,9558822.0,91700.0,780.0,8.8,2011.9166,2011,2011,12,Thursday,4,-1782.3516
Sherman-Denison,2012,1,2012-01-01,72.0,8613374.0,85000.0,781.0,8.7,2012.0,2012,2012,1,Sunday,1,-8482.352
Sherman-Denison,2012,2,2012-02-01,72.0,8548128.0,88900.0,804.0,8.9,2012.0834,2012,2012,2,Wednesday,1,-4582.3516
Sherman-Denison,2012,3,2012-03-01,106.0,11805916.0,95000.0,830.0,9.2,2012.1666,2012,2012,3,Thursday,1,1517.6484
Sherman-Denison,2012,4,2012-04-01,85.0,9746652.0,85000.0,849.0,9.5,2012.25,2012,2012,4,Sunday,2,-8482.352
Sherman-Denison,2012,5,2012-05-01,98.0,14304220.0,120000.0,882.0,9.9,2012.3334,2012,2012,5,Tuesday,2,26517.648
Sherman-Denison,2012,6,2012-06-01,97.0,14123128.0,102000.0,847.0,9.8,2012.4166,2012,2012,6,Friday,2,8517.648
Sherman-Denison,2012,7,2012-07-01,110.0,12775681.0,88800.0,863.0,9.8,2012.5,2012,2012,7,Sunday,3,-4682.3516
Sherman-Denison,2012,8,2012-08-01,127.0,14979510.0,93800.0,847.0,9.3,2012.5834,2012,2012,8,Wednesday,3,317.64844
Sherman-Denison,2012,9,2012-09-01,93.0,11526141.0,96100.0,835.0,9.2,2012.6666,2012,2012,9,Saturday,3,2617.6484
Sherman-Denison,2012,10,2012-10-01,110.0,15120600.0,114300.0,815.0,8.7,2012.75,2012,2012,10,Monday,4,20817.648
Sherman-Denison,2012,11,2012-11-01,105.0,13100384.0,99400.0,760.0,7.9,2012.8334,2012,2012,11,Thursday,4,5917.6484
Sherman-Denison,2012,12,2012-12-01,93.0,12521188.0,93600.0,693.0,7.1,2012.9166,2012,2012,12,Saturday,4,117.64844
Sherman-Denison,2013,1,2013-01-01,73.0,7913711.0,87500.0,738.0,7.6,2013.0,2013,2013,1,Tuesday,1,-5982.3516
Sherman-Denison,2013,2,2013-02-01,86.0,8969619.0,90000.0,748.0,7.6,2013.0834,2013,2013,2,Friday,1,-3482.3516
Sherman-Denison,2013,3,2013-03-01,105.0,13806302.0,103800.0,777.0,7.9,2013.1666,2013,2013,3,Friday,1,10317.648
Sherman-Denison,2013,4,2013-04-01,125.0,15724695.0,103800.0,764.0,7.5,2013.25,2013,2013,4,Monday,2,10317.648
Sherman-Denison,2013,5,2013-05-01,136.0,20628208.0,123600.0,777.0,7.4,2013.3334,2013,2013,5,Wednesday,2,30117.648
Sherman-Denison,2013,6,2013-06-01,116.0,16063750.0,111400.0,798.0,7.5,2013.4166,2013,2013,6,Saturday,2,17917.648
Sherman-Denison,2013,7,2013-07-01,125.0,17502250.0,116700.0,791.0,7.3,2013.5,2013,2013,7,Monday,3,23217.648
Sherman-Denison,2013,8,2013-08-01,140.0,18127057.0,105900.0,766.0,7.0,2013.5834,2013,2013,8,Thursday,3,12417.648
Sherman-Denison,2013,9,2013-09-01,132.0,17732670.0,115400.0,757.0,6.7,2013.6666,2013,2013,9,Sunday,3,21917.648
Sherman-Denison,2013,10,2013-10-01,121.0,16688956.0,111300.0,742.0,6.6,2013.75,2013,2013,10,Tuesday,4,17817.648
Sherman-Denison,2013,11,2013-11-01,81.0,8904735.0,90800.0,724.0,6.5,2013.8334,2013,2013,11,Friday,4,-2682.3516
Sherman-Denison,2013,12,2013-12-01,90.0,12641110.0,103300.0,645.0,5.8,2013.9166,2013,2013,12,Sunday,4,9817.648
Sherman-Denison,2014,1,2014-01-01,75.0,9094062.0,79400.0,688.0,6.2,2014.0,2014,2014,1,Wednesday,1,-14082.352
Sherman-Denison,2014,2,2014-02-01,90.0,12435240.0,110000.0,672.0,6.0,2014.0834,2014,2014,2,Saturday,1,16517.648
Sherman-Denison,2014,3,2014-03-01,113.0,13180433.0,93000.0,708.0,6.3,2014.1666,2014,2014,3,Saturday,1,-482.35156
Sherman-Denison,2014,4,2014-04-01,135.0,16829775.0,85000.0,738.0,6.5,2014.25,2014,2014,4,Tuesday,2,-8482.352
Sherman-Denison,2014,5,2014-05-01,135.0,17686215.0,97500.0,747.0,6.6,2014.3334,2014,2014,5,Thursday,2,4017.6484
Sherman-Denison,2014,6,2014-06-01,163.0,26042719.0,135000.0,773.0,6.6,2014.4166,2014,2014,6,Sunday,2,41517.65
Sherman-Denison,2014,7,2014-07-01,129.0,18639896.0,114200.0,762.0,6.5,2014.5,2014,2014,7,Tuesday,3,20717.648
Sherman-Denison,2014,8,2014-08-01,140.0,20206594.0,123300.0,714.0,6.1,2014.5834,2014,2014,8,Friday,3,29817.648
Sherman-Denison,2014,9,2014-09-01,138.0,19469316.0,118200.0,691.0,5.9,2014.6666,2014,2014,9,Monday,3,24717.648
Sherman-Denison,2014,10,2014-10-01,145.0,20111500.0,125600.0,686.0,5.7,2014.75,2014,2014,10,Wednesday,4,32117.648
Sherman-Denison,2014,11,2014-11-01,96.0,14159930.0,115000.0,638.0,5.3,2014.8334,2014,2014,11,Saturday,4,21517.648
Sherman-Denison,2014,12,2014-12-01,119.0,16798992.0,129200.0,591.0,4.8,2014.9166,2014,2014,12,Monday,4,35717.65
Sherman-Denison,2015,1,2015-01-01,88.0,12222144.0,121700.0,549.0,4.4,2015.0,2015,2015,1,Thursday,1,28217.648
Sherman-Denison,2015,2,2015-02-01,102.0,15121800.0,124400.0,519.0,4.1,2015.0834,2015,2015,2,Sunday,1,30917.648
Sherman-Denison,2015,3,2015-03-01,145.0,20930600.0,115700.0,534.0,4.2,2015.1666,2015,2015,3,Sunday,1,22217.648
Sherman-Denison,2015,4,2015-04-01,147.0,21555110.0,132100.0,526.0,4.1,2015.25,2015,2015,4,Wednesday,2,38617.65
Sherman-Denison,2015,5,2015-05-01,160.0,23274472.0,125000.0,518.0,4.0,2015.3334,2015,2015,5,Friday,2,31517.648
Sherman-Denison,2015,6,2015-06-01,163.0,25104282.0,130000.0,534.0,4.1,2015.4166,2015,2015,6,Monday,2,36517.65
Sherman-Denison,2015,7,2015-07-01,173.0,24592710.0,125500.0,593.0,4.4,2015.5,2015,2015,7,Wednesday,3,32017.648
South Padre Island,2000,1,2000-01-01,,,,,,2000.0,2000,2000,1,Saturday,1,
South Padre Island,2000,2,2000-02-01,,,,,,2000.0834,2000,2000,2,Tuesday,1,
South Padre Island,2000,3,2000-03-01,,,,,,2000.1666,2000,2000,3,Wednesday,1,
South Padre Island,2000,4,2000-04-01,,,,,,2000.25,2000,2000,4,Saturday,2,
South Padre Island,2000,5,2000-05-01,,,,,,2000.3334,2000,2000,5,Monday,2,
South Padre Island,2000,6,2000-06-01,,,,,,2000.4166,2000,2000,6,Thursday,2,
South Padre Island,2000,7,2000-07-01,,,,,,2000.5,2000,2000,7,Saturday,3,
South Padre Island,2000,8,2000-08-01,,,,,,2000.5834,2000,2000,8,Tuesday,3,
South Padre Island,2000,9,2000-09-01,,,,,,2000.6666,2000,2000,9,Friday,3,
South Padre Island,2000,10,2000-10-01,,,,,,2000.75,2000,2000,10,Sunday,4,
South Padre Island,2000,11,2000-11-01,,,,,,2000.8334,2000,2000,11,Wednesday,4,
South Padre Island,2000,12,2000-12-01,,,,,,2000.9166,2000,2000,12,Friday,4,
South Padre Island,2001,1,2001-01-01,,,,,,2001.0,2001,2001,1,Monday,1,
South Padre Island,2001,2,2001-02-01,,,,,,2001.0834,2001,2001,2,Thursday,1,
South Padre Island,2001,3,2001-03-01,,,,,,2001.1666,2001,2001,3,Thursday,1,
South Padre Island,2001,4,2001-04-01,,,,,,2001.25,2001,2001,4,Sunday,2,
South Padre Island,2001,5,2001-05-01,,,,,,2001.3334,2001,2001,5,Tuesday,2,
South Padre Island,2001,6,2001-06-01,,,,,,2001.4166,2001,2001,6,Friday,2,
South Padre Island,2001,7,2001-07-01,,,,,,2001.5,2001,2001,7,Sunday,3,
South Padre Island,2001,8,2001-08-01,,,,,,2001.5834,2001,2001,8,Wednesday,3,
South Padre Island,2001,9,2001-09-01,,,,,,2001.6666,2001,2001,9,Saturday,3,
South Padre Island,2001,10,2001-10-01,,,,,,2001.75,2001,2001,10,Monday,4,
South Padre Island,2001,11,2001-11-01,,,,,,2001.8334,2001,2001,11,Thursday,4,
South Padre Island,2001,12,2001-12-01,,,,,,2001.9166,2001,2001,12,Saturday,4,
South Padre Island,2002,1,2002-01-01,,,,,,2002.0,2002,2002,1,Tuesday,1,
South Padre Island,2002,2,2002-02-01,,,,,,2002.0834,2002,2002,2,Friday,1,
South Padre Island,2002,3,2002-03-01,,,,,,2002.1666,2002,2002,3,Friday,1,
South Padre Island,2002,4,2002-04-01,,,,,,2002.25,2002,2002,4,Monday,2,
South Padre Island,2002,5,2002-05-01,,,,,,2002.3334,2002,2002,5,Wednesday,2,
South Padre Island,2002,6,2002-06-01,,,,,,2002.4166,2002,2002,6,Saturday,2,
South Padre Island,2002,7,2002-07-01,,,,,,2002.5,2002,2002,7,Monday,3,
South Padre Island,2002,8,2002-08-01,,,,,,2002.5834,2002,2002,8,Thursday,3,
South Padre Island,2002,9,2002-09-01,,,,,,2002.6666,2002,2002,9,Sunday,3,
South Padre Island,2002,10,2002-10-01,,,,,,2002.75,2002,2002,10,Tuesday,4,
South Padre Island,2002,11,2002-11-01,,,,,,2002.8334,2002,2002,11,Friday,4,
South Padre Island,2002,12,2002-12-01,,,,,,2002.9166,2002,2002,12,Sunday,4,
South Padre Island,2003,1,2003-01-01,,,,,,2003.0,2003,2003,1,Wednesday,1,
South Padre Island,2003,2,2003-02-01,,,,,,2003.0834,2003,2003,2,Saturday,1,
South Padre Island,2003,3,2003-03-01,,,,,,2003.1666,2003,2003,3,Saturday,1,
South Padre Island,2003,4,2003-04-01,,,,,,2003.25,2003,2003,4,Tuesday,2,
South Padre Island,2003,5,2003-05-01,,,,,,2003.3334,2003,2003,5,Thursday,2,
South Padre Island,2003,6,2003-06-01,,,,,,2003.4166,2003,2003,6,Sunday,2,
South Padre Island,2003,7,2003-07-01,,,,,,2003.5,2003,2003,7,Tuesday,3,
South Padre Island,2003,8,2003-08-01,,,,,,2003.5834,2003,2003,8,Friday,3,
South Padre Island,2003,9,2003-09-01,,,,,,2003.6666,2003,2003,9,Monday,3,
South Padre Island,2003,10,2003-10-01,,,,,,2003.75,2003,2003,10,Wednesday,4,
South Padre Island,2003,11,2003-11-01,,,,,,2003.8334,2003,2003,11,Saturday,4,
South Padre Island,2003,12,2003-12-01,,,,,,2003.9166,2003,2003,12,Monday,4,
South Padre Island,2004,1,2004-01-01,,,,,,2004.0,2004,2004,1,Thursday,1,
South Padre Island,2004,2,2004-02-01,,,,,,2004.0834,2004,2004,2,Sunday,1,
South Padre Island,2004,3,2004-03-01,,,,,,2004.1666,2004,2004,3,Monday,1,
South Padre Island,2004,4,2004-04-01,,,,,,2004.25,2004,2004,4,Thursday,2,
South Padre Island,2004,5,2004-05-01,,,,,,2004.3334,2004,2004,5,Saturday,2,
South Padre Island,2004,6,2004-06-01,,,,,,2004.4166,2004,2004,6,Tuesday,2,
South Padre Island,2004,7,2004-07-01,,,,,,2004.5,2004,2004,7,Thursday,3,
South Padre Island,2004,8,2004-08-01,,,,,,2004.5834,2004,2004,8,Sunday,3,
South Padre Island,2004,9,2004-09-01,,,,,,2004.6666,2004,2004,9,Wednesday,3,
South Padre Island,2004,10,2004-10-01,,,,,,2004.75,2004,2004,10,Friday,4,
South Padre Island,2004,11,2004-11-01,,,,,,2004.8334,2004,2004,11,Monday,4,
South Padre Island,2004,12,2004-12-01,,,,,,2004.9166,2004,2004,12,Wednesday,4,
South Padre Island,2005,1,2005-01-01,,,,,,2005.0,2005,2005,1,Saturday,1,
South Padre Island,2005,2,2005-02-01,,,,,,2005.0834,2005,2005,2,Tuesday,1,
South Padre Island,2005,3,2005-03-01,,,,,,2005.1666,2005,2005,3,Tuesday,1,
South Padre Island,2005,4,2005-04-01,,,,,,2005.25,2005,2005,4,Friday,2,
South Padre Island,2005,5,2005-05-01,,,,,,2005.3334,2005,2005,5,Sunday,2,
South Padre Island,2005,6,2005-06-01,,,,,,2005.4166,2005,2005,6,Wednesday,2,
South Padre Island,2005,7,2005-07-01,,,,,,2005.5,2005,2005,7,Friday,3,
South Padre Island,2005,8,2005-08-01,,,,,,2005.5834,2005,2005,8,Monday,3,
South Padre Island,2005,9,2005-09-01,,,,,,2005.6666,2005,2005,9,Thursday,3,
South Padre Island,2005,10,2005-10-01,,,,,,2005.75,2005,2005,10,Saturday,4,
South Padre Island,2005,11,2005-11-01,,,,,,2005.8334,2005,2005,11,Tuesday,4,
South Padre Island,2005,12,2005-12-01,,,,,,2005.9166,2005,2005,12,Thursday,4,
South Padre Island,2006,1,2006-01-01,,,,,,2006.0,2006,2006,1,Sunday,1,
South Padre Island,2006,2,2006-02-01,,,,,,2006.0834,2006,2006,2,Wednesday,1,
South Padre Island,2006,3,2006-03-01,,,,,,2006.1666,2006,2006,3,Wednesday,1,
South Padre Island,2006,4,2006-04-01,,,,,,2006.25,2006,2006,4,Saturday,2,
South Padre Island,2006,5,2006-05-01,,,,,,2006.3334,2006,2006,5,Monday,2,
South Padre Island,2006,6,2006-06-01,,,,,,2006.4166,2006,2006,6,Thursday,2,
South Padre Island,2006,7,2006-07-01,,,,,,2006.5,2006,2006,7,Saturday,3,
South Padre Island,2006,8,2006-08-01,,,,,,2006.5834,2006,2006,8,Tuesday,3,
South Padre Island,2006,9,2006-09-01,,,,,,2006.6666,2006,2006,9,Friday,3,
South Padre Island,2006,10,2006-10-01,,,,,,2006.75,2006,2006,10,Sunday,4,
South Padre Island,2006,11,2006-11-01,,,,,,2006.8334,2006,2006,11,Wednesday,4,
South Padre Island,2006,12,2006-12-01,,,,,,2006.9166,2006,2006,12,Friday,4,
South Padre Island,2007,1,2007-01-01,,,,,,2007.0,2007,2007,1,Monday,1,
South Padre Island,2007,2,2007-02-01,,,,,,2007.0834,2007,2007,2,Thursday,1,
South Padre Island,2007,3,2007-03-01,,,,,,2007.1666,2007,2007,3,Thursday,1,
South Padre Island,2007,4,2007-04-01,,,,,,2007.25,2007,2007,4,Sunday,2,
South Padre Island,2007,5,2007-05-01,,,,,,2007.3334,2007,2007,5,Tuesday,2,
South Padre Island,2007,6,2007-06-01,,,,,,2007.4166,2007,2007,6,Friday,2,
South Padre Island,2007,7,2007-07-01,,,,,,2007.5,2007,2007,7,Sunday,3,
South Padre Island,2007,8,2007-08-01,,,,,,2007.5834,2007,2007,8,Wednesday,3,
South Padre Island,2007,9,2007-09-01,,,,,,2007.6666,2007,2007,9,Saturday,3,
South Padre Island,2007,10,2007-10-01,,,,,,2007.75,2007,2007,10,Monday,4,
South Padre Island,2007,11,2007-11-01,,,,,,2007.8334,2007,2007,11,Thursday,4,
South Padre Island,2007,12,2007-12-01,,,,,,2007.9166,2007,2007,12,Saturday,4,
South Padre Island,2008,1,2008-01-01,,,,,,2008.0,2008,2008,1,Tuesday,1,
South Padre Island,2008,2,2008-02-01,,,,,,2008.0834,2008,2008,2,Friday,1,
South Padre Island,2008,3,2008-03-01,,,,,,2008.1666,2008,2008,3,Saturday,1,
South Padre Island,2008,4,2008-04-01,,,,,,2008.25,2008,2008,4,Tuesday,2,
South Padre Island,2008,5,2008-05-01,,,,,,2008.3334,2008,2008,5,Thursday,2,
South Padre Island,2008,6,2008-06-01,,,,,,2008.4166,2008,2008,6,Sunday,2,
South Padre Island,2008,7,2008-07-01,,,,,,2008.5,2008,2008,7,Tuesday,3,
South Padre Island,2008,8,2008-08-01,,,,,,2008.5834,2008,2008,8,Friday,3,
South Padre Island,2008,9,2008-09-01,,,,,,2008.6666,2008,2008,9,Monday,3,
South Padre Island,2008,10,2008-10-01,,,,,,2008.75,2008,2008,10,Wednesday,4,
South Padre Island,2008,11,2008-11-01,,,,,,2008.8334,2008,2008,11,Saturday,4,
South Padre Island,2008,12,2008-12-01,,,,,,2008.9166,2008,2008,12,Monday,4,
South Padre Island,2009,1,2009-01-01,,,,,,2009.0,2009,2009,1,Thursday,1,
South Padre Island,2009,2,2009-02-01,,,,,,2009.0834,2009,2009,2,Sunday,1,
South Padre Island,2009,3,2009-03-01,,,,,,2009.1666,2009,2009,3,Sunday,1,
South Padre Island,2009,4,2009-04-01,,,,,,2009.25,2009,2009,4,Wednesday,2,
South Padre Island,2009,5,2009-05-01,,,,,,2009.3334,2009,2009,5,Friday,2,
South Padre Island,2009,6,2009-06-01,,,,,,2009.4166,2009,2009,6,Monday,2,
South Padre Island,2009,7,2009-07-01,,,,,,2009.5,2009,2009,7,Wednesday,3,
South Padre Island,2009,8,2009-08-01,,,,,,2009.5834,2009,2009,8,Saturday,3,
South Padre Island,2009,9,2009-09-01,30.0,7910000.0,180000.0,1324.0,,2009.6666,2009,2009,9,Tuesday,3,-2208.4531
South Padre Island,2009,10,2009-10-01,34.0,10382850.0,241700.0,1349.0,,2009.75,2009,2009,10,Thursday,4,59491.547
South Padre Island,2009,11,2009-11-01,28.0,7763900.0,200000.0,1347.0,,2009.8334,2009,2009,11,Sunday,4,17791.547
South Padre Island,2009,12,2009-12-01,28.0,5437910.0,140000.0,1258.0,,2009.9166,2009,2009,12,Tuesday,4,-42208.453
South Padre Island,2010,1,2010-01-01,10.0,2543721.0,200000.0,1290.0,,2010.0,2010,2010,1,Friday,1,17791.547
South Padre Island,2010,2,2010-02-01,19.0,4908899.0,195000.0,1321.0,,2010.0834,2010,2010,2,Monday,1,12791.547
South Padre Island,2010,3,2010-03-01,31.0,6459250.0,183300.0,1383.0,,2010.1666,2010,2010,3,Monday,1,1091.5469
South Padre Island,2010,4,2010-04-01,26.0,6460745.0,225000.0,1403.0,54.5,2010.25,2010,2010,4,Thursday,2,42791.547
South Padre Island,2010,5,2010-05-01,23.0,7275558.0,208300.0,1396.0,54.9,2010.3334,2010,2010,5,Saturday,2,26091.547
South Padre Island,2010,6,2010-06-01,32.0,7690500.0,193300.0,1348.0,51.7,2010.4166,2010,2010,6,Tuesday,2,11091.547
South Padre Island,2010,7,2010-07-01,21.0,6078750.0,262500.0,1316.0,51.3,2010.5,2010,2010,7,Thursday,3,80291.55
South Padre Island,2010,8,2010-08-01,27.0,6882400.0,165000.0,1340.0,52.0,2010.5834,2010,2010,8,Sunday,3,-17208.453
South Padre Island,2010,9,2010-09-01,29.0,9950150.0,225000.0,1277.0,49.8,2010.6666,2010,2010,9,Wednesday,3,42791.547
South Padre Island,2010,10,2010-10-01,19.0,4801000.0,175000.0,1259.0,51.6,2010.75,2010,2010,10,Friday,4,-7208.453
South Padre Island,2010,11,2010-11-01,10.0,2098500.0,160000.0,1280.0,55.9,2010.8334,2010,2010,11,Monday,4,-22208.453
South Padre Island,2010,12,2010-12-01,25.0,5623600.0,190000.0,,,2010.9166,2010,2010,12,Wednesday,4,7791.547
South Padre Island,2011,1,2011-01-01,9.0,2088500.0,225000.0,1258.0,55.7,2011.0,2011,2011,1,Saturday,1,42791.547
South Padre Island,2011,2,2011-02-01,13.0,3223463.0,262500.0,817.0,37.0,2011.0834,2011,2011,2,Tuesday,1,80291.55
South Padre Island,2011,3,2011-03-01,24.0,5098500.0,180000.0,881.0,41.0,2011.1666,2011,2011,3,Tuesday,1,-2208.4531
South Padre Island,2011,4,2011-04-01,33.0,6461000.0,182000.0,877.0,39.7,2011.25,2011,2011,4,Friday,2,-208.45312
South Padre Island,2011,5,2011-05-01,28.0,4516647.0,140000.0,919.0,40.8,2011.3334,2011,2011,5,Sunday,2,-42208.453
South Padre Island,2011,6,2011-06-01,19.0,2903000.0,123300.0,934.0,43.6,2011.4166,2011,2011,6,Wednesday,2,-58908.453
South Padre Island,2011,7,2011-07-01,21.0,5679336.0,150000.0,900.0,42.0,2011.5,2011,2011,7,Friday,3,-32208.453
South Padre Island,2011,8,2011-08-01,25.0,5807947.0,197500.0,891.0,41.9,2011.5834,2011,2011,8,Monday,3,15291.547
South Padre Island,2011,9,2011-09-01,24.0,5220400.0,160000.0,837.0,40.2,2011.6666,2011,2011,9,Thursday,3,-22208.453
South Padre Island,2011,10,2011-10-01,16.0,2968900.0,140000.0,827.0,40.2,2011.75,2011,2011,10,Saturday,4,-42208.453
South Padre Island,2011,11,2011-11-01,17.0,3775500.0,243800.0,829.0,39.2,2011.8334,2011,2011,11,Tuesday,4,61591.547
South Padre Island,2011,12,2011-12-01,15.0,3106400.0,150000.0,761.0,37.4,2011.9166,2011,2011,12,Thursday,4,-32208.453
South Padre Island,2012,1,2012-01-01,12.0,2670350.0,250000.0,808.0,39.3,2012.0,2012,2012,1,Sunday,1,67791.55
South Padre Island,2012,2,2012-02-01,23.0,5373000.0,206200.0,742.0,34.6,2012.0834,2012,2012,2,Wednesday,1,23991.547
South Padre Island,2012,3,2012-03-01,22.0,4405075.0,160000.0,731.0,34.4,2012.1666,2012,2012,3,Thursday,1,-22208.453
South Padre Island,2012,4,2012-04-01,32.0,9251810.0,210000.0,750.0,35.4,2012.25,2012,2012,4,Sunday,2,27791.547
South Padre Island,2012,5,2012-05-01,37.0,7029500.0,147500.0,758.0,34.6,2012.3334,2012,2012,5,Tuesday,2,-34708.453
South Padre Island,2012,6,2012-06-01,26.0,8095500.0,180000.0,755.0,33.6,2012.4166,2012,2012,6,Friday,2,-2208.4531
South Padre Island,2012,7,2012-07-01,27.0,5707370.0,190000.0,750.0,32.6,2012.5,2012,2012,7,Sunday,3,7791.547
South Padre Island,2012,8,2012-08-01,38.0,8355800.0,150000.0,717.0,29.8,2012.5834,2012,2012,8,Wednesday,3,-32208.453
South Padre Island,2012,9,2012-09-01,24.0,6319141.0,175000.0,698.0,29.0,2012.6666,2012,2012,9,Saturday,3,-7208.453
South Padre Island,2012,10,2012-10-01,24.0,5397152.0,170000.0,733.0,29.6,2012.75,2012,2012,10,Monday,4,-12208.453
South Padre Island,2012,11,2012-11-01,22.0,4958198.0,200000.0,735.0,29.2,2012.8334,2012,2012,11,Thursday,4,17791.547
South Padre Island,2012,12,2012-12-01,25.0,6163000.0,190000.0,675.0,26.0,2012.9166,2012,2012,12,Saturday,4,7791.547
South Padre Island,2013,1,2013-01-01,21.0,4759500.0,225000.0,739.0,27.6,2013.0,2013,2013,1,Tuesday,1,42791.547
South Padre Island,2013,2,2013-02-01,18.0,3768800.0,200000.0,730.0,27.7,2013.0834,2013,2013,2,Friday,1,17791.547
South Padre Island,2013,3,2013-03-01,30.0,6371350.0,168000.0,,,2013.1666,2013,2013,3,Friday,1,-14208.453
South Padre Island,2013,4,2013-04-01,44.0,10870360.0,208300.0,781.0,27.9,2013.25,2013,2013,4,Monday,2,26091.547
South Padre Island,2013,5,2013-05-01,43.0,7991600.0,126000.0,758.0,26.6,2013.3334,2013,2013,5,Wednesday,2,-56208.453
South Padre Island,2013,6,2013-06-01,41.0,9235790.0,175000.0,770.0,25.9,2013.4166,2013,2013,6,Saturday,2,-7208.453
South Padre Island,2013,7,2013-07-01,34.0,8265815.0,165000.0,767.0,25.3,2013.5,2013,2013,7,Monday,3,-17208.453
South Padre Island,2013,8,2013-08-01,43.0,9899500.0,196700.0,749.0,24.4,2013.5834,2013,2013,8,Thursday,3,14491.547
South Padre Island,2013,9,2013-09-01,33.0,9005500.0,254200.0,717.0,22.8,2013.6666,2013,2013,9,Sunday,3,71991.55
South Padre Island,2013,10,2013-10-01,26.0,5626300.0,133300.0,721.0,22.8,2013.75,2013,2013,10,Tuesday,4,-48908.453
South Padre Island,2013,11,2013-11-01,36.0,6536200.0,136000.0,733.0,22.3,2013.8334,2013,2013,11,Friday,4,-46208.453
South Padre Island,2013,12,2013-12-01,24.0,5642825.0,172000.0,697.0,21.3,2013.9166,2013,2013,12,Sunday,4,-10208.453
South Padre Island,2014,1,2014-01-01,24.0,5286750.0,160000.0,764.0,23.2,2014.0,2014,2014,1,Wednesday,1,-22208.453
South Padre Island,2014,2,2014-02-01,22.0,7164300.0,180000.0,757.0,22.7,2014.0834,2014,2014,2,Saturday,1,-2208.4531
South Padre Island,2014,3,2014-03-01,48.0,8841119.0,120000.0,764.0,21.9,2014.1666,2014,2014,3,Saturday,1,-62208.453
South Padre Island,2014,4,2014-04-01,33.0,5295900.0,110000.0,763.0,22.5,2014.25,2014,2014,4,Tuesday,2,-72208.45
South Padre Island,2014,5,2014-05-01,26.0,9408866.0,180000.0,773.0,23.8,2014.3334,2014,2014,5,Thursday,2,-2208.4531
South Padre Island,2014,6,2014-06-01,44.0,8966812.0,160000.0,796.0,24.3,2014.4166,2014,2014,6,Sunday,2,-22208.453
South Padre Island,2014,7,2014-07-01,50.0,10275725.0,184000.0,773.0,22.7,2014.5,2014,2014,7,Tuesday,3,1791.5469
South Padre Island,2014,8,2014-08-01,44.0,12756700.0,175000.0,759.0,22.2,2014.5834,2014,2014,8,Friday,3,-7208.453
South Padre Island,2014,9,2014-09-01,35.0,6524100.0,157500.0,732.0,21.3,2014.6666,2014,2014,9,Monday,3,-24708.453
South Padre Island,2014,10,2014-10-01,54.0,12166100.0,173300.0,707.0,19.3,2014.75,2014,2014,10,Wednesday,4,-8908.453
South Padre Island,2014,11,2014-11-01,35.0,6926814.0,152500.0,700.0,19.1,2014.8334,2014,2014,11,Saturday,4,-29708.453
South Padre Island,2014,12,2014-12-01,33.0,7540750.0,215000.0,670.0,17.9,2014.9166,2014,2014,12,Monday,4,32791.547
South Padre Island,2015,1,2015-01-01,22.0,4893959.0,180000.0,688.0,18.5,2015.0,2015,2015,1,Thursday,1,-2208.4531
South Padre Island,2015,2,2015-02-01,21.0,5466400.0,225000.0,675.0,18.2,2015.0834,2015,2015,2,Sunday,1,42791.547
South Padre Island,2015,3,2015-03-01,40.0,7626200.0,146700.0,711.0,19.5,2015.1666,2015,2015,3,Sunday,1,-35508.453
South Padre Island,2015,4,2015-04-01,40.0,8478263.0,180000.0,729.0,19.7,2015.25,2015,2015,4,Wednesday,2,-2208.4531
South Padre Island,2015,5,2015-05-01,38.0,13782150.0,212500.0,733.0,19.3,2015.3334,2015,2015,5,Friday,2,30291.547
South Padre Island,2015,6,2015-06-01,40.0,8665950.0,166700.0,728.0,19.3,2015.4166,2015,2015,6,Monday,2,-15508.453
South Padre Island,2015,7,2015-07-01,49.0,11338000.0,172200.0,728.0,19.4,2015.5,2015,2015,7,Wednesday,3,-10008.453
Temple-Belton,2000,1,2000-01-01,56.0,5775000.0,82900.0,582.0,6.7,2000.0,2000,2000,1,Saturday,1,-30468.75
Temple-Belton,2000,2,2000-02-01,73.0,8220000.0,91700.0,617.0,7.1,2000.0834,2000,2000,2,Tuesday,1,-21668.75
Temple-Belton,2000,3,2000-03-01,82.0,8900000.0,83800.0,634.0,7.3,2000.1666,2000,2000,3,Wednesday,1,-29568.75
Temple-Belton,2000,4,2000-04-01,90.0,9775000.0,83600.0,647.0,7.5,2000.25,2000,2000,4,Saturday,2,-29768.75
Temple-Belton,2000,5,2000-05-01,122.0,11685000.0,88900.0,637.0,7.2,2000.3334,2000,2000,5,Monday,2,-24468.75
Temple-Belton,2000,6,2000-06-01,124.0,15605000.0,100000.0,627.0,7.1,2000.4166,2000,2000,6,Thursday,2,-13368.75
Temple-Belton,2000,7,2000-07-01,88.0,8880000.0,84200.0,595.0,6.7,2000.5,2000,2000,7,Saturday,3,-29168.75
Temple-Belton,2000,8,2000-08-01,115.0,12188815.0,86200.0,578.0,6.5,2000.5834,2000,2000,8,Tuesday,3,-27168.75
Temple-Belton,2000,9,2000-09-01,89.0,8965000.0,88300.0,560.0,6.2,2000.6666,2000,2000,9,Friday,3,-25068.75
Temple-Belton,2000,10,2000-10-01,91.0,9995000.0,90600.0,536.0,5.9,2000.75,2000,2000,10,Sunday,4,-22768.75
Temple-Belton,2000,11,2000-11-01,96.0,11185000.0,99100.0,523.0,5.6,2000.8334,2000,2000,11,Wednesday,4,-14268.75
Temple-Belton,2000,12,2000-12-01,79.0,7635000.0,80400.0,501.0,5.4,2000.9166,2000,2000,12,Friday,4,-32968.75
Temple-Belton,2001,1,2001-01-01,67.0,7010000.0,83100.0,592.0,6.4,2001.0,2001,2001,1,Monday,1,-30268.75
Temple-Belton,2001,2,2001-02-01,75.0,7250000.0,83200.0,592.0,6.4,2001.0834,2001,2001,2,Thursday,1,-30168.75
Temple-Belton,2001,3,2001-03-01,80.0,8920000.0,91700.0,572.0,6.2,2001.1666,2001,2001,3,Thursday,1,-21668.75
Temple-Belton,2001,4,2001-04-01,96.0,10710000.0,94400.0,565.0,6.0,2001.25,2001,2001,4,Sunday,2,-18968.75
Temple-Belton,2001,5,2001-05-01,116.0,13375000.0,89200.0,557.0,6.0,2001.3334,2001,2001,5,Tuesday,2,-24168.75
Temple-Belton,2001,6,2001-06-01,107.0,13050000.0,101400.0,631.0,6.9,2001.4166,2001,2001,6,Friday,2,-11968.75
Temple-Belton,2001,7,2001-07-01,121.0,15175000.0,88700.0,627.0,6.6,2001.5,2001,2001,7,Sunday,3,-24668.75
Temple-Belton,2001,8,2001-08-01,124.0,13075000.0,89400.0,591.0,6.2,2001.5834,2001,2001,8,Wednesday,3,-23968.75
Temple-Belton,2001,9,2001-09-01,85.0,9215000.0,94200.0,598.0,6.3,2001.6666,2001,2001,9,Saturday,3,-19168.75
Temple-Belton,2001,10,2001-10-01,105.0,10935000.0,84700.0,606.0,6.3,2001.75,2001,2001,10,Monday,4,-28668.75
Temple-Belton,2001,11,2001-11-01,92.0,11050000.0,89400.0,590.0,6.2,2001.8334,2001,2001,11,Thursday,4,-23968.75
Temple-Belton,2001,12,2001-12-01,83.0,8275000.0,86900.0,572.0,6.0,2001.9166,2001,2001,12,Saturday,4,-26468.75
Temple-Belton,2002,1,2002-01-01,74.0,8925000.0,95000.0,584.0,6.1,2002.0,2002,2002,1,Tuesday,1,-18368.75
Temple-Belton,2002,2,2002-02-01,,,,,,2002.0834,2002,2002,2,Friday,1,
Temple-Belton,2002,3,2002-03-01,,,,,,2002.1666,2002,2002,3,Friday,1,
Temple-Belton,2002,4,2002-04-01,,,,,,2002.25,2002,2002,4,Monday,2,
Temple-Belton,2002,5,2002-05-01,,,,,,2002.3334,2002,2002,5,Wednesday,2,
Temple-Belton,2002,6,2002-06-01,,,,,,2002.4166,2002,2002,6,Saturday,2,
Temple-Belton,2002,7,2002-07-01,,,,,,2002.5,2002,2002,7,Monday,3,
Temple-Belton,2002,8,2002-08-01,,,,,,2002.5834,2002,2002,8,Thursday,3,
Temple-Belton,2002,9,2002-09-01,,,,,,2002.6666,2002,2002,9,Sunday,3,
Temple-Belton,2002,10,2002-10-01,,,,,,2002.75,2002,2002,10,Tuesday,4,
Temple-Belton,2002,11,2002-11-01,,,,,,2002.8334,2002,2002,11,Friday,4,
Temple-Belton,2002,12,2002-12-01,,,,,,2002.9166,2002,2002,12,Sunday,4,
Temple-Belton,2003,1,2003-01-01,82.0,8440000.0,91100.0,530.0,,2003.0,2003,2003,1,Wednesday,1,-22268.75
Temple-Belton,2003,2,2003-02-01,66.0,7780000.0,104400.0,504.0,,2003.0834,2003,2003,2,Saturday,1,-8968.75
Temple-Belton,2003,3,2003-03-01,77.0,7845000.0,88100.0,550.0,,2003.1666,2003,2003,3,Saturday,1,-25268.75
Temple-Belton,2003,4,2003-04-01,100.0,11830000.0,95600.0,,,2003.25,2003,2003,4,Tuesday,2,-17768.75
Temple-Belton,2003,5,2003-05-01,126.0,14980000.0,100000.0,,,2003.3334,2003,2003,5,Thursday,2,-13368.75
Temple-Belton,2003,6,2003-06-01,136.0,15310000.0,99300.0,583.0,,2003.4166,2003,2003,6,Sunday,2,-14068.75
Temple-Belton,2003,7,2003-07-01,110.0,12155000.0,92200.0,,,2003.5,2003,2003,7,Tuesday,3,-21168.75
Temple-Belton,2003,8,2003-08-01,124.0,13335000.0,93800.0,,,2003.5834,2003,2003,8,Friday,3,-19568.75
Temple-Belton,2003,9,2003-09-01,102.0,12100000.0,93800.0,603.0,5.9,2003.6666,2003,2003,9,Monday,3,-19568.75
Temple-Belton,2003,10,2003-10-01,99.0,10455000.0,93100.0,589.0,5.8,2003.75,2003,2003,10,Wednesday,4,-20268.75
Temple-Belton,2003,11,2003-11-01,93.0,10225000.0,96500.0,550.0,5.4,2003.8334,2003,2003,11,Saturday,4,-16868.75
Temple-Belton,2003,12,2003-12-01,93.0,11055000.0,101100.0,534.0,5.3,2003.9166,2003,2003,12,Monday,4,-12268.75
Temple-Belton,2004,1,2004-01-01,58.0,7425000.0,98300.0,611.0,6.2,2004.0,2004,2004,1,Thursday,1,-15068.75
Temple-Belton,2004,2,2004-02-01,80.0,9200000.0,95000.0,615.0,6.2,2004.0834,2004,2004,2,Sunday,1,-18368.75
Temple-Belton,2004,3,2004-03-01,95.0,10300000.0,96100.0,651.0,6.4,2004.1666,2004,2004,3,Monday,1,-17268.75
Temple-Belton,2004,4,2004-04-01,83.0,9770000.0,103600.0,654.0,6.5,2004.25,2004,2004,4,Thursday,2,-9768.75
Temple-Belton,2004,5,2004-05-01,127.0,14440000.0,96800.0,679.0,6.8,2004.3334,2004,2004,5,Saturday,2,-16568.75
Temple-Belton,2004,6,2004-06-01,125.0,15560000.0,108500.0,707.0,7.1,2004.4166,2004,2004,6,Tuesday,2,-4868.75
Temple-Belton,2004,7,2004-07-01,144.0,17935000.0,99400.0,692.0,6.8,2004.5,2004,2004,7,Thursday,3,-13968.75
Temple-Belton,2004,8,2004-08-01,132.0,15925000.0,98200.0,690.0,6.7,2004.5834,2004,2004,8,Sunday,3,-15168.75
Temple-Belton,2004,9,2004-09-01,122.0,14965000.0,101000.0,730.0,7.0,2004.6666,2004,2004,9,Wednesday,3,-12368.75
Temple-Belton,2004,10,2004-10-01,106.0,12295000.0,101700.0,711.0,6.8,2004.75,2004,2004,10,Friday,4,-11668.75
Temple-Belton,2004,11,2004-11-01,118.0,14670000.0,96700.0,663.0,6.2,2004.8334,2004,2004,11,Monday,4,-16668.75
Temple-Belton,2004,12,2004-12-01,105.0,11730000.0,95400.0,682.0,6.3,2004.9166,2004,2004,12,Wednesday,4,-17968.75
Temple-Belton,2005,1,2005-01-01,89.0,10070000.0,96200.0,718.0,6.5,2005.0,2005,2005,1,Saturday,1,-17168.75
Temple-Belton,2005,2,2005-02-01,112.0,12560000.0,94400.0,723.0,6.4,2005.0834,2005,2005,2,Tuesday,1,-18968.75
Temple-Belton,2005,3,2005-03-01,108.0,12395000.0,102700.0,715.0,6.3,2005.1666,2005,2005,3,Tuesday,1,-10668.75
Temple-Belton,2005,4,2005-04-01,132.0,16215000.0,104000.0,715.0,6.0,2005.25,2005,2005,4,Friday,2,-9368.75
Temple-Belton,2005,5,2005-05-01,147.0,20485000.0,112100.0,,,2005.3334,2005,2005,5,Sunday,2,-1268.75
Temple-Belton,2005,6,2005-06-01,200.0,25465000.0,108600.0,,,2005.4166,2005,2005,6,Wednesday,2,-4768.75
Temple-Belton,2005,7,2005-07-01,167.0,21355000.0,122000.0,733.0,5.7,2005.5,2005,2005,7,Friday,3,8631.25
Temple-Belton,2005,8,2005-08-01,183.0,22445000.0,105900.0,,,2005.5834,2005,2005,8,Monday,3,-7468.75
Temple-Belton,2005,9,2005-09-01,132.0,17195000.0,112300.0,,,2005.6666,2005,2005,9,Thursday,3,-1068.75
Temple-Belton,2005,10,2005-10-01,116.0,15270000.0,116400.0,704.0,5.3,2005.75,2005,2005,10,Saturday,4,3031.25
Temple-Belton,2005,11,2005-11-01,119.0,15710000.0,110600.0,704.0,5.2,2005.8334,2005,2005,11,Tuesday,4,-2768.75
Temple-Belton,2005,12,2005-12-01,136.0,17760000.0,111700.0,,,2005.9166,2005,2005,12,Thursday,4,-1668.75
Temple-Belton,2006,1,2006-01-01,79.0,9860000.0,104500.0,746.0,5.5,2006.0,2006,2006,1,Sunday,1,-8868.75
Temple-Belton,2006,2,2006-02-01,117.0,13065000.0,97000.0,,,2006.0834,2006,2006,2,Wednesday,1,-16368.75
Temple-Belton,2006,3,2006-03-01,138.0,17505000.0,110600.0,,,2006.1666,2006,2006,3,Wednesday,1,-2768.75
Temple-Belton,2006,4,2006-04-01,134.0,18250000.0,115800.0,925.0,6.7,2006.25,2006,2006,4,Saturday,2,2431.25
Temple-Belton,2006,5,2006-05-01,212.0,29920000.0,123000.0,,,2006.3334,2006,2006,5,Monday,2,9631.25
Temple-Belton,2006,6,2006-06-01,241.0,35210000.0,128800.0,,,2006.4166,2006,2006,6,Thursday,2,15431.25
Temple-Belton,2006,7,2006-07-01,179.0,26750000.0,125300.0,889.0,6.0,2006.5,2006,2006,7,Saturday,3,11931.25
Temple-Belton,2006,8,2006-08-01,230.0,32780000.0,118700.0,,,2006.5834,2006,2006,8,Tuesday,3,5331.25
Temple-Belton,2006,9,2006-09-01,134.0,17415000.0,115200.0,914.0,6.0,2006.6666,2006,2006,9,Friday,3,1831.25
Temple-Belton,2006,10,2006-10-01,156.0,18915000.0,105400.0,928.0,5.9,2006.75,2006,2006,10,Sunday,4,-7968.75
Temple-Belton,2006,11,2006-11-01,134.0,17570000.0,113000.0,857.0,5.4,2006.8334,2006,2006,11,Wednesday,4,-368.75
Temple-Belton,2006,12,2006-12-01,164.0,21120000.0,112400.0,,,2006.9166,2006,2006,12,Friday,4,-968.75
Temple-Belton,2007,1,2007-01-01,108.0,11990000.0,99000.0,879.0,5.4,2007.0,2007,2007,1,Monday,1,-14368.75
Temple-Belton,2007,2,2007-02-01,124.0,16000000.0,111800.0,,,2007.0834,2007,2007,2,Thursday,1,-1568.75
Temple-Belton,2007,3,2007-03-01,159.0,20990000.0,111900.0,944.0,5.7,2007.1666,2007,2007,3,Thursday,1,-1468.75
Temple-Belton,2007,4,2007-04-01,183.0,24540000.0,116500.0,987.0,5.9,2007.25,2007,2007,4,Sunday,2,3131.25
Temple-Belton,2007,5,2007-05-01,207.0,30255000.0,117200.0,973.0,5.8,2007.3334,2007,2007,5,Tuesday,2,3831.25
Temple-Belton,2007,6,2007-06-01,207.0,29825000.0,125900.0,982.0,5.9,2007.4166,2007,2007,6,Friday,2,12531.25
Temple-Belton,2007,7,2007-07-01,198.0,27970000.0,119100.0,1032.0,6.2,2007.5,2007,2007,7,Sunday,3,5731.25
Temple-Belton,2007,8,2007-08-01,203.0,30820000.0,124400.0,,,2007.5834,2007,2007,8,Wednesday,3,11031.25
Temple-Belton,2007,9,2007-09-01,129.0,17000000.0,121700.0,,,2007.6666,2007,2007,9,Saturday,3,8331.25
Temple-Belton,2007,10,2007-10-01,125.0,16645000.0,118000.0,1056.0,6.5,2007.75,2007,2007,10,Monday,4,4631.25
Temple-Belton,2007,11,2007-11-01,134.0,18460000.0,123800.0,997.0,6.2,2007.8334,2007,2007,11,Thursday,4,10431.25
Temple-Belton,2007,12,2007-12-01,158.0,23540000.0,127500.0,1021.0,6.3,2007.9166,2007,2007,12,Saturday,4,14131.25
Temple-Belton,2008,1,2008-01-01,106.0,14405000.0,122500.0,1041.0,6.5,2008.0,2008,2008,1,Tuesday,1,9131.25
Temple-Belton,2008,2,2008-02-01,128.0,15000000.0,108700.0,1074.0,6.7,2008.0834,2008,2008,2,Friday,1,-4668.75
Temple-Belton,2008,3,2008-03-01,159.0,21380000.0,118100.0,1095.0,6.8,2008.1666,2008,2008,3,Saturday,1,4731.25
Temple-Belton,2008,4,2008-04-01,181.0,26235000.0,122200.0,1063.0,6.6,2008.25,2008,2008,4,Tuesday,2,8831.25
Temple-Belton,2008,5,2008-05-01,205.0,29900000.0,128100.0,1103.0,6.8,2008.3334,2008,2008,5,Thursday,2,14731.25
Temple-Belton,2008,6,2008-06-01,169.0,24690000.0,123800.0,1047.0,6.6,2008.4166,2008,2008,6,Sunday,2,10431.25
Temple-Belton,2008,7,2008-07-01,162.0,23035000.0,129500.0,,,2008.5,2008,2008,7,Tuesday,3,16131.25
Temple-Belton,2008,8,2008-08-01,154.0,23515000.0,128900.0,1025.0,6.8,2008.5834,2008,2008,8,Friday,3,15531.25
Temple-Belton,2008,9,2008-09-01,138.0,19120000.0,113300.0,992.0,6.5,2008.6666,2008,2008,9,Monday,3,-68.75
Temple-Belton,2008,10,2008-10-01,104.0,12395000.0,109200.0,971.0,6.5,2008.75,2008,2008,10,Wednesday,4,-4168.75
Temple-Belton,2008,11,2008-11-01,88.0,12935000.0,130000.0,944.0,6.5,2008.8334,2008,2008,11,Saturday,4,16631.25
Temple-Belton,2008,12,2008-12-01,128.0,17750000.0,124300.0,925.0,6.4,2008.9166,2008,2008,12,Monday,4,10931.25
Temple-Belton,2009,1,2009-01-01,81.0,11015000.0,123800.0,987.0,7.0,2009.0,2009,2009,1,Thursday,1,10431.25
Temple-Belton,2009,2,2009-02-01,105.0,13130000.0,123900.0,1063.0,7.6,2009.0834,2009,2009,2,Sunday,1,10531.25
Temple-Belton,2009,3,2009-03-01,104.0,13955000.0,117300.0,1096.0,8.1,2009.1666,2009,2009,3,Sunday,1,3931.25
Temple-Belton,2009,4,2009-04-01,144.0,20085000.0,119000.0,1061.0,8.0,2009.25,2009,2009,4,Wednesday,2,5631.25
Temple-Belton,2009,5,2009-05-01,194.0,27800000.0,124600.0,1084.0,8.3,2009.3334,2009,2009,5,Friday,2,11231.25
Temple-Belton,2009,6,2009-06-01,191.0,27155000.0,120300.0,1044.0,7.9,2009.4166,2009,2009,6,Monday,2,6931.25
Temple-Belton,2009,7,2009-07-01,176.0,27040000.0,130700.0,1008.0,7.5,2009.5,2009,2009,7,Wednesday,3,17331.25
Temple-Belton,2009,8,2009-08-01,179.0,27090000.0,128400.0,1016.0,7.5,2009.5834,2009,2009,8,Saturday,3,15031.25
Temple-Belton,2009,9,2009-09-01,156.0,20280000.0,112700.0,993.0,7.2,2009.6666,2009,2009,9,Tuesday,3,-668.75
Temple-Belton,2009,10,2009-10-01,147.0,20128511.0,119700.0,948.0,6.7,2009.75,2009,2009,10,Thursday,4,6331.25
Temple-Belton,2009,11,2009-11-01,149.0,20170000.0,121800.0,949.0,6.5,2009.8334,2009,2009,11,Sunday,4,8431.25
Temple-Belton,2009,12,2009-12-01,130.0,18033749.0,111700.0,880.0,6.0,2009.9166,2009,2009,12,Tuesday,4,-1668.75
Temple-Belton,2010,1,2010-01-01,85.0,11081145.0,105000.0,966.0,6.6,2010.0,2010,2010,1,Friday,1,-8368.75
Temple-Belton,2010,2,2010-02-01,94.0,11542971.0,110800.0,971.0,6.7,2010.0834,2010,2010,2,Monday,1,-2568.75
Temple-Belton,2010,3,2010-03-01,146.0,20211610.0,125400.0,1110.0,7.4,2010.1666,2010,2010,3,Monday,1,12031.25
Temple-Belton,2010,4,2010-04-01,191.0,26030648.0,115700.0,1049.0,6.8,2010.25,2010,2010,4,Thursday,2,2331.25
Temple-Belton,2010,5,2010-05-01,194.0,31592541.0,140000.0,1114.0,7.3,2010.3334,2010,2010,5,Saturday,2,26631.25
Temple-Belton,2010,6,2010-06-01,172.0,26038793.0,138000.0,1176.0,7.8,2010.4166,2010,2010,6,Tuesday,2,24631.25
Temple-Belton,2010,7,2010-07-01,141.0,20248692.0,115500.0,1195.0,8.0,2010.5,2010,2010,7,Thursday,3,2131.25
Temple-Belton,2010,8,2010-08-01,145.0,20969272.0,127300.0,1160.0,8.0,2010.5834,2010,2010,8,Sunday,3,13931.25
Temple-Belton,2010,9,2010-09-01,113.0,15309100.0,118100.0,1119.0,7.9,2010.6666,2010,2010,9,Wednesday,3,4731.25
Temple-Belton,2010,10,2010-10-01,105.0,15017547.0,119200.0,1078.0,7.8,2010.75,2010,2010,10,Friday,4,5831.25
Temple-Belton,2010,11,2010-11-01,111.0,13943745.0,107900.0,1052.0,7.8,2010.8334,2010,2010,11,Monday,4,-5468.75
Temple-Belton,2010,12,2010-12-01,111.0,16339029.0,138000.0,1074.0,8.0,2010.9166,2010,2010,12,Wednesday,4,24631.25
Temple-Belton,2011,1,2011-01-01,77.0,12166619.0,125000.0,1079.0,8.1,2011.0,2011,2011,1,Saturday,1,11631.25
Temple-Belton,2011,2,2011-02-01,84.0,12638715.0,133800.0,1107.0,8.4,2011.0834,2011,2011,2,Tuesday,1,20431.25
Temple-Belton,2011,3,2011-03-01,115.0,14986910.0,121800.0,1171.0,9.0,2011.1666,2011,2011,3,Tuesday,1,8431.25
Temple-Belton,2011,4,2011-04-01,132.0,9727347.0,115500.0,1162.0,9.3,2011.25,2011,2011,4,Friday,2,2131.25
Temple-Belton,2011,5,2011-05-01,160.0,22353413.0,130900.0,1222.0,10.0,2011.3334,2011,2011,5,Sunday,2,17531.25
Temple-Belton,2011,6,2011-06-01,199.0,31235410.0,135100.0,1208.0,9.7,2011.4166,2011,2011,6,Wednesday,2,21731.25
Temple-Belton,2011,7,2011-07-01,158.0,23456250.0,125000.0,1193.0,9.5,2011.5,2011,2011,7,Friday,3,11631.25
Temple-Belton,2011,8,2011-08-01,156.0,23607121.0,135800.0,1176.0,9.3,2011.5834,2011,2011,8,Monday,3,22431.25
Temple-Belton,2011,9,2011-09-01,117.0,16572024.0,130600.0,1133.0,8.9,2011.6666,2011,2011,9,Thursday,3,17231.25
Temple-Belton,2011,10,2011-10-01,114.0,18668494.0,148900.0,1107.0,8.7,2011.75,2011,2011,10,Saturday,4,35531.25
Temple-Belton,2011,11,2011-11-01,110.0,15467785.0,117100.0,1095.0,8.6,2011.8334,2011,2011,11,Tuesday,4,3731.25
Temple-Belton,2011,12,2011-12-01,115.0,15713942.0,120700.0,1006.0,7.9,2011.9166,2011,2011,12,Thursday,4,7331.25
Temple-Belton,2012,1,2012-01-01,106.0,14645505.0,124000.0,1108.0,8.5,2012.0,2012,2012,1,Sunday,1,10631.25
Temple-Belton,2012,2,2012-02-01,111.0,14873091.0,127500.0,1125.0,8.5,2012.0834,2012,2012,2,Wednesday,1,14131.25
Temple-Belton,2012,3,2012-03-01,132.0,19606029.0,134700.0,1135.0,8.5,2012.1666,2012,2012,3,Thursday,1,21331.25
Temple-Belton,2012,4,2012-04-01,140.0,19794244.0,125300.0,1144.0,8.5,2012.25,2012,2012,4,Sunday,2,11931.25
Temple-Belton,2012,5,2012-05-01,188.0,29401590.0,138300.0,1150.0,8.4,2012.3334,2012,2012,5,Tuesday,2,24931.25
Temple-Belton,2012,6,2012-06-01,175.0,26355628.0,134600.0,1131.0,8.4,2012.4166,2012,2012,6,Friday,2,21231.25
Temple-Belton,2012,7,2012-07-01,153.0,22132923.0,124200.0,1089.0,8.1,2012.5,2012,2012,7,Sunday,3,10831.25
Temple-Belton,2012,8,2012-08-01,144.0,20616386.0,127000.0,1091.0,8.2,2012.5834,2012,2012,8,Wednesday,3,13631.25
Temple-Belton,2012,9,2012-09-01,129.0,18584043.0,119300.0,1038.0,7.7,2012.6666,2012,2012,9,Saturday,3,5931.25
Temple-Belton,2012,10,2012-10-01,148.0,21442090.0,124200.0,1042.0,7.6,2012.75,2012,2012,10,Monday,4,10831.25
Temple-Belton,2012,11,2012-11-01,116.0,15863132.0,118600.0,999.0,7.2,2012.8334,2012,2012,11,Thursday,4,5231.25
Temple-Belton,2012,12,2012-12-01,125.0,19030701.0,132900.0,933.0,6.7,2012.9166,2012,2012,12,Saturday,4,19531.25
Temple-Belton,2013,1,2013-01-01,86.0,10567403.0,93300.0,973.0,7.1,2013.0,2013,2013,1,Tuesday,1,-20068.75
Temple-Belton,2013,2,2013-02-01,127.0,13901554.0,94200.0,1059.0,7.6,2013.0834,2013,2013,2,Friday,1,-19168.75
Temple-Belton,2013,3,2013-03-01,137.0,18398455.0,115200.0,1099.0,7.9,2013.1666,2013,2013,3,Friday,1,1831.25
Temple-Belton,2013,4,2013-04-01,139.0,20993735.0,110800.0,1076.0,7.7,2013.25,2013,2013,4,Monday,2,-2568.75
Temple-Belton,2013,5,2013-05-01,187.0,29146083.0,130000.0,1065.0,7.7,2013.3334,2013,2013,5,Wednesday,2,16631.25
Temple-Belton,2013,6,2013-06-01,182.0,28798163.0,129200.0,1037.0,7.4,2013.4166,2013,2013,6,Saturday,2,15831.25
Temple-Belton,2013,7,2013-07-01,158.0,25074689.0,128500.0,1047.0,7.5,2013.5,2013,2013,7,Monday,3,15131.25
Temple-Belton,2013,8,2013-08-01,193.0,28891002.0,117000.0,1005.0,7.0,2013.5834,2013,2013,8,Thursday,3,3631.25
Temple-Belton,2013,9,2013-09-01,143.0,19692592.0,110000.0,1009.0,7.0,2013.6666,2013,2013,9,Sunday,3,-3368.75
Temple-Belton,2013,10,2013-10-01,150.0,23000732.0,117600.0,924.0,6.4,2013.75,2013,2013,10,Tuesday,4,4231.25
Temple-Belton,2013,11,2013-11-01,130.0,16631387.0,112500.0,925.0,6.3,2013.8334,2013,2013,11,Friday,4,-868.75
Temple-Belton,2013,12,2013-12-01,119.0,19056402.0,135000.0,848.0,5.8,2013.9166,2013,2013,12,Sunday,4,21631.25
Temple-Belton,2014,1,2014-01-01,113.0,15230987.0,100800.0,837.0,5.6,2014.0,2014,2014,1,Wednesday,1,-12568.75
Temple-Belton,2014,2,2014-02-01,83.0,12574204.0,128200.0,892.0,6.2,2014.0834,2014,2014,2,Saturday,1,14831.25
Temple-Belton,2014,3,2014-03-01,131.0,16357136.0,102700.0,963.0,6.7,2014.1666,2014,2014,3,Saturday,1,-10668.75
Temple-Belton,2014,4,2014-04-01,160.0,21219134.0,115800.0,970.0,6.7,2014.25,2014,2014,4,Tuesday,2,2431.25
Temple-Belton,2014,5,2014-05-01,192.0,29749302.0,131200.0,969.0,6.6,2014.3334,2014,2014,5,Thursday,2,17831.25
Temple-Belton,2014,6,2014-06-01,182.0,31757284.0,148600.0,952.0,6.5,2014.4166,2014,2014,6,Sunday,2,35231.25
Temple-Belton,2014,7,2014-07-01,185.0,27289004.0,130000.0,933.0,6.3,2014.5,2014,2014,7,Tuesday,3,16631.25
Temple-Belton,2014,8,2014-08-01,180.0,27270495.0,134300.0,896.0,6.1,2014.5834,2014,2014,8,Friday,3,20931.25
Temple-Belton,2014,9,2014-09-01,134.0,22879404.0,142000.0,863.0,5.9,2014.6666,2014,2014,9,Monday,3,28631.25
Temple-Belton,2014,10,2014-10-01,162.0,23939289.0,115200.0,844.0,5.7,2014.75,2014,2014,10,Wednesday,4,1831.25
Temple-Belton,2014,11,2014-11-01,113.0,16200422.0,126900.0,798.0,5.5,2014.8334,2014,2014,11,Saturday,4,13531.25
Temple-Belton,2014,12,2014-12-01,149.0,25440386.0,140700.0,728.0,4.9,2014.9166,2014,2014,12,Monday,4,27331.25
Temple-Belton,2015,1,2015-01-01,107.0,17700155.0,124500.0,727.0,4.9,2015.0,2015,2015,1,Thursday,1,11131.25
Temple-Belton,2015,2,2015-02-01,109.0,14439200.0,120800.0,825.0,5.5,2015.0834,2015,2015,2,Sunday,1,7431.25
Temple-Belton,2015,3,2015-03-01,180.0,24671576.0,123000.0,884.0,5.7,2015.1666,2015,2015,3,Sunday,1,9631.25
Temple-Belton,2015,4,2015-04-01,165.0,27906839.0,145400.0,877.0,5.7,2015.25,2015,2015,4,Wednesday,2,32031.25
Temple-Belton,2015,5,2015-05-01,179.0,30496423.0,142800.0,825.0,5.4,2015.3334,2015,2015,5,Friday,2,29431.25
Temple-Belton,2015,6,2015-06-01,213.0,35933886.0,148900.0,858.0,5.5,2015.4166,2015,2015,6,Monday,2,35531.25
Temple-Belton,2015,7,2015-07-01,196.0,32311448.0,139500.0,909.0,5.8,2015.5,2015,2015,7,Wednesday,3,26131.25
Texarkana,2000,1,2000-01-01,,,,,,2000.0,2000,2000,1,Saturday,1,
Texarkana,2000,2,2000-02-01,,,,,,2000.0834,2000,2000,2,Tuesday,1,
Texarkana,2000,3,2000-03-01,,,,,,2000.1666,2000,2000,3,Wednesday,1,
Texarkana,2000,4,2000-04-01,,,,,,2000.25,2000,2000,4,Saturday,2,
Texarkana,2000,5,2000-05-01,,,,,,2000.3334,2000,2000,5,Monday,2,
Texarkana,2000,6,2000-06-01,,,,,,2000.4166,2000,2000,6,Thursday,2,
Texarkana,2000,7,2000-07-01,,,,,,2000.5,2000,2000,7,Saturday,3,
Texarkana,2000,8,2000-08-01,,,,,,2000.5834,2000,2000,8,Tuesday,3,
Texarkana,2000,9,2000-09-01,,,,,,2000.6666,2000,2000,9,Friday,3,
Texarkana,2000,10,2000-10-01,,,,,,2000.75,2000,2000,10,Sunday,4,
Texarkana,2000,11,2000-11-01,,,,,,2000.8334,2000,2000,11,Wednesday,4,
Texarkana,2000,12,2000-12-01,,,,,,2000.9166,2000,2000,12,Friday,4,
Texarkana,2001,1,2001-01-01,101.0,8590000.0,68800.0,268.0,,2001.0,2001,2001,1,Monday,1,-30014.703
Texarkana,2001,2,2001-02-01,,,,,,2001.0834,2001,2001,2,Thursday,1,
Texarkana,2001,3,2001-03-01,,,,,,2001.1666,2001,2001,3,Thursday,1,
Texarkana,2001,4,2001-04-01,,,,,,2001.25,2001,2001,4,Sunday,2,
Texarkana,2001,5,2001-05-01,,,,,,2001.3334,2001,2001,5,Tuesday,2,
Texarkana,2001,6,2001-06-01,195.0,28075000.0,120400.0,,,2001.4166,2001,2001,6,Friday,2,21585.297
Texarkana,2001,7,2001-07-01,,,,,,2001.5,2001,2001,7,Sunday,3,
Texarkana,2001,8,2001-08-01,83.0,6365000.0,69400.0,,,2001.5834,2001,2001,8,Wednesday,3,-29414.703
Texarkana,2001,9,2001-09-01,65.0,7135000.0,83100.0,,,2001.6666,2001,2001,9,Saturday,3,-15714.703
Texarkana,2001,10,2001-10-01,76.0,7095000.0,70000.0,,,2001.75,2001,2001,10,Monday,4,-28814.703
Texarkana,2001,11,2001-11-01,77.0,6190000.0,70600.0,,,2001.8334,2001,2001,11,Thursday,4,-28214.703
Texarkana,2001,12,2001-12-01,73.0,6625000.0,71000.0,,,2001.9166,2001,2001,12,Saturday,4,-27814.703
Texarkana,2002,1,2002-01-01,61.0,4700000.0,72500.0,,,2002.0,2002,2002,1,Tuesday,1,-26314.703
Texarkana,2002,2,2002-02-01,69.0,6830000.0,70700.0,,,2002.0834,2002,2002,2,Friday,1,-28114.703
Texarkana,2002,3,2002-03-01,76.0,6510000.0,75500.0,,,2002.1666,2002,2002,3,Friday,1,-23314.703
Texarkana,2002,4,2002-04-01,88.0,8540000.0,87500.0,,,2002.25,2002,2002,4,Monday,2,-11314.703
Texarkana,2002,5,2002-05-01,98.0,7675000.0,68000.0,,,2002.3334,2002,2002,5,Wednesday,2,-30814.703
Texarkana,2002,6,2002-06-01,91.0,8690000.0,78100.0,,,2002.4166,2002,2002,6,Saturday,2,-20714.703
Texarkana,2002,7,2002-07-01,88.0,9825000.0,104600.0,,,2002.5,2002,2002,7,Monday,3,5785.297
Texarkana,2002,8,2002-08-01,81.0,7475000.0,71000.0,,,2002.5834,2002,2002,8,Thursday,3,-27814.703
Texarkana,2002,9,2002-09-01,68.0,6535000.0,81400.0,,,2002.6666,2002,2002,9,Sunday,3,-17414.703
Texarkana,2002,10,2002-10-01,70.0,6425000.0,85700.0,,,2002.75,2002,2002,10,Tuesday,4,-13114.703
Texarkana,2002,11,2002-11-01,66.0,6105000.0,72000.0,,,2002.8334,2002,2002,11,Friday,4,-26814.703
Texarkana,2002,12,2002-12-01,88.0,10155000.0,88000.0,,,2002.9166,2002,2002,12,Sunday,4,-10814.703
Texarkana,2003,1,2003-01-01,59.0,5575000.0,79000.0,,,2003.0,2003,2003,1,Wednesday,1,-19814.703
Texarkana,2003,2,2003-02-01,70.0,7305000.0,90000.0,,,2003.0834,2003,2003,2,Saturday,1,-8814.703
Texarkana,2003,3,2003-03-01,93.0,8165000.0,81900.0,103.0,1.3,2003.1666,2003,2003,3,Saturday,1,-16914.703
Texarkana,2003,4,2003-04-01,88.0,7805000.0,73300.0,311.0,3.9,2003.25,2003,2003,4,Tuesday,2,-25514.703
Texarkana,2003,5,2003-05-01,100.0,9825000.0,80000.0,430.0,5.4,2003.3334,2003,2003,5,Thursday,2,-18814.703
Texarkana,2003,6,2003-06-01,96.0,9015000.0,84300.0,,,2003.4166,2003,2003,6,Sunday,2,-14514.703
Texarkana,2003,7,2003-07-01,77.0,7255000.0,88100.0,,,2003.5,2003,2003,7,Tuesday,3,-10714.703
Texarkana,2003,8,2003-08-01,91.0,9890000.0,91200.0,,,2003.5834,2003,2003,8,Friday,3,-7614.703
Texarkana,2003,9,2003-09-01,84.0,8815000.0,87500.0,,,2003.6666,2003,2003,9,Monday,3,-11314.703
Texarkana,2003,10,2003-10-01,79.0,6935000.0,79500.0,,,2003.75,2003,2003,10,Wednesday,4,-19314.703
Texarkana,2003,11,2003-11-01,60.0,5600000.0,81200.0,513.0,6.2,2003.8334,2003,2003,11,Saturday,4,-17614.703
Texarkana,2003,12,2003-12-01,64.0,7405000.0,86700.0,,,2003.9166,2003,2003,12,Monday,4,-12114.703
Texarkana,2004,1,2004-01-01,58.0,6450000.0,85000.0,500.0,6.2,2004.0,2004,2004,1,Thursday,1,-13814.703
Texarkana,2004,2,2004-02-01,85.0,9925000.0,91900.0,,,2004.0834,2004,2004,2,Sunday,1,-6914.703
Texarkana,2004,3,2004-03-01,67.0,5965000.0,78500.0,507.0,6.4,2004.1666,2004,2004,3,Monday,1,-20314.703
Texarkana,2004,4,2004-04-01,92.0,9245000.0,83000.0,555.0,7.0,2004.25,2004,2004,4,Thursday,2,-15814.703
Texarkana,2004,5,2004-05-01,71.0,8785000.0,96500.0,557.0,7.2,2004.3334,2004,2004,5,Saturday,2,-2314.7031
Texarkana,2004,6,2004-06-01,100.0,9905000.0,91500.0,559.0,7.2,2004.4166,2004,2004,6,Tuesday,2,-7314.703
Texarkana,2004,7,2004-07-01,72.0,7265000.0,77800.0,566.0,7.4,2004.5,2004,2004,7,Thursday,3,-21014.703
Texarkana,2004,8,2004-08-01,84.0,9060000.0,97800.0,580.0,7.6,2004.5834,2004,2004,8,Sunday,3,-1014.7031
Texarkana,2004,9,2004-09-01,81.0,7490000.0,91200.0,559.0,7.3,2004.6666,2004,2004,9,Wednesday,3,-7614.703
Texarkana,2004,10,2004-10-01,102.0,10455000.0,86000.0,549.0,7.0,2004.75,2004,2004,10,Friday,4,-12814.703
Texarkana,2004,11,2004-11-01,96.0,9630000.0,86900.0,,,2004.8334,2004,2004,11,Monday,4,-11914.703
Texarkana,2004,12,2004-12-01,84.0,8535000.0,86700.0,,,2004.9166,2004,2004,12,Wednesday,4,-12114.703
Texarkana,2005,1,2005-01-01,68.0,6980000.0,86200.0,490.0,5.9,2005.0,2005,2005,1,Saturday,1,-12614.703
Texarkana,2005,2,2005-02-01,80.0,9175000.0,92500.0,,,2005.0834,2005,2005,2,Tuesday,1,-6314.703
Texarkana,2005,3,2005-03-01,102.0,10835000.0,83300.0,,,2005.1666,2005,2005,3,Tuesday,1,-15514.703
Texarkana,2005,4,2005-04-01,93.0,11720000.0,103600.0,,,2005.25,2005,2005,4,Friday,2,4785.297
Texarkana,2005,5,2005-05-01,88.0,9415000.0,93300.0,,,2005.3334,2005,2005,5,Sunday,2,-5514.703
Texarkana,2005,6,2005-06-01,108.0,11790000.0,90000.0,,,2005.4166,2005,2005,6,Wednesday,2,-8814.703
Texarkana,2005,7,2005-07-01,93.0,10185000.0,101200.0,,,2005.5,2005,2005,7,Friday,3,2385.2969
Texarkana,2005,8,2005-08-01,80.0,8265000.0,92500.0,545.0,6.1,2005.5834,2005,2005,8,Monday,3,-6314.703
Texarkana,2005,9,2005-09-01,84.0,11005000.0,112000.0,501.0,5.6,2005.6666,2005,2005,9,Thursday,3,13185.297
Texarkana,2005,10,2005-10-01,93.0,10465000.0,90800.0,,,2005.75,2005,2005,10,Saturday,4,-8014.703
Texarkana,2005,11,2005-11-01,114.0,12130000.0,96200.0,,,2005.8334,2005,2005,11,Tuesday,4,-2614.7031
Texarkana,2005,12,2005-12-01,82.0,9675000.0,93300.0,,,2005.9166,2005,2005,12,Thursday,4,-5514.703
Texarkana,2006,1,2006-01-01,74.0,6800000.0,87100.0,,,2006.0,2006,2006,1,Sunday,1,-11714.703
Texarkana,2006,2,2006-02-01,73.0,7860000.0,84500.0,,,2006.0834,2006,2006,2,Wednesday,1,-14314.703
Texarkana,2006,3,2006-03-01,101.0,10650000.0,85500.0,,,2006.1666,2006,2006,3,Wednesday,1,-13314.703
Texarkana,2006,4,2006-04-01,99.0,10590000.0,89400.0,,,2006.25,2006,2006,4,Saturday,2,-9414.703
Texarkana,2006,5,2006-05-01,99.0,11485000.0,98300.0,,,2006.3334,2006,2006,5,Monday,2,-514.7031
Texarkana,2006,6,2006-06-01,120.0,13390000.0,93300.0,,,2006.4166,2006,2006,6,Thursday,2,-5514.703
Texarkana,2006,7,2006-07-01,100.0,11570000.0,94300.0,,,2006.5,2006,2006,7,Saturday,3,-4514.703
Texarkana,2006,8,2006-08-01,104.0,11770000.0,90000.0,,,2006.5834,2006,2006,8,Tuesday,3,-8814.703
Texarkana,2006,9,2006-09-01,91.0,9280000.0,90700.0,,,2006.6666,2006,2006,9,Friday,3,-8114.703
Texarkana,2006,10,2006-10-01,83.0,9035000.0,91700.0,,,2006.75,2006,2006,10,Sunday,4,-7114.703
Texarkana,2006,11,2006-11-01,102.0,10720000.0,91400.0,,,2006.8334,2006,2006,11,Wednesday,4,-7414.703
Texarkana,2006,12,2006-12-01,84.0,10840000.0,122900.0,,,2006.9166,2006,2006,12,Friday,4,24085.297
Texarkana,2007,1,2007-01-01,75.0,8625000.0,96200.0,,,2007.0,2007,2007,1,Monday,1,-2614.7031
Texarkana,2007,2,2007-02-01,89.0,9895000.0,105000.0,,,2007.0834,2007,2007,2,Thursday,1,6185.297
Texarkana,2007,3,2007-03-01,102.0,11995000.0,90000.0,,,2007.1666,2007,2007,3,Thursday,1,-8814.703
Texarkana,2007,4,2007-04-01,97.0,10150000.0,93500.0,,,2007.25,2007,2007,4,Sunday,2,-5314.703
Texarkana,2007,5,2007-05-01,75.0,7135000.0,78100.0,,,2007.3334,2007,2007,5,Tuesday,2,-20714.703
Texarkana,2007,6,2007-06-01,96.0,12265000.0,107500.0,,,2007.4166,2007,2007,6,Friday,2,8685.297
Texarkana,2007,7,2007-07-01,94.0,13155000.0,131100.0,,,2007.5,2007,2007,7,Sunday,3,32285.297
Texarkana,2007,8,2007-08-01,83.0,11630000.0,112900.0,,,2007.5834,2007,2007,8,Wednesday,3,14085.297
Texarkana,2007,9,2007-09-01,70.0,9700000.0,120000.0,,,2007.6666,2007,2007,9,Saturday,3,21185.297
Texarkana,2007,10,2007-10-01,51.0,6590000.0,111700.0,,,2007.75,2007,2007,10,Monday,4,12885.297
Texarkana,2007,11,2007-11-01,65.0,7565000.0,108500.0,,,2007.8334,2007,2007,11,Thursday,4,9685.297
Texarkana,2007,12,2007-12-01,63.0,6550000.0,79400.0,530.0,6.6,2007.9166,2007,2007,12,Saturday,4,-19414.703
Texarkana,2008,1,2008-01-01,51.0,5555000.0,101400.0,539.0,6.9,2008.0,2008,2008,1,Tuesday,1,2585.2969
Texarkana,2008,2,2008-02-01,65.0,7395000.0,94200.0,599.0,7.9,2008.0834,2008,2008,2,Friday,1,-4614.703
Texarkana,2008,3,2008-03-01,64.0,6990000.0,98000.0,634.0,8.7,2008.1666,2008,2008,3,Saturday,1,-814.7031
Texarkana,2008,4,2008-04-01,90.0,10050000.0,100000.0,558.0,7.7,2008.25,2008,2008,4,Tuesday,2,1185.2969
Texarkana,2008,5,2008-05-01,93.0,9935000.0,97500.0,577.0,7.8,2008.3334,2008,2008,5,Thursday,2,-1314.7031
Texarkana,2008,6,2008-06-01,97.0,12160000.0,101000.0,623.0,8.4,2008.4166,2008,2008,6,Sunday,2,2185.2969
Texarkana,2008,7,2008-07-01,94.0,12855000.0,124200.0,584.0,7.9,2008.5,2008,2008,7,Tuesday,3,25385.297
Texarkana,2008,8,2008-08-01,95.0,10580000.0,88800.0,570.0,7.6,2008.5834,2008,2008,8,Friday,3,-10014.703
Texarkana,2008,9,2008-09-01,69.0,7940000.0,99300.0,586.0,7.8,2008.6666,2008,2008,9,Monday,3,485.29688
Texarkana,2008,10,2008-10-01,67.0,9400000.0,131200.0,577.0,7.6,2008.75,2008,2008,10,Wednesday,4,32385.297
Texarkana,2008,11,2008-11-01,49.0,5255000.0,80800.0,556.0,7.4,2008.8334,2008,2008,11,Saturday,4,-18014.703
Texarkana,2008,12,2008-12-01,73.0,7965000.0,89300.0,532.0,7.0,2008.9166,2008,2008,12,Monday,4,-9514.703
Texarkana,2009,1,2009-01-01,39.0,4775000.0,95800.0,553.0,7.4,2009.0,2009,2009,1,Thursday,1,-3014.7031
Texarkana,2009,2,2009-02-01,53.0,6190000.0,107100.0,562.0,7.6,2009.0834,2009,2009,2,Sunday,1,8285.297
Texarkana,2009,3,2009-03-01,64.0,7575000.0,120000.0,576.0,7.8,2009.1666,2009,2009,3,Sunday,1,21185.297
Texarkana,2009,4,2009-04-01,57.0,6595000.0,102000.0,597.0,8.4,2009.25,2009,2009,4,Wednesday,2,3185.2969
Texarkana,2009,5,2009-05-01,84.0,11180000.0,110900.0,547.0,7.8,2009.3334,2009,2009,5,Friday,2,12085.297
Texarkana,2009,6,2009-06-01,94.0,11510000.0,100000.0,574.0,8.2,2009.4166,2009,2009,6,Monday,2,1185.2969
Texarkana,2009,7,2009-07-01,70.0,8050000.0,115600.0,598.0,8.8,2009.5,2009,2009,7,Wednesday,3,16785.297
Texarkana,2009,8,2009-08-01,85.0,9880000.0,111000.0,582.0,8.7,2009.5834,2009,2009,8,Saturday,3,12185.297
Texarkana,2009,9,2009-09-01,72.0,8300000.0,97500.0,592.0,8.8,2009.6666,2009,2009,9,Tuesday,3,-1314.7031
Texarkana,2009,10,2009-10-01,69.0,10318260.0,138600.0,602.0,8.9,2009.75,2009,2009,10,Thursday,4,39785.297
Texarkana,2009,11,2009-11-01,61.0,6852100.0,99200.0,593.0,8.7,2009.8334,2009,2009,11,Sunday,4,385.29688
Texarkana,2009,12,2009-12-01,63.0,7864050.0,110000.0,567.0,8.4,2009.9166,2009,2009,12,Tuesday,4,11185.297
Texarkana,2010,1,2010-01-01,49.0,6398006.0,110000.0,566.0,8.3,2010.0,2010,2010,1,Friday,1,11185.297
Texarkana,2010,2,2010-02-01,62.0,6833422.0,131400.0,567.0,8.2,2010.0834,2010,2010,2,Monday,1,32585.297
Texarkana,2010,3,2010-03-01,113.0,6398006.0,71700.0,566.0,7.7,2010.1666,2010,2010,3,Monday,1,-27114.703
Texarkana,2010,4,2010-04-01,85.0,9997020.0,105000.0,634.0,8.4,2010.25,2010,2010,4,Thursday,2,6185.297
Texarkana,2010,5,2010-05-01,88.0,11738331.0,112000.0,653.0,8.6,2010.3334,2010,2010,5,Saturday,2,13185.297
Texarkana,2010,6,2010-06-01,77.0,11879618.0,143000.0,634.0,8.5,2010.4166,2010,2010,6,Tuesday,2,44185.297
Texarkana,2010,7,2010-07-01,73.0,10829150.0,125000.0,680.0,9.1,2010.5,2010,2010,7,Thursday,3,26185.297
Texarkana,2010,8,2010-08-01,84.0,9717825.0,104300.0,694.0,9.3,2010.5834,2010,2010,8,Sunday,3,5485.297
Texarkana,2010,9,2010-09-01,85.0,11025261.0,123800.0,680.0,9.0,2010.6666,2010,2010,9,Wednesday,3,24985.297
Texarkana,2010,10,2010-10-01,60.0,8367500.0,125000.0,677.0,9.0,2010.75,2010,2010,10,Friday,4,26185.297
Texarkana,2010,11,2010-11-01,55.0,6929225.0,102500.0,670.0,9.0,2010.8334,2010,2010,11,Monday,4,3685.2969
Texarkana,2010,12,2010-12-01,71.0,7787287.0,88100.0,684.0,9.1,2010.9166,2010,2010,12,Wednesday,4,-10714.703
Texarkana,2011,1,2011-01-01,52.0,6926150.0,113300.0,676.0,9.0,2011.0,2011,2011,1,Saturday,1,14485.297
Texarkana,2011,2,2011-02-01,51.0,6023947.0,110000.0,688.0,9.2,2011.0834,2011,2011,2,Tuesday,1,11185.297
Texarkana,2011,3,2011-03-01,86.0,9781964.0,95000.0,716.0,9.9,2011.1666,2011,2011,3,Tuesday,1,-3814.7031
Texarkana,2011,4,2011-04-01,73.0,8382625.0,107800.0,699.0,9.8,2011.25,2011,2011,4,Friday,2,8985.297
Texarkana,2011,5,2011-05-01,53.0,6372930.0,98800.0,733.0,10.7,2011.3334,2011,2011,5,Sunday,2,-14.703125
Texarkana,2011,6,2011-06-01,88.0,10979751.0,106700.0,745.0,10.8,2011.4166,2011,2011,6,Wednesday,2,7885.297
Texarkana,2011,7,2011-07-01,100.0,11983703.0,106700.0,745.0,10.4,2011.5,2011,2011,7,Friday,3,7885.297
Texarkana,2011,8,2011-08-01,85.0,9905896.0,106200.0,706.0,9.9,2011.5834,2011,2011,8,Monday,3,7385.297
Texarkana,2011,9,2011-09-01,77.0,9014512.0,114200.0,707.0,10.0,2011.6666,2011,2011,9,Thursday,3,15385.297
Texarkana,2011,10,2011-10-01,80.0,8329606.0,80000.0,733.0,10.1,2011.75,2011,2011,10,Saturday,4,-18814.703
Texarkana,2011,11,2011-11-01,75.0,9117290.0,92500.0,695.0,9.4,2011.8334,2011,2011,11,Tuesday,4,-6314.703
Texarkana,2011,12,2011-12-01,64.0,6822199.0,93300.0,642.0,8.7,2011.9166,2011,2011,12,Thursday,4,-5514.703
Texarkana,2012,1,2012-01-01,50.0,5202793.0,92000.0,660.0,9.0,2012.0,2012,2012,1,Sunday,1,-6814.703
Texarkana,2012,2,2012-02-01,78.0,7525140.0,81400.0,619.0,8.2,2012.0834,2012,2012,2,Wednesday,1,-17414.703
Texarkana,2012,3,2012-03-01,66.0,8301273.0,105000.0,619.0,8.4,2012.1666,2012,2012,3,Thursday,1,6185.297
Texarkana,2012,4,2012-04-01,79.0,10887299.0,108800.0,638.0,8.6,2012.25,2012,2012,4,Sunday,2,9985.297
Texarkana,2012,5,2012-05-01,68.0,8542940.0,103300.0,683.0,9.0,2012.3334,2012,2012,5,Tuesday,2,4485.297
Texarkana,2012,6,2012-06-01,88.0,10809212.0,108600.0,703.0,9.3,2012.4166,2012,2012,6,Friday,2,9785.297
Texarkana,2012,7,2012-07-01,79.0,10242370.0,111700.0,720.0,9.7,2012.5,2012,2012,7,Sunday,3,12885.297
Texarkana,2012,8,2012-08-01,84.0,9890000.0,110000.0,,,2012.5834,2012,2012,8,Wednesday,3,11185.297
Texarkana,2012,9,2012-09-01,57.0,6317154.0,101700.0,723.0,10.0,2012.6666,2012,2012,9,Saturday,3,2885.2969
Texarkana,2012,10,2012-10-01,99.0,11520000.0,108800.0,676.0,9.1,2012.75,2012,2012,10,Monday,4,9985.297
Texarkana,2012,11,2012-11-01,75.0,8815000.0,102500.0,666.0,9.0,2012.8334,2012,2012,11,Thursday,4,3685.2969
Texarkana,2012,12,2012-12-01,72.0,8150000.0,107300.0,,,2012.9166,2012,2012,12,Saturday,4,8485.297
Texarkana,2013,1,2013-01-01,41.0,5101567.0,121400.0,490.0,6.6,2013.0,2013,2013,1,Tuesday,1,22585.297
Texarkana,2013,2,2013-02-01,41.0,4337903.0,108300.0,516.0,7.3,2013.0834,2013,2013,2,Friday,1,9485.297
Texarkana,2013,3,2013-03-01,56.0,6937448.0,108600.0,694.0,9.9,2013.1666,2013,2013,3,Friday,1,9785.297
Texarkana,2013,4,2013-04-01,74.0,9542313.0,105000.0,752.0,10.8,2013.25,2013,2013,4,Monday,2,6185.297
Texarkana,2013,5,2013-05-01,85.0,11895239.0,138300.0,724.0,10.2,2013.3334,2013,2013,5,Wednesday,2,39485.297
Texarkana,2013,6,2013-06-01,79.0,9857074.0,114000.0,800.0,11.4,2013.4166,2013,2013,6,Saturday,2,15185.297
Texarkana,2013,7,2013-07-01,79.0,12209694.0,114400.0,825.0,11.8,2013.5,2013,2013,7,Monday,3,15585.297
Texarkana,2013,8,2013-08-01,79.0,12209694.0,114400.0,825.0,11.8,2013.5834,2013,2013,8,Thursday,3,15585.297
Texarkana,2013,9,2013-09-01,99.0,15063364.0,118000.0,815.0,11.1,2013.6666,2013,2013,9,Sunday,3,19185.297
Texarkana,2013,10,2013-10-01,83.0,13927429.0,121700.0,820.0,11.4,2013.75,2013,2013,10,Tuesday,4,22885.297
Texarkana,2013,11,2013-11-01,71.0,10655633.0,133000.0,791.0,11.1,2013.8334,2013,2013,11,Friday,4,34185.297
Texarkana,2013,12,2013-12-01,72.0,8769681.0,100000.0,752.0,10.5,2013.9166,2013,2013,12,Sunday,4,1185.2969
Texarkana,2014,1,2014-01-01,73.0,8179495.0,108800.0,312.0,4.2,2014.0,2014,2014,1,Wednesday,1,9985.297
Texarkana,2014,2,2014-02-01,63.0,8228872.0,102500.0,768.0,10.1,2014.0834,2014,2014,2,Saturday,1,3685.2969
Texarkana,2014,3,2014-03-01,89.0,11081961.0,112500.0,816.0,10.4,2014.1666,2014,2014,3,Saturday,1,13685.297
Texarkana,2014,4,2014-04-01,92.0,10003800.0,94300.0,823.0,10.2,2014.25,2014,2014,4,Tuesday,2,-4514.703
Texarkana,2014,5,2014-05-01,87.0,9490154.0,93600.0,832.0,10.3,2014.3334,2014,2014,5,Thursday,2,-5214.703
Texarkana,2014,6,2014-06-01,96.0,13765168.0,116700.0,856.0,10.4,2014.4166,2014,2014,6,Sunday,2,17885.297
Texarkana,2014,7,2014-07-01,100.0,14680941.0,112700.0,855.0,10.2,2014.5,2014,2014,7,Tuesday,3,13885.297
Texarkana,2014,8,2014-08-01,88.0,11204934.0,102500.0,843.0,10.0,2014.5834,2014,2014,8,Friday,3,3685.2969
Texarkana,2014,9,2014-09-01,89.0,10752370.0,99000.0,821.0,9.8,2014.6666,2014,2014,9,Monday,3,185.29688
Texarkana,2014,10,2014-10-01,94.0,10408861.0,95000.0,797.0,9.4,2014.75,2014,2014,10,Wednesday,4,-3814.7031
Texarkana,2014,11,2014-11-01,72.0,9713525.0,113300.0,782.0,9.2,2014.8334,2014,2014,11,Saturday,4,14485.297
Texarkana,2014,12,2014-12-01,84.0,11345387.0,96700.0,729.0,8.5,2014.9166,2014,2014,12,Monday,4,-2114.7031
Texarkana,2015,1,2015-01-01,75.0,9330521.0,101400.0,317.0,3.7,2015.0,2015,2015,1,Thursday,1,2585.2969
Texarkana,2015,2,2015-02-01,85.0,9470964.0,93500.0,438.0,5.0,2015.0834,2015,2015,2,Sunday,1,-5314.703
Texarkana,2015,3,2015-03-01,92.0,11891170.0,108000.0,525.0,6.0,2015.1666,2015,2015,3,Sunday,1,9185.297
Texarkana,2015,4,2015-04-01,92.0,11876388.0,107300.0,579.0,6.6,2015.25,2015,2015,4,Wednesday,2,8485.297
Texarkana,2015,5,2015-05-01,105.0,16125371.0,118600.0,663.0,7.4,2015.3334,2015,2015,5,Friday,2,19785.297
Texarkana,2015,6,2015-06-01,152.0,22132772.0,131100.0,701.0,7.5,2015.4166,2015,2015,6,Monday,2,32285.297
Texarkana,2015,7,2015-07-01,103.0,14802267.0,121400.0,776.0,8.2,2015.5,2015,2015,7,Wednesday,3,22585.297
Tyler,2000,1,2000-01-01,113.0,12425000.0,85800.0,1438.0,8.4,2000.0,2000,2000,1,Saturday,1,-41091.977
Tyler,2000,2,2000-02-01,142.0,14470000.0,86200.0,1483.0,8.7,2000.0834,2000,2000,2,Tuesday,1,-40691.977
Tyler,2000,3,2000-03-01,201.0,20860000.0,87800.0,1438.0,8.4,2000.1666,2000,2000,3,Wednesday,1,-39091.977
Tyler,2000,4,2000-04-01,169.0,20475000.0,94600.0,1564.0,9.2,2000.25,2000,2000,4,Saturday,2,-32291.977
Tyler,2000,5,2000-05-01,191.0,22775000.0,95000.0,1564.0,9.2,2000.3334,2000,2000,5,Monday,2,-31891.977
Tyler,2000,6,2000-06-01,201.0,23470000.0,94700.0,1585.0,9.3,2000.4166,2000,2000,6,Thursday,2,-32191.977
Tyler,2000,7,2000-07-01,191.0,23070000.0,97900.0,1576.0,9.3,2000.5,2000,2000,7,Saturday,3,-28991.977
Tyler,2000,8,2000-08-01,198.0,22855000.0,99000.0,1574.0,9.3,2000.5834,2000,2000,8,Tuesday,3,-27891.977
Tyler,2000,9,2000-09-01,152.0,17355000.0,97500.0,1585.0,9.5,2000.6666,2000,2000,9,Friday,3,-29391.977
Tyler,2000,10,2000-10-01,164.0,17030000.0,86400.0,1490.0,9.0,2000.75,2000,2000,10,Sunday,4,-40491.977
Tyler,2000,11,2000-11-01,154.0,18140000.0,98800.0,1442.0,8.5,2000.8334,2000,2000,11,Wednesday,4,-28091.977
Tyler,2000,12,2000-12-01,123.0,13525000.0,92500.0,1331.0,8.0,2000.9166,2000,2000,12,Friday,4,-34391.977
Tyler,2001,1,2001-01-01,109.0,12885000.0,95000.0,1439.0,8.7,2001.0,2001,2001,1,Monday,1,-31891.977
Tyler,2001,2,2001-02-01,140.0,15640000.0,88600.0,1472.0,8.9,2001.0834,2001,2001,2,Thursday,1,-38291.977
Tyler,2001,3,2001-03-01,166.0,18375000.0,98900.0,1505.0,9.2,2001.1666,2001,2001,3,Thursday,1,-27991.977
Tyler,2001,4,2001-04-01,184.0,22760000.0,101200.0,1529.0,9.3,2001.25,2001,2001,4,Sunday,2,-25691.977
Tyler,2001,5,2001-05-01,193.0,22975000.0,99500.0,1615.0,9.8,2001.3334,2001,2001,5,Tuesday,2,-27391.977
Tyler,2001,6,2001-06-01,195.0,28075000.0,120400.0,1582.0,9.6,2001.4166,2001,2001,6,Friday,2,-6491.9766
Tyler,2001,7,2001-07-01,184.0,24410000.0,103500.0,1599.0,9.8,2001.5,2001,2001,7,Sunday,3,-23391.977
Tyler,2001,8,2001-08-01,224.0,28365000.0,105700.0,1539.0,9.3,2001.5834,2001,2001,8,Wednesday,3,-21191.977
Tyler,2001,9,2001-09-01,162.0,19810000.0,95000.0,1535.0,9.2,2001.6666,2001,2001,9,Saturday,3,-31891.977
Tyler,2001,10,2001-10-01,194.0,22350000.0,104800.0,1453.0,8.6,2001.75,2001,2001,10,Monday,4,-22091.977
Tyler,2001,11,2001-11-01,168.0,21010000.0,107500.0,1390.0,8.2,2001.8334,2001,2001,11,Thursday,4,-19391.977
Tyler,2001,12,2001-12-01,147.0,16665000.0,97700.0,1278.0,7.4,2001.9166,2001,2001,12,Saturday,4,-29191.977
Tyler,2002,1,2002-01-01,114.0,12140000.0,85000.0,1386.0,8.0,2002.0,2002,2002,1,Tuesday,1,-41891.977
Tyler,2002,2,2002-02-01,180.0,21460000.0,100900.0,1432.0,8.1,2002.0834,2002,2002,2,Friday,1,-25991.977
Tyler,2002,3,2002-03-01,163.0,21090000.0,97300.0,1494.0,8.5,2002.1666,2002,2002,3,Friday,1,-29591.977
Tyler,2002,4,2002-04-01,166.0,19315000.0,92000.0,1556.0,8.9,2002.25,2002,2002,4,Monday,2,-34891.977
Tyler,2002,5,2002-05-01,226.0,28945000.0,105800.0,1611.0,9.1,2002.3334,2002,2002,5,Wednesday,2,-21091.977
Tyler,2002,6,2002-06-01,207.0,28095000.0,114100.0,1662.0,9.3,2002.4166,2002,2002,6,Saturday,2,-12791.977
Tyler,2002,7,2002-07-01,182.0,21670000.0,103500.0,1666.0,9.4,2002.5,2002,2002,7,Monday,3,-23391.977
Tyler,2002,8,2002-08-01,232.0,28795000.0,100000.0,1622.0,9.1,2002.5834,2002,2002,8,Thursday,3,-26891.977
Tyler,2002,9,2002-09-01,163.0,20845000.0,103700.0,1597.0,8.9,2002.6666,2002,2002,9,Sunday,3,-23191.977
Tyler,2002,10,2002-10-01,161.0,17920000.0,91500.0,1578.0,9.0,2002.75,2002,2002,10,Tuesday,4,-35391.977
Tyler,2002,11,2002-11-01,136.0,17780000.0,112600.0,1516.0,8.8,2002.8334,2002,2002,11,Friday,4,-14291.977
Tyler,2002,12,2002-12-01,146.0,20205000.0,111000.0,1370.0,7.9,2002.9166,2002,2002,12,Sunday,4,-15891.977
Tyler,2003,1,2003-01-01,117.0,14960000.0,107900.0,1511.0,8.7,2003.0,2003,2003,1,Wednesday,1,-18991.977
Tyler,2003,2,2003-02-01,133.0,17045000.0,108100.0,1616.0,9.5,2003.0834,2003,2003,2,Saturday,1,-18791.977
Tyler,2003,3,2003-03-01,167.0,22140000.0,114600.0,1717.0,10.1,2003.1666,2003,2003,3,Saturday,1,-12291.977
Tyler,2003,4,2003-04-01,187.0,24190000.0,111700.0,1737.0,10.1,2003.25,2003,2003,4,Tuesday,2,-15191.977
Tyler,2003,5,2003-05-01,198.0,26595000.0,109700.0,1778.0,10.5,2003.3334,2003,2003,5,Thursday,2,-17191.977
Tyler,2003,6,2003-06-01,187.0,25760000.0,117100.0,1779.0,10.6,2003.4166,2003,2003,6,Sunday,2,-9791.977
Tyler,2003,7,2003-07-01,214.0,29440000.0,115400.0,1379.0,8.1,2003.5,2003,2003,7,Tuesday,3,-11491.977
Tyler,2003,8,2003-08-01,224.0,31420000.0,121400.0,1329.0,7.8,2003.5834,2003,2003,8,Friday,3,-5491.9766
Tyler,2003,9,2003-09-01,185.0,24660000.0,112900.0,1311.0,7.7,2003.6666,2003,2003,9,Monday,3,-13991.977
Tyler,2003,10,2003-10-01,183.0,21760000.0,107200.0,1319.0,7.6,2003.75,2003,2003,10,Wednesday,4,-19691.977
Tyler,2003,11,2003-11-01,142.0,21075000.0,117000.0,1314.0,7.6,2003.8334,2003,2003,11,Saturday,4,-9891.977
Tyler,2003,12,2003-12-01,214.0,26855000.0,105000.0,1944.0,10.8,2003.9166,2003,2003,12,Monday,4,-21891.977
Tyler,2004,1,2004-01-01,119.0,15825000.0,120500.0,1357.0,7.6,2004.0,2004,2004,1,Thursday,1,-6391.9766
Tyler,2004,2,2004-02-01,187.0,23050000.0,102100.0,1887.0,10.3,2004.0834,2004,2004,2,Sunday,1,-24791.977
Tyler,2004,3,2004-03-01,230.0,32740000.0,116100.0,2047.0,10.8,2004.1666,2004,2004,3,Monday,1,-10791.977
Tyler,2004,4,2004-04-01,245.0,35100000.0,117700.0,2037.0,10.5,2004.25,2004,2004,4,Thursday,2,-9191.977
Tyler,2004,5,2004-05-01,293.0,42360000.0,122800.0,2054.0,10.2,2004.3334,2004,2004,5,Saturday,2,-4091.9766
Tyler,2004,6,2004-06-01,322.0,49580000.0,125900.0,2096.0,9.8,2004.4166,2004,2004,6,Tuesday,2,-991.97656
Tyler,2004,7,2004-07-01,275.0,37870000.0,114400.0,2089.0,9.6,2004.5,2004,2004,7,Thursday,3,-12491.977
Tyler,2004,8,2004-08-01,291.0,37885000.0,116000.0,2026.0,9.1,2004.5834,2004,2004,8,Sunday,3,-10891.977
Tyler,2004,9,2004-09-01,282.0,40265000.0,124300.0,2073.0,8.9,2004.6666,2004,2004,9,Wednesday,3,-2591.9766
Tyler,2004,10,2004-10-01,252.0,34515000.0,115800.0,2040.0,8.6,2004.75,2004,2004,10,Friday,4,-11091.977
Tyler,2004,11,2004-11-01,212.0,32350000.0,128700.0,2034.0,8.4,2004.8334,2004,2004,11,Monday,4,1808.0234
Tyler,2004,12,2004-12-01,252.0,34690000.0,124600.0,1944.0,7.9,2004.9166,2004,2004,12,Wednesday,4,-2291.9766
Tyler,2005,1,2005-01-01,179.0,23210000.0,112600.0,1982.0,7.9,2005.0,2005,2005,1,Saturday,1,-14291.977
Tyler,2005,2,2005-02-01,201.0,28115000.0,114800.0,2066.0,8.2,2005.0834,2005,2005,2,Tuesday,1,-12091.977
Tyler,2005,3,2005-03-01,270.0,41760000.0,121800.0,2132.0,8.3,2005.1666,2005,2005,3,Tuesday,1,-5091.9766
Tyler,2005,4,2005-04-01,280.0,41230000.0,127700.0,2113.0,8.2,2005.25,2005,2005,4,Friday,2,808.02344
Tyler,2005,5,2005-05-01,308.0,50545000.0,130300.0,2164.0,8.3,2005.3334,2005,2005,5,Sunday,2,3408.0234
Tyler,2005,6,2005-06-01,313.0,52620000.0,134600.0,2148.0,8.3,2005.4166,2005,2005,6,Wednesday,2,7708.0234
Tyler,2005,7,2005-07-01,352.0,55265000.0,128500.0,2157.0,8.1,2005.5,2005,2005,7,Friday,3,1608.0234
Tyler,2005,8,2005-08-01,384.0,55670000.0,122000.0,2138.0,7.8,2005.5834,2005,2005,8,Monday,3,-4891.9766
Tyler,2005,9,2005-09-01,262.0,38670000.0,123400.0,2067.0,7.6,2005.6666,2005,2005,9,Thursday,3,-3491.9766
Tyler,2005,10,2005-10-01,289.0,42680000.0,123100.0,2099.0,7.6,2005.75,2005,2005,10,Saturday,4,-3791.9766
Tyler,2005,11,2005-11-01,247.0,34305000.0,120800.0,2051.0,7.4,2005.8334,2005,2005,11,Tuesday,4,-6091.9766
Tyler,2005,12,2005-12-01,246.0,34465000.0,121300.0,1951.0,7.0,2005.9166,2005,2005,12,Thursday,4,-5591.9766
Tyler,2006,1,2006-01-01,185.0,24350000.0,120300.0,2084.0,7.5,2006.0,2006,2006,1,Sunday,1,-6591.9766
Tyler,2006,2,2006-02-01,244.0,34245000.0,120000.0,2093.0,7.4,2006.0834,2006,2006,2,Wednesday,1,-6891.9766
Tyler,2006,3,2006-03-01,317.0,47280000.0,128100.0,2205.0,7.7,2006.1666,2006,2006,3,Wednesday,1,1208.0234
Tyler,2006,4,2006-04-01,286.0,46115000.0,134900.0,2273.0,7.9,2006.25,2006,2006,4,Saturday,2,8008.0234
Tyler,2006,5,2006-05-01,363.0,62700000.0,136000.0,2381.0,8.2,2006.3334,2006,2006,5,Monday,2,9108.023
Tyler,2006,6,2006-06-01,386.0,63135000.0,134200.0,2489.0,8.4,2006.4166,2006,2006,6,Thursday,2,7308.0234
Tyler,2006,7,2006-07-01,344.0,58425000.0,139100.0,2469.0,8.3,2006.5,2006,2006,7,Saturday,3,12208.023
Tyler,2006,8,2006-08-01,390.0,60285000.0,133700.0,2433.0,8.2,2006.5834,2006,2006,8,Tuesday,3,6808.0234
Tyler,2006,9,2006-09-01,304.0,45925000.0,132100.0,2483.0,8.3,2006.6666,2006,2006,9,Friday,3,5208.0234
Tyler,2006,10,2006-10-01,269.0,39615000.0,127100.0,2457.0,8.2,2006.75,2006,2006,10,Sunday,4,208.02344
Tyler,2006,11,2006-11-01,251.0,39945000.0,132200.0,2349.0,7.9,2006.8334,2006,2006,11,Wednesday,4,5308.0234
Tyler,2006,12,2006-12-01,283.0,41825000.0,127600.0,2295.0,7.6,2006.9166,2006,2006,12,Friday,4,708.02344
Tyler,2007,1,2007-01-01,200.0,33950000.0,136300.0,2348.0,7.7,2007.0,2007,2007,1,Monday,1,9408.023
Tyler,2007,2,2007-02-01,253.0,36850000.0,130000.0,2448.0,8.1,2007.0834,2007,2007,2,Thursday,1,3108.0234
Tyler,2007,3,2007-03-01,300.0,45345000.0,128500.0,2649.0,8.8,2007.1666,2007,2007,3,Thursday,1,1608.0234
Tyler,2007,4,2007-04-01,318.0,51850000.0,132200.0,2723.0,8.9,2007.25,2007,2007,4,Sunday,2,5308.0234
Tyler,2007,5,2007-05-01,376.0,61645000.0,137700.0,2862.0,9.3,2007.3334,2007,2007,5,Tuesday,2,10808.023
Tyler,2007,6,2007-06-01,343.0,59405000.0,142500.0,2926.0,9.7,2007.4166,2007,2007,6,Friday,2,15608.023
Tyler,2007,7,2007-07-01,359.0,58290000.0,138400.0,2969.0,9.8,2007.5,2007,2007,7,Sunday,3,11508.023
Tyler,2007,8,2007-08-01,366.0,58035000.0,132800.0,2898.0,9.6,2007.5834,2007,2007,8,Wednesday,3,5908.0234
Tyler,2007,9,2007-09-01,294.0,48870000.0,139000.0,2901.0,9.6,2007.6666,2007,2007,9,Saturday,3,12108.023
Tyler,2007,10,2007-10-01,273.0,40130000.0,126600.0,2866.0,9.5,2007.75,2007,2007,10,Monday,4,-291.97656
Tyler,2007,11,2007-11-01,265.0,41310000.0,134800.0,2684.0,8.9,2007.8334,2007,2007,11,Thursday,4,7908.0234
Tyler,2007,12,2007-12-01,248.0,34040000.0,126700.0,2737.0,9.1,2007.9166,2007,2007,12,Saturday,4,-191.97656
Tyler,2008,1,2008-01-01,169.0,25530000.0,126200.0,2777.0,9.4,2008.0,2008,2008,1,Tuesday,1,-691.97656
Tyler,2008,2,2008-02-01,211.0,30965000.0,130700.0,2703.0,9.2,2008.0834,2008,2008,2,Friday,1,3808.0234
Tyler,2008,3,2008-03-01,283.0,44050000.0,130300.0,2842.0,9.7,2008.1666,2008,2008,3,Saturday,1,3408.0234
Tyler,2008,4,2008-04-01,286.0,49515000.0,135500.0,2849.0,9.8,2008.25,2008,2008,4,Tuesday,2,8608.023
Tyler,2008,5,2008-05-01,345.0,56310000.0,135900.0,2955.0,10.3,2008.3334,2008,2008,5,Thursday,2,9008.023
Tyler,2008,6,2008-06-01,295.0,52115000.0,145400.0,3003.0,10.6,2008.4166,2008,2008,6,Sunday,2,18508.023
Tyler,2008,7,2008-07-01,308.0,49570000.0,133600.0,3044.0,10.9,2008.5,2008,2008,7,Tuesday,3,6708.0234
Tyler,2008,8,2008-08-01,340.0,57415000.0,135000.0,2975.0,10.8,2008.5834,2008,2008,8,Friday,3,8108.0234
Tyler,2008,9,2008-09-01,279.0,39520000.0,129200.0,2927.0,10.6,2008.6666,2008,2008,9,Monday,3,2308.0234
Tyler,2008,10,2008-10-01,212.0,34075000.0,139000.0,2897.0,10.7,2008.75,2008,2008,10,Wednesday,4,12108.023
Tyler,2008,11,2008-11-01,164.0,25505000.0,122700.0,2815.0,10.8,2008.8334,2008,2008,11,Saturday,4,-4191.9766
Tyler,2008,12,2008-12-01,186.0,30440000.0,133800.0,2610.0,10.2,2008.9166,2008,2008,12,Monday,4,6908.0234
Tyler,2009,1,2009-01-01,149.0,20910000.0,115600.0,2624.0,10.3,2009.0,2009,2009,1,Thursday,1,-11291.977
Tyler,2009,2,2009-02-01,178.0,27700000.0,136000.0,2681.0,10.6,2009.0834,2009,2009,2,Sunday,1,9108.023
Tyler,2009,3,2009-03-01,231.0,33760000.0,126800.0,2732.0,11.0,2009.1666,2009,2009,3,Sunday,1,-91.97656
Tyler,2009,4,2009-04-01,221.0,33000000.0,132600.0,2842.0,11.7,2009.25,2009,2009,4,Wednesday,2,5708.0234
Tyler,2009,5,2009-05-01,216.0,33305000.0,132700.0,2890.0,12.5,2009.3334,2009,2009,5,Friday,2,5808.0234
Tyler,2009,6,2009-06-01,299.0,49930000.0,139300.0,2977.0,12.8,2009.4166,2009,2009,6,Monday,2,12408.023
Tyler,2009,7,2009-07-01,325.0,50080000.0,131400.0,2955.0,12.7,2009.5,2009,2009,7,Wednesday,3,4508.0234
Tyler,2009,8,2009-08-01,280.0,42645000.0,129800.0,2921.0,12.8,2009.5834,2009,2009,8,Saturday,3,2908.0234
Tyler,2009,9,2009-09-01,272.0,43515000.0,142000.0,2858.0,12.5,2009.6666,2009,2009,9,Tuesday,3,15108.023
Tyler,2009,10,2009-10-01,273.0,45175899.0,136500.0,2866.0,12.3,2009.75,2009,2009,10,Thursday,4,9608.023
Tyler,2009,11,2009-11-01,223.0,31849989.0,127900.0,2815.0,11.8,2009.8334,2009,2009,11,Sunday,4,1008.02344
Tyler,2009,12,2009-12-01,207.0,33386051.0,131400.0,2642.0,11.0,2009.9166,2009,2009,12,Tuesday,4,4508.0234
Tyler,2010,1,2010-01-01,160.0,25486823.0,138900.0,2727.0,11.3,2010.0,2010,2010,1,Friday,1,12008.023
Tyler,2010,2,2010-02-01,181.0,30139212.0,131500.0,2763.0,11.5,2010.0834,2010,2010,2,Monday,1,4608.0234
Tyler,2010,3,2010-03-01,250.0,35866355.0,130000.0,2729.0,11.3,2010.1666,2010,2010,3,Monday,1,3108.0234
Tyler,2010,4,2010-04-01,316.0,49914078.0,133200.0,3014.0,12.0,2010.25,2010,2010,4,Thursday,2,6308.0234
Tyler,2010,5,2010-05-01,282.0,48445087.0,142000.0,3175.0,12.4,2010.3334,2010,2010,5,Saturday,2,15108.023
Tyler,2010,6,2010-06-01,262.0,44327352.0,139400.0,3294.0,13.0,2010.4166,2010,2010,6,Tuesday,2,12508.023
Tyler,2010,7,2010-07-01,255.0,40930454.0,135700.0,3272.0,13.3,2010.5,2010,2010,7,Thursday,3,8808.023
Tyler,2010,8,2010-08-01,238.0,39737424.0,143100.0,3267.0,13.4,2010.5834,2010,2010,8,Sunday,3,16208.023
Tyler,2010,9,2010-09-01,220.0,32134702.0,132900.0,3296.0,13.8,2010.6666,2010,2010,9,Wednesday,3,6008.0234
Tyler,2010,10,2010-10-01,202.0,32087160.0,136000.0,3156.0,13.5,2010.75,2010,2010,10,Friday,4,9108.023
Tyler,2010,11,2010-11-01,155.0,24411253.0,130000.0,3042.0,13.4,2010.8334,2010,2010,11,Monday,4,3108.0234
Tyler,2010,12,2010-12-01,209.0,32680791.0,129400.0,2878.0,12.7,2010.9166,2010,2010,12,Wednesday,4,2508.0234
Tyler,2011,1,2011-01-01,143.0,21049848.0,120600.0,2852.0,12.6,2011.0,2011,2011,1,Saturday,1,-6291.9766
Tyler,2011,2,2011-02-01,181.0,28320354.0,128800.0,2938.0,13.0,2011.0834,2011,2011,2,Tuesday,1,1908.0234
Tyler,2011,3,2011-03-01,241.0,39049488.0,134200.0,3101.0,13.8,2011.1666,2011,2011,3,Tuesday,1,7308.0234
Tyler,2011,4,2011-04-01,253.0,40493449.0,135100.0,3196.0,14.5,2011.25,2011,2011,4,Friday,2,8208.023
Tyler,2011,5,2011-05-01,271.0,46763383.0,136100.0,3266.0,14.9,2011.3334,2011,2011,5,Sunday,2,9208.023
Tyler,2011,6,2011-06-01,313.0,52319385.0,145800.0,3256.0,14.6,2011.4166,2011,2011,6,Wednesday,2,18908.023
Tyler,2011,7,2011-07-01,278.0,45840343.0,139200.0,3263.0,14.5,2011.5,2011,2011,7,Friday,3,12308.023
Tyler,2011,8,2011-08-01,295.0,49352230.0,144900.0,3218.0,14.0,2011.5834,2011,2011,8,Monday,3,18008.023
Tyler,2011,9,2011-09-01,258.0,40883470.0,133300.0,3094.0,13.3,2011.6666,2011,2011,9,Thursday,3,6408.0234
Tyler,2011,10,2011-10-01,227.0,34669256.0,133200.0,3056.0,13.0,2011.75,2011,2011,10,Saturday,4,6308.0234
Tyler,2011,11,2011-11-01,208.0,35395011.0,152600.0,2876.0,12.0,2011.8334,2011,2011,11,Tuesday,4,25708.023
Tyler,2011,12,2011-12-01,198.0,28506904.0,130800.0,2720.0,11.4,2011.9166,2011,2011,12,Thursday,4,3908.0234
Tyler,2012,1,2012-01-01,169.0,25386301.0,124200.0,2811.0,11.7,2012.0,2012,2012,1,Sunday,1,-2691.9766
Tyler,2012,2,2012-02-01,225.0,34806097.0,134400.0,2857.0,11.7,2012.0834,2012,2012,2,Wednesday,1,7508.0234
Tyler,2012,3,2012-03-01,271.0,44021718.0,135700.0,2868.0,11.6,2012.1666,2012,2012,3,Thursday,1,8808.023
Tyler,2012,4,2012-04-01,253.0,37960764.0,129200.0,2940.0,11.9,2012.25,2012,2012,4,Sunday,2,2308.0234
Tyler,2012,5,2012-05-01,289.0,53199789.0,137600.0,2981.0,12.0,2012.3334,2012,2012,5,Tuesday,2,10708.023
Tyler,2012,6,2012-06-01,302.0,55913145.0,148100.0,3041.0,12.3,2012.4166,2012,2012,6,Friday,2,21208.023
Tyler,2012,7,2012-07-01,322.0,57387570.0,152100.0,3072.0,12.2,2012.5,2012,2012,7,Sunday,3,25208.023
Tyler,2012,8,2012-08-01,317.0,53674423.0,144600.0,3042.0,12.0,2012.5834,2012,2012,8,Wednesday,3,17708.023
Tyler,2012,9,2012-09-01,281.0,48480560.0,144000.0,2953.0,11.6,2012.6666,2012,2012,9,Saturday,3,17108.023
Tyler,2012,10,2012-10-01,289.0,46695832.0,136300.0,2897.0,11.1,2012.75,2012,2012,10,Monday,4,9408.023
Tyler,2012,11,2012-11-01,210.0,33632539.0,144800.0,2830.0,10.9,2012.8334,2012,2012,11,Thursday,4,17908.023
Tyler,2012,12,2012-12-01,234.0,36965077.0,140000.0,2633.0,10.0,2012.9166,2012,2012,12,Saturday,4,13108.023
Tyler,2013,1,2013-01-01,197.0,32083207.0,132400.0,2658.0,10.0,2013.0,2013,2013,1,Tuesday,1,5508.0234
Tyler,2013,2,2013-02-01,227.0,38706946.0,144100.0,2666.0,10.0,2013.0834,2013,2013,2,Friday,1,17208.023
Tyler,2013,3,2013-03-01,298.0,49376896.0,144800.0,2788.0,10.4,2013.1666,2013,2013,3,Friday,1,17908.023
Tyler,2013,4,2013-04-01,289.0,51607842.0,142400.0,2920.0,10.8,2013.25,2013,2013,4,Monday,2,15508.023
Tyler,2013,5,2013-05-01,326.0,59974208.0,147400.0,2946.0,10.7,2013.3334,2013,2013,5,Wednesday,2,20508.023
Tyler,2013,6,2013-06-01,335.0,62850059.0,155600.0,2986.0,10.8,2013.4166,2013,2013,6,Saturday,2,28708.023
Tyler,2013,7,2013-07-01,369.0,63046412.0,153100.0,2998.0,10.7,2013.5,2013,2013,7,Monday,3,26208.023
Tyler,2013,8,2013-08-01,357.0,61163980.0,147900.0,2953.0,10.4,2013.5834,2013,2013,8,Thursday,3,21008.023
Tyler,2013,9,2013-09-01,287.0,51099377.0,147600.0,2917.0,10.2,2013.6666,2013,2013,9,Sunday,3,20708.023
Tyler,2013,10,2013-10-01,272.0,51619370.0,155600.0,2852.0,10.1,2013.75,2013,2013,10,Tuesday,4,28708.023
Tyler,2013,11,2013-11-01,253.0,42583632.0,139600.0,2701.0,9.4,2013.8334,2013,2013,11,Friday,4,12708.023
Tyler,2013,12,2013-12-01,239.0,39788389.0,142700.0,2500.0,8.7,2013.9166,2013,2013,12,Sunday,4,15808.023
Tyler,2014,1,2014-01-01,238.0,36916199.0,130700.0,2609.0,9.0,2014.0,2014,2014,1,Wednesday,1,3808.0234
Tyler,2014,2,2014-02-01,244.0,42553200.0,150000.0,2625.0,9.0,2014.0834,2014,2014,2,Saturday,1,23108.023
Tyler,2014,3,2014-03-01,282.0,48948082.0,143600.0,2737.0,9.4,2014.1666,2014,2014,3,Saturday,1,16708.023
Tyler,2014,4,2014-04-01,323.0,54324949.0,145000.0,2778.0,9.5,2014.25,2014,2014,4,Tuesday,2,18108.023
Tyler,2014,5,2014-05-01,388.0,70289196.0,152300.0,2744.0,9.2,2014.3334,2014,2014,5,Thursday,2,25408.023
Tyler,2014,6,2014-06-01,423.0,80813518.0,155700.0,2855.0,9.3,2014.4166,2014,2014,6,Sunday,2,28808.023
Tyler,2014,7,2014-07-01,371.0,66724504.0,151500.0,2875.0,9.4,2014.5,2014,2014,7,Tuesday,3,24608.023
Tyler,2014,8,2014-08-01,347.0,67244459.0,155200.0,2791.0,9.1,2014.5834,2014,2014,8,Friday,3,28308.023
Tyler,2014,9,2014-09-01,361.0,68744368.0,156500.0,2696.0,8.6,2014.6666,2014,2014,9,Monday,3,29608.023
Tyler,2014,10,2014-10-01,369.0,65315917.0,144100.0,2602.0,8.1,2014.75,2014,2014,10,Wednesday,4,17208.023
Tyler,2014,11,2014-11-01,300.0,52314071.0,159400.0,2460.0,7.6,2014.8334,2014,2014,11,Saturday,4,32508.023
Tyler,2014,12,2014-12-01,332.0,61031529.0,161600.0,2272.0,6.9,2014.9166,2014,2014,12,Monday,4,34708.023
Tyler,2015,1,2015-01-01,248.0,39814588.0,139400.0,2290.0,6.9,2015.0,2015,2015,1,Thursday,1,12508.023
Tyler,2015,2,2015-02-01,233.0,41328198.0,157300.0,2320.0,7.0,2015.0834,2015,2015,2,Sunday,1,30408.023
Tyler,2015,3,2015-03-01,415.0,71284796.0,144000.0,2373.0,6.9,2015.1666,2015,2015,3,Sunday,1,17108.023
Tyler,2015,4,2015-04-01,364.0,66040024.0,152900.0,2414.0,7.0,2015.25,2015,2015,4,Wednesday,2,26008.023
Tyler,2015,5,2015-05-01,382.0,74285907.0,158100.0,2547.0,7.4,2015.3334,2015,2015,5,Friday,2,31208.023
Tyler,2015,6,2015-06-01,422.0,82254422.0,170000.0,2574.0,7.5,2015.4166,2015,2015,6,Monday,2,43108.023
Tyler,2015,7,2015-07-01,456.0,85699437.0,161300.0,2619.0,7.4,2015.5,2015,2015,7,Wednesday,3,34408.023
Victoria,2000,1,2000-01-01,40.0,3615000.0,83300.0,250.0,4.3,2000.0,2000,2000,1,Saturday,1,-35103.78
Victoria,2000,2,2000-02-01,46.0,3635000.0,81700.0,271.0,4.7,2000.0834,2000,2000,2,Tuesday,1,-36703.78
Victoria,2000,3,2000-03-01,62.0,5645000.0,86700.0,285.0,5.0,2000.1666,2000,2000,3,Wednesday,1,-31703.781
Victoria,2000,4,2000-04-01,52.0,5065000.0,87500.0,288.0,5.0,2000.25,2000,2000,4,Saturday,2,-30903.781
Victoria,2000,5,2000-05-01,51.0,4115000.0,70600.0,325.0,5.8,2000.3334,2000,2000,5,Monday,2,-47803.78
Victoria,2000,6,2000-06-01,83.0,8640000.0,88800.0,338.0,6.1,2000.4166,2000,2000,6,Thursday,2,-29603.781
Victoria,2000,7,2000-07-01,60.0,6610000.0,90000.0,339.0,6.1,2000.5,2000,2000,7,Saturday,3,-28403.781
Victoria,2000,8,2000-08-01,87.0,8325000.0,84600.0,324.0,5.6,2000.5834,2000,2000,8,Tuesday,3,-33803.78
Victoria,2000,9,2000-09-01,62.0,5935000.0,81000.0,322.0,5.6,2000.6666,2000,2000,9,Friday,3,-37403.78
Victoria,2000,10,2000-10-01,53.0,4275000.0,75000.0,301.0,5.1,2000.75,2000,2000,10,Sunday,4,-43403.78
Victoria,2000,11,2000-11-01,51.0,5900000.0,103800.0,283.0,4.7,2000.8334,2000,2000,11,Wednesday,4,-14603.781
Victoria,2000,12,2000-12-01,58.0,5485000.0,85000.0,272.0,4.6,2000.9166,2000,2000,12,Friday,4,-33403.78
Victoria,2001,1,2001-01-01,36.0,3235000.0,80000.0,288.0,4.9,2001.0,2001,2001,1,Monday,1,-38403.78
Victoria,2001,2,2001-02-01,53.0,4670000.0,79000.0,276.0,4.7,2001.0834,2001,2001,2,Thursday,1,-39403.78
Victoria,2001,3,2001-03-01,75.0,6820000.0,85000.0,304.0,5.1,2001.1666,2001,2001,3,Thursday,1,-33403.78
Victoria,2001,4,2001-04-01,58.0,5395000.0,80000.0,327.0,5.4,2001.25,2001,2001,4,Sunday,2,-38403.78
Victoria,2001,5,2001-05-01,71.0,6075000.0,77700.0,324.0,5.2,2001.3334,2001,2001,5,Tuesday,2,-40703.78
Victoria,2001,6,2001-06-01,88.0,9710000.0,90000.0,363.0,5.8,2001.4166,2001,2001,6,Friday,2,-28403.781
Victoria,2001,7,2001-07-01,57.0,5765000.0,90800.0,366.0,5.9,2001.5,2001,2001,7,Sunday,3,-27603.781
Victoria,2001,8,2001-08-01,80.0,8215000.0,90000.0,271.0,4.4,2001.5834,2001,2001,8,Wednesday,3,-28403.781
Victoria,2001,9,2001-09-01,57.0,5790000.0,87000.0,350.0,5.7,2001.6666,2001,2001,9,Saturday,3,-31403.781
Victoria,2001,10,2001-10-01,52.0,5275000.0,88600.0,271.0,4.4,2001.75,2001,2001,10,Monday,4,-29803.781
Victoria,2001,11,2001-11-01,92.0,10040000.0,88600.0,271.0,4.2,2001.8334,2001,2001,11,Thursday,4,-29803.781
Victoria,2001,12,2001-12-01,118.0,11430000.0,82500.0,271.0,3.9,2001.9166,2001,2001,12,Saturday,4,-35903.78
Victoria,2002,1,2002-01-01,39.0,3429200.0,,303.0,4.3,2002.0,2002,2002,1,Tuesday,1,
Victoria,2002,2,2002-02-01,43.0,4902068.0,,283.0,4.1,2002.0834,2002,2002,2,Friday,1,
Victoria,2002,3,2002-03-01,60.0,5970000.0,90000.0,297.0,4.4,2002.1666,2002,2002,3,Friday,1,-28403.781
Victoria,2002,4,2002-04-01,59.0,6020000.0,73800.0,304.0,4.5,2002.25,2002,2002,4,Monday,2,-44603.78
Victoria,2002,5,2002-05-01,70.0,7455000.0,88900.0,310.0,4.6,2002.3334,2002,2002,5,Wednesday,2,-29503.781
Victoria,2002,6,2002-06-01,49.0,5255000.0,88300.0,321.0,5.0,2002.4166,2002,2002,6,Saturday,2,-30103.781
Victoria,2002,7,2002-07-01,60.0,6430000.0,93800.0,321.0,4.9,2002.5,2002,2002,7,Monday,3,-24603.781
Victoria,2002,8,2002-08-01,70.0,6965000.0,88000.0,339.0,5.3,2002.5834,2002,2002,8,Thursday,3,-30403.781
Victoria,2002,9,2002-09-01,41.0,4020000.0,91700.0,394.0,6.3,2002.6666,2002,2002,9,Sunday,3,-26703.781
Victoria,2002,10,2002-10-01,35.0,4165000.0,86200.0,380.0,6.2,2002.75,2002,2002,10,Tuesday,4,-32203.781
Victoria,2002,11,2002-11-01,51.0,5460000.0,87900.0,371.0,6.4,2002.8334,2002,2002,11,Friday,4,-30503.781
Victoria,2002,12,2002-12-01,57.0,5685000.0,90700.0,352.0,6.7,2002.9166,2002,2002,12,Sunday,4,-27703.781
Victoria,2003,1,2003-01-01,45.0,4485000.0,81200.0,337.0,6.3,2003.0,2003,2003,1,Wednesday,1,-37203.78
Victoria,2003,2,2003-02-01,66.0,6435000.0,86000.0,332.0,6.0,2003.0834,2003,2003,2,Saturday,1,-32403.781
Victoria,2003,3,2003-03-01,55.0,6010000.0,91200.0,350.0,6.4,2003.1666,2003,2003,3,Saturday,1,-27203.781
Victoria,2003,4,2003-04-01,69.0,6675000.0,87500.0,358.0,6.4,2003.25,2003,2003,4,Tuesday,2,-30903.781
Victoria,2003,5,2003-05-01,64.0,6965000.0,86700.0,363.0,6.6,2003.3334,2003,2003,5,Thursday,2,-31703.781
Victoria,2003,6,2003-06-01,75.0,7910000.0,92100.0,359.0,6.3,2003.4166,2003,2003,6,Sunday,2,-26303.781
Victoria,2003,7,2003-07-01,61.0,6805000.0,93000.0,335.0,5.8,2003.5,2003,2003,7,Tuesday,3,-25403.781
Victoria,2003,8,2003-08-01,68.0,7550000.0,90000.0,352.0,6.1,2003.5834,2003,2003,8,Friday,3,-28403.781
Victoria,2003,9,2003-09-01,59.0,5870000.0,88800.0,332.0,5.7,2003.6666,2003,2003,9,Monday,3,-29603.781
Victoria,2003,10,2003-10-01,56.0,6145000.0,93300.0,316.0,5.2,2003.75,2003,2003,10,Wednesday,4,-25103.781
Victoria,2003,11,2003-11-01,51.0,5835000.0,103300.0,311.0,5.1,2003.8334,2003,2003,11,Saturday,4,-15103.781
Victoria,2003,12,2003-12-01,61.0,7465000.0,115000.0,310.0,5.1,2003.9166,2003,2003,12,Monday,4,-3403.7812
Victoria,2004,1,2004-01-01,34.0,3200000.0,78300.0,326.0,5.4,2004.0,2004,2004,1,Thursday,1,-40103.78
Victoria,2004,2,2004-02-01,53.0,5520000.0,81700.0,332.0,5.6,2004.0834,2004,2004,2,Sunday,1,-36703.78
Victoria,2004,3,2004-03-01,82.0,8975000.0,87800.0,330.0,5.4,2004.1666,2004,2004,3,Monday,1,-30603.781
Victoria,2004,4,2004-04-01,67.0,6635000.0,92500.0,324.0,5.3,2004.25,2004,2004,4,Thursday,2,-25903.781
Victoria,2004,5,2004-05-01,124.0,15180000.0,114300.0,320.0,4.9,2004.3334,2004,2004,5,Saturday,2,-4103.7812
Victoria,2004,6,2004-06-01,72.0,8355000.0,103600.0,336.0,5.1,2004.4166,2004,2004,6,Tuesday,2,-14803.781
Victoria,2004,7,2004-07-01,75.0,8690000.0,99200.0,360.0,5.4,2004.5,2004,2004,7,Thursday,3,-19203.781
Victoria,2004,8,2004-08-01,68.0,8550000.0,100000.0,354.0,5.3,2004.5834,2004,2004,8,Sunday,3,-18403.781
Victoria,2004,9,2004-09-01,70.0,8540000.0,106000.0,341.0,5.0,2004.6666,2004,2004,9,Wednesday,3,-12403.781
Victoria,2004,10,2004-10-01,67.0,7065000.0,88300.0,335.0,4.9,2004.75,2004,2004,10,Friday,4,-30103.781
Victoria,2004,11,2004-11-01,48.0,5640000.0,110000.0,328.0,4.8,2004.8334,2004,2004,11,Monday,4,-8403.781
Victoria,2004,12,2004-12-01,73.0,8335000.0,113000.0,329.0,4.7,2004.9166,2004,2004,12,Wednesday,4,-5403.7812
Victoria,2005,1,2005-01-01,53.0,5455000.0,93600.0,335.0,4.7,2005.0,2005,2005,1,Saturday,1,-24803.781
Victoria,2005,2,2005-02-01,57.0,6025000.0,96800.0,327.0,4.6,2005.0834,2005,2005,2,Tuesday,1,-21603.781
Victoria,2005,3,2005-03-01,83.0,9260000.0,96400.0,324.0,4.5,2005.1666,2005,2005,3,Tuesday,1,-22003.781
Victoria,2005,4,2005-04-01,69.0,8215000.0,103300.0,321.0,4.5,2005.25,2005,2005,4,Friday,2,-15103.781
Victoria,2005,5,2005-05-01,81.0,9295000.0,106900.0,314.0,4.6,2005.3334,2005,2005,5,Sunday,2,-11503.781
Victoria,2005,6,2005-06-01,75.0,9370000.0,116200.0,326.0,4.8,2005.4166,2005,2005,6,Wednesday,2,-2203.7812
Victoria,2005,7,2005-07-01,99.0,11880000.0,99100.0,383.0,5.5,2005.5,2005,2005,7,Friday,3,-19303.781
Victoria,2005,8,2005-08-01,95.0,11745000.0,108200.0,325.0,4.5,2005.5834,2005,2005,8,Monday,3,-10203.781
Victoria,2005,9,2005-09-01,71.0,8455000.0,110000.0,345.0,4.8,2005.6666,2005,2005,9,Thursday,3,-8403.781
Victoria,2005,10,2005-10-01,64.0,7995000.0,98300.0,340.0,4.7,2005.75,2005,2005,10,Saturday,4,-20103.781
Victoria,2005,11,2005-11-01,68.0,9455000.0,110000.0,328.0,4.4,2005.8334,2005,2005,11,Tuesday,4,-8403.781
Victoria,2005,12,2005-12-01,67.0,8770000.0,105400.0,320.0,4.4,2005.9166,2005,2005,12,Thursday,4,-13003.781
Victoria,2006,1,2006-01-01,58.0,6960000.0,108900.0,328.0,4.4,2006.0,2006,2006,1,Sunday,1,-9503.781
Victoria,2006,2,2006-02-01,69.0,7940000.0,108300.0,316.0,4.2,2006.0834,2006,2006,2,Wednesday,1,-10103.781
Victoria,2006,3,2006-03-01,80.0,9555000.0,113300.0,288.0,3.9,2006.1666,2006,2006,3,Wednesday,1,-5103.7812
Victoria,2006,4,2006-04-01,99.0,11315000.0,102100.0,289.0,3.7,2006.25,2006,2006,4,Saturday,2,-16303.781
Victoria,2006,5,2006-05-01,98.0,12065000.0,108300.0,324.0,4.1,2006.3334,2006,2006,5,Monday,2,-10103.781
Victoria,2006,6,2006-06-01,74.0,11680000.0,137800.0,346.0,4.4,2006.4166,2006,2006,6,Thursday,2,19396.219
Victoria,2006,7,2006-07-01,71.0,8380000.0,101100.0,384.0,5.0,2006.5,2006,2006,7,Saturday,3,-17303.781
Victoria,2006,8,2006-08-01,110.0,13120000.0,104700.0,344.0,4.4,2006.5834,2006,2006,8,Tuesday,3,-13703.781
Victoria,2006,9,2006-09-01,69.0,7595000.0,91700.0,349.0,4.5,2006.6666,2006,2006,9,Friday,3,-26703.781
Victoria,2006,10,2006-10-01,58.0,8730000.0,111400.0,354.0,4.6,2006.75,2006,2006,10,Sunday,4,-7003.7812
Victoria,2006,11,2006-11-01,73.0,8965000.0,113000.0,299.0,3.9,2006.8334,2006,2006,11,Wednesday,4,-5403.7812
Victoria,2006,12,2006-12-01,80.0,10485000.0,115000.0,291.0,3.7,2006.9166,2006,2006,12,Friday,4,-3403.7812
Victoria,2007,1,2007-01-01,50.0,6495000.0,106700.0,295.0,3.8,2007.0,2007,2007,1,Monday,1,-11703.781
Victoria,2007,2,2007-02-01,61.0,7260000.0,107800.0,331.0,4.3,2007.0834,2007,2007,2,Thursday,1,-10603.781
Victoria,2007,3,2007-03-01,87.0,11755000.0,125800.0,303.0,3.9,2007.1666,2007,2007,3,Thursday,1,7396.2188
Victoria,2007,4,2007-04-01,84.0,10175000.0,106700.0,298.0,3.9,2007.25,2007,2007,4,Sunday,2,-11703.781
Victoria,2007,5,2007-05-01,98.0,13995000.0,129200.0,336.0,4.4,2007.3334,2007,2007,5,Tuesday,2,10796.219
Victoria,2007,6,2007-06-01,86.0,11540000.0,125000.0,327.0,4.2,2007.4166,2007,2007,6,Friday,2,6596.2188
Victoria,2007,7,2007-07-01,94.0,14060000.0,132500.0,545.0,6.9,2007.5,2007,2007,7,Sunday,3,14096.219
Victoria,2007,8,2007-08-01,92.0,12725000.0,125500.0,351.0,4.5,2007.5834,2007,2007,8,Wednesday,3,7096.2188
Victoria,2007,9,2007-09-01,68.0,10100000.0,128000.0,574.0,7.4,2007.6666,2007,2007,9,Saturday,3,9596.219
Victoria,2007,10,2007-10-01,68.0,7965000.0,101800.0,358.0,4.6,2007.75,2007,2007,10,Monday,4,-16603.781
Victoria,2007,11,2007-11-01,70.0,9495000.0,115600.0,563.0,7.2,2007.8334,2007,2007,11,Thursday,4,-2803.7812
Victoria,2007,12,2007-12-01,63.0,8180000.0,116200.0,353.0,4.6,2007.9166,2007,2007,12,Saturday,4,-2203.7812
Victoria,2008,1,2008-01-01,45.0,5005000.0,97500.0,411.0,5.4,2008.0,2008,2008,1,Tuesday,1,-20903.781
Victoria,2008,2,2008-02-01,59.0,8005000.0,119100.0,373.0,4.9,2008.0834,2008,2008,2,Friday,1,696.21875
Victoria,2008,3,2008-03-01,84.0,10900000.0,123800.0,393.0,5.2,2008.1666,2008,2008,3,Saturday,1,5396.2188
Victoria,2008,4,2008-04-01,82.0,11315000.0,128000.0,461.0,6.1,2008.25,2008,2008,4,Tuesday,2,9596.219
Victoria,2008,5,2008-05-01,79.0,11400000.0,121400.0,444.0,6.0,2008.3334,2008,2008,5,Thursday,2,2996.2188
Victoria,2008,6,2008-06-01,97.0,15895000.0,146200.0,459.0,6.1,2008.4166,2008,2008,6,Sunday,2,27796.219
Victoria,2008,7,2008-07-01,79.0,13275000.0,142300.0,462.0,6.3,2008.5,2008,2008,7,Tuesday,3,23896.219
Victoria,2008,8,2008-08-01,86.0,11640000.0,125700.0,443.0,6.0,2008.5834,2008,2008,8,Friday,3,7296.2188
Victoria,2008,9,2008-09-01,75.0,9870000.0,129200.0,429.0,5.8,2008.6666,2008,2008,9,Monday,3,10796.219
Victoria,2008,10,2008-10-01,56.0,6955000.0,108900.0,439.0,6.0,2008.75,2008,2008,10,Wednesday,4,-9503.781
Victoria,2008,11,2008-11-01,50.0,6715000.0,120000.0,393.0,5.5,2008.8334,2008,2008,11,Saturday,4,1596.2188
Victoria,2008,12,2008-12-01,62.0,8470000.0,116000.0,420.0,5.9,2008.9166,2008,2008,12,Monday,4,-2403.7812
Victoria,2009,1,2009-01-01,34.0,4175000.0,112000.0,439.0,6.2,2009.0,2009,2009,1,Thursday,1,-6403.7812
Victoria,2009,2,2009-02-01,46.0,7000000.0,142500.0,430.0,6.2,2009.0834,2009,2009,2,Sunday,1,24096.219
Victoria,2009,3,2009-03-01,58.0,7775000.0,122000.0,449.0,6.7,2009.1666,2009,2009,3,Sunday,1,3596.2188
Victoria,2009,4,2009-04-01,57.0,8150000.0,117000.0,407.0,6.3,2009.25,2009,2009,4,Wednesday,2,-1403.7812
Victoria,2009,5,2009-05-01,60.0,9555000.0,136700.0,461.0,7.3,2009.3334,2009,2009,5,Friday,2,18296.219
Victoria,2009,6,2009-06-01,68.0,9955000.0,132500.0,466.0,7.6,2009.4166,2009,2009,6,Monday,2,14096.219
Victoria,2009,7,2009-07-01,74.0,9890000.0,126700.0,476.0,7.9,2009.5,2009,2009,7,Wednesday,3,8296.219
Victoria,2009,8,2009-08-01,64.0,9045000.0,137100.0,440.0,7.5,2009.5834,2009,2009,8,Saturday,3,18696.219
Victoria,2009,9,2009-09-01,62.0,8855000.0,140000.0,433.0,7.5,2009.6666,2009,2009,9,Tuesday,3,21596.219
Victoria,2009,10,2009-10-01,67.0,8137180.0,115000.0,465.0,7.9,2009.75,2009,2009,10,Thursday,4,-3403.7812
Victoria,2009,11,2009-11-01,52.0,7392558.0,122200.0,448.0,7.6,2009.8334,2009,2009,11,Sunday,4,3796.2188
Victoria,2009,12,2009-12-01,49.0,6476832.0,128800.0,419.0,7.3,2009.9166,2009,2009,12,Tuesday,4,10396.219
Victoria,2010,1,2010-01-01,44.0,5865345.0,110000.0,403.0,6.9,2010.0,2010,2010,1,Friday,1,-8403.781
Victoria,2010,2,2010-02-01,61.0,7113490.0,109200.0,392.0,6.6,2010.0834,2010,2010,2,Monday,1,-9203.781
Victoria,2010,3,2010-03-01,64.0,9310014.0,137800.0,382.0,6.3,2010.1666,2010,2010,3,Monday,1,19396.219
Victoria,2010,4,2010-04-01,73.0,9837826.0,116900.0,395.0,6.4,2010.25,2010,2010,4,Thursday,2,-1503.7812
Victoria,2010,5,2010-05-01,96.0,11435902.0,113700.0,458.0,7.1,2010.3334,2010,2010,5,Saturday,2,-4703.7812
Victoria,2010,6,2010-06-01,60.0,9227339.0,135000.0,462.0,7.2,2010.4166,2010,2010,6,Tuesday,2,16596.219
Victoria,2010,7,2010-07-01,65.0,9466251.0,132200.0,433.0,6.9,2010.5,2010,2010,7,Thursday,3,13796.219
Victoria,2010,8,2010-08-01,52.0,10342280.0,132700.0,437.0,7.0,2010.5834,2010,2010,8,Sunday,3,14296.219
Victoria,2010,9,2010-09-01,71.0,8788235.0,118600.0,514.0,8.2,2010.6666,2010,2010,9,Wednesday,3,196.21875
Victoria,2010,10,2010-10-01,59.0,7684795.0,110000.0,427.0,6.9,2010.75,2010,2010,10,Friday,4,-8403.781
Victoria,2010,11,2010-11-01,57.0,7989950.0,132900.0,416.0,6.6,2010.8334,2010,2010,11,Monday,4,14496.219
Victoria,2010,12,2010-12-01,54.0,7339610.0,134300.0,391.0,6.2,2010.9166,2010,2010,12,Wednesday,4,15896.219
Victoria,2011,1,2011-01-01,48.0,8756585.0,142900.0,383.0,6.0,2011.0,2011,2011,1,Saturday,1,24496.219
Victoria,2011,2,2011-02-01,42.0,5744035.0,116700.0,399.0,6.5,2011.0834,2011,2011,2,Tuesday,1,-1703.7812
Victoria,2011,3,2011-03-01,65.0,8003276.0,115700.0,390.0,6.3,2011.1666,2011,2011,3,Tuesday,1,-2703.7812
Victoria,2011,4,2011-04-01,65.0,9712369.0,125000.0,367.0,6.0,2011.25,2011,2011,4,Friday,2,6596.2188
Victoria,2011,5,2011-05-01,85.0,11280099.0,112500.0,354.0,5.9,2011.3334,2011,2011,5,Sunday,2,-5903.7812
Victoria,2011,6,2011-06-01,80.0,11816141.0,136400.0,340.0,5.5,2011.4166,2011,2011,6,Wednesday,2,17996.219
Victoria,2011,7,2011-07-01,83.0,12398430.0,135000.0,324.0,5.1,2011.5,2011,2011,7,Friday,3,16596.219
Victoria,2011,8,2011-08-01,89.0,12991747.0,134200.0,300.0,4.5,2011.5834,2011,2011,8,Monday,3,15796.219
Victoria,2011,9,2011-09-01,77.0,12687314.0,130000.0,306.0,4.6,2011.6666,2011,2011,9,Thursday,3,11596.219
Victoria,2011,10,2011-10-01,68.0,9914323.0,112500.0,289.0,4.3,2011.75,2011,2011,10,Saturday,4,-5903.7812
Victoria,2011,11,2011-11-01,69.0,10361105.0,133100.0,277.0,4.0,2011.8334,2011,2011,11,Tuesday,4,14696.219
Victoria,2011,12,2011-12-01,74.0,11144262.0,131100.0,268.0,3.8,2011.9166,2011,2011,12,Thursday,4,12696.219
Victoria,2012,1,2012-01-01,43.0,6241694.0,129000.0,247.0,3.5,2012.0,2012,2012,1,Sunday,1,10596.219
Victoria,2012,2,2012-02-01,72.0,11753919.0,135000.0,247.0,3.4,2012.0834,2012,2012,2,Wednesday,1,16596.219
Victoria,2012,3,2012-03-01,70.0,9403776.0,133300.0,247.0,3.4,2012.1666,2012,2012,3,Thursday,1,14896.219
Victoria,2012,4,2012-04-01,89.0,14163933.0,143300.0,275.0,3.7,2012.25,2012,2012,4,Sunday,2,24896.219
Victoria,2012,5,2012-05-01,77.0,14244995.0,156200.0,306.0,4.1,2012.3334,2012,2012,5,Tuesday,2,37796.22
Victoria,2012,6,2012-06-01,68.0,12364024.0,153300.0,311.0,4.2,2012.4166,2012,2012,6,Friday,2,34896.22
Victoria,2012,7,2012-07-01,83.0,14096742.0,144300.0,311.0,4.2,2012.5,2012,2012,7,Sunday,3,25896.219
Victoria,2012,8,2012-08-01,88.0,15780405.0,160000.0,300.0,4.1,2012.5834,2012,2012,8,Wednesday,3,41596.22
Victoria,2012,9,2012-09-01,88.0,14831289.0,145000.0,296.0,4.0,2012.6666,2012,2012,9,Saturday,3,26596.219
Victoria,2012,10,2012-10-01,62.0,10525666.0,156000.0,304.0,4.1,2012.75,2012,2012,10,Monday,4,37596.22
Victoria,2012,11,2012-11-01,73.0,12715374.0,152500.0,292.0,4.0,2012.8334,2012,2012,11,Thursday,4,34096.22
Victoria,2012,12,2012-12-01,65.0,12354015.0,156200.0,257.0,3.5,2012.9166,2012,2012,12,Saturday,4,37796.22
Victoria,2013,1,2013-01-01,48.0,6510662.0,140000.0,267.0,3.6,2013.0,2013,2013,1,Tuesday,1,21596.219
Victoria,2013,2,2013-02-01,61.0,10074265.0,132200.0,281.0,3.9,2013.0834,2013,2013,2,Friday,1,13796.219
Victoria,2013,3,2013-03-01,67.0,10955289.0,143800.0,276.0,3.8,2013.1666,2013,2013,3,Friday,1,25396.219
Victoria,2013,4,2013-04-01,77.0,11877464.0,152900.0,280.0,3.9,2013.25,2013,2013,4,Monday,2,34496.22
Victoria,2013,5,2013-05-01,88.0,13759309.0,145000.0,276.0,3.8,2013.3334,2013,2013,5,Wednesday,2,26596.219
Victoria,2013,6,2013-06-01,87.0,14960392.0,153000.0,276.0,3.7,2013.4166,2013,2013,6,Saturday,2,34596.22
Victoria,2013,7,2013-07-01,75.0,12436519.0,150000.0,289.0,3.9,2013.5,2013,2013,7,Monday,3,31596.219
Victoria,2013,8,2013-08-01,105.0,17673002.0,161700.0,289.0,3.9,2013.5834,2013,2013,8,Thursday,3,43296.22
Victoria,2013,9,2013-09-01,93.0,16917838.0,154000.0,302.0,4.0,2013.6666,2013,2013,9,Sunday,3,35596.22
Victoria,2013,10,2013-10-01,67.0,10957090.0,141700.0,294.0,3.9,2013.75,2013,2013,10,Tuesday,4,23296.219
Victoria,2013,11,2013-11-01,94.0,16354670.0,153300.0,282.0,3.7,2013.8334,2013,2013,11,Friday,4,34896.22
Victoria,2013,12,2013-12-01,72.0,13685043.0,160000.0,288.0,3.7,2013.9166,2013,2013,12,Sunday,4,41596.22
Victoria,2014,1,2014-01-01,59.0,10320268.0,147500.0,265.0,3.4,2014.0,2014,2014,1,Wednesday,1,29096.219
Victoria,2014,2,2014-02-01,57.0,9943168.0,161700.0,269.0,3.4,2014.0834,2014,2014,2,Saturday,1,43296.22
Victoria,2014,3,2014-03-01,82.0,12639506.0,138500.0,258.0,3.2,2014.1666,2014,2014,3,Saturday,1,20096.219
Victoria,2014,4,2014-04-01,80.0,13545079.0,150000.0,270.0,3.4,2014.25,2014,2014,4,Tuesday,2,31596.219
Victoria,2014,5,2014-05-01,92.0,16960047.0,172900.0,275.0,3.4,2014.3334,2014,2014,5,Thursday,2,54496.22
Victoria,2014,6,2014-06-01,88.0,17127219.0,166700.0,281.0,3.5,2014.4166,2014,2014,6,Sunday,2,48296.22
Victoria,2014,7,2014-07-01,95.0,17162232.0,166000.0,290.0,3.5,2014.5,2014,2014,7,Tuesday,3,47596.22
Victoria,2014,8,2014-08-01,91.0,14975806.0,161000.0,300.0,3.7,2014.5834,2014,2014,8,Friday,3,42596.22
Victoria,2014,9,2014-09-01,93.0,16947994.0,163800.0,289.0,3.6,2014.6666,2014,2014,9,Monday,3,45396.22
Victoria,2014,10,2014-10-01,78.0,14293759.0,180000.0,270.0,3.3,2014.75,2014,2014,10,Wednesday,4,61596.22
Victoria,2014,11,2014-11-01,62.0,10385836.0,154300.0,282.0,3.6,2014.8334,2014,2014,11,Saturday,4,35896.22
Victoria,2014,12,2014-12-01,69.0,13660143.0,174400.0,274.0,3.5,2014.9166,2014,2014,12,Monday,4,55996.22
Victoria,2015,1,2015-01-01,54.0,10362907.0,172500.0,280.0,3.6,2015.0,2015,2015,1,Thursday,1,54096.22
Victoria,2015,2,2015-02-01,59.0,11015932.0,171000.0,296.0,3.8,2015.0834,2015,2015,2,Sunday,1,52596.22
Victoria,2015,3,2015-03-01,72.0,14347666.0,170000.0,302.0,3.9,2015.1666,2015,2015,3,Sunday,1,51596.22
Victoria,2015,4,2015-04-01,78.0,16086396.0,182500.0,299.0,3.9,2015.25,2015,2015,4,Wednesday,2,64096.22
Victoria,2015,5,2015-05-01,85.0,17078576.0,171500.0,274.0,3.6,2015.3334,2015,2015,5,Friday,2,53096.22
Victoria,2015,6,2015-06-01,100.0,18920746.0,174300.0,299.0,3.8,2015.4166,2015,2015,6,Monday,2,55896.22
Victoria,2015,7,2015-07-01,114.0,25368699.0,175500.0,316.0,4.0,2015.5,2015,2015,7,Wednesday,3,57096.22
Waco,2000,1,2000-01-01,69.0,6652550.0,,,,2000.0,2000,2000,1,Saturday,1,
Waco,2000,2,2000-02-01,89.0,8351101.0,,,,2000.0834,2000,2000,2,Tuesday,1,
Waco,2000,3,2000-03-01,77.0,7205528.0,,,,2000.1666,2000,2000,3,Wednesday,1,
Waco,2000,4,2000-04-01,74.0,6218310.0,,,,2000.25,2000,2000,4,Saturday,2,
Waco,2000,5,2000-05-01,55.0,5212270.0,,,,2000.3334,2000,2000,5,Monday,2,
Waco,2000,6,2000-06-01,66.0,5212270.0,,,,2000.4166,2000,2000,6,Thursday,2,
Waco,2000,7,2000-07-01,138.0,14387400.0,,,,2000.5,2000,2000,7,Saturday,3,
Waco,2000,8,2000-08-01,134.0,12766794.0,,,,2000.5834,2000,2000,8,Tuesday,3,
Waco,2000,9,2000-09-01,79.0,7603000.0,,,,2000.6666,2000,2000,9,Friday,3,
Waco,2000,10,2000-10-01,78.0,7897390.0,,,,2000.75,2000,2000,10,Sunday,4,
Waco,2000,11,2000-11-01,52.0,5028663.0,,,,2000.8334,2000,2000,11,Wednesday,4,
Waco,2000,12,2000-12-01,80.0,5937212.0,,,,2000.9166,2000,2000,12,Friday,4,
Waco,2001,1,2001-01-01,81.0,7817200.0,,,,2001.0,2001,2001,1,Monday,1,
Waco,2001,2,2001-02-01,87.0,9122261.0,,,,2001.0834,2001,2001,2,Thursday,1,
Waco,2001,3,2001-03-01,,,,,,2001.1666,2001,2001,3,Thursday,1,
Waco,2001,4,2001-04-01,81.0,8772838.0,,,,2001.25,2001,2001,4,Sunday,2,
Waco,2001,5,2001-05-01,136.0,10805000.0,69500.0,840.0,9.1,2001.3334,2001,2001,5,Tuesday,2,-45634.0
Waco,2001,6,2001-06-01,84.0,8508700.0,,,,2001.4166,2001,2001,6,Friday,2,
Waco,2001,7,2001-07-01,127.0,13571576.0,,,,2001.5,2001,2001,7,Sunday,3,
Waco,2001,8,2001-08-01,137.0,14319700.0,,,,2001.5834,2001,2001,8,Wednesday,3,
Waco,2001,9,2001-09-01,76.0,7415503.0,,,,2001.6666,2001,2001,9,Saturday,3,
Waco,2001,10,2001-10-01,,,,,,2001.75,2001,2001,10,Monday,4,
Waco,2001,11,2001-11-01,,,,,,2001.8334,2001,2001,11,Thursday,4,
Waco,2001,12,2001-12-01,,,,,,2001.9166,2001,2001,12,Saturday,4,
Waco,2002,1,2002-01-01,,,,,,2002.0,2002,2002,1,Tuesday,1,
Waco,2002,2,2002-02-01,,,,,,2002.0834,2002,2002,2,Friday,1,
Waco,2002,3,2002-03-01,,,,,,2002.1666,2002,2002,3,Friday,1,
Waco,2002,4,2002-04-01,,,,,,2002.25,2002,2002,4,Monday,2,
Waco,2002,5,2002-05-01,,,,,,2002.3334,2002,2002,5,Wednesday,2,
Waco,2002,6,2002-06-01,,,,,,2002.4166,2002,2002,6,Saturday,2,
Waco,2002,7,2002-07-01,,,,,,2002.5,2002,2002,7,Monday,3,
Waco,2002,8,2002-08-01,,,,,,2002.5834,2002,2002,8,Thursday,3,
Waco,2002,9,2002-09-01,,,,,,2002.6666,2002,2002,9,Sunday,3,
Waco,2002,10,2002-10-01,,,,,,2002.75,2002,2002,10,Tuesday,4,
Waco,2002,11,2002-11-01,,,,,,2002.8334,2002,2002,11,Friday,4,
Waco,2002,12,2002-12-01,,,,,,2002.9166,2002,2002,12,Sunday,4,
Waco,2003,1,2003-01-01,,,,,,2003.0,2003,2003,1,Wednesday,1,
Waco,2003,2,2003-02-01,138.0,13715000.0,88000.0,900.0,,2003.0834,2003,2003,2,Saturday,1,-27134.0
Waco,2003,3,2003-03-01,175.0,20155000.0,94700.0,,,2003.1666,2003,2003,3,Saturday,1,-20434.0
Waco,2003,4,2003-04-01,,,97500.0,,,2003.25,2003,2003,4,Tuesday,2,-17634.0
Waco,2003,5,2003-05-01,193.0,21585000.0,102200.0,900.0,,2003.3334,2003,2003,5,Thursday,2,-12934.0
Waco,2003,6,2003-06-01,207.0,26340000.0,105900.0,885.0,,2003.4166,2003,2003,6,Sunday,2,-9234.0
Waco,2003,7,2003-07-01,228.0,29070000.0,115900.0,890.0,,2003.5,2003,2003,7,Tuesday,3,766.0
Waco,2003,8,2003-08-01,210.0,24030000.0,95000.0,896.0,,2003.5834,2003,2003,8,Friday,3,-20134.0
Waco,2003,9,2003-09-01,157.0,17260000.0,103300.0,896.0,,2003.6666,2003,2003,9,Monday,3,-11834.0
Waco,2003,10,2003-10-01,,,,900.0,,2003.75,2003,2003,10,Wednesday,4,
Waco,2003,11,2003-11-01,125.0,11785000.0,87900.0,906.0,5.1,2003.8334,2003,2003,11,Saturday,4,-27234.0
Waco,2003,12,2003-12-01,145.0,14890000.0,93000.0,899.0,5.1,2003.9166,2003,2003,12,Monday,4,-22134.0
Waco,2004,1,2004-01-01,119.0,12230000.0,91200.0,901.0,5.3,2004.0,2004,2004,1,Thursday,1,-23934.0
Waco,2004,2,2004-02-01,143.0,15255000.0,88500.0,929.0,5.5,2004.0834,2004,2004,2,Sunday,1,-26634.0
Waco,2004,3,2004-03-01,148.0,15240000.0,88800.0,921.0,5.5,2004.1666,2004,2004,3,Monday,1,-26334.0
Waco,2004,4,2004-04-01,187.0,21595000.0,101300.0,960.0,5.7,2004.25,2004,2004,4,Thursday,2,-13834.0
Waco,2004,5,2004-05-01,186.0,21305000.0,102600.0,,,2004.3334,2004,2004,5,Saturday,2,-12534.0
Waco,2004,6,2004-06-01,233.0,29430000.0,107400.0,,,2004.4166,2004,2004,6,Tuesday,2,-7734.0
Waco,2004,7,2004-07-01,228.0,26125000.0,100700.0,,,2004.5,2004,2004,7,Thursday,3,-14434.0
Waco,2004,8,2004-08-01,210.0,23895000.0,101900.0,,,2004.5834,2004,2004,8,Sunday,3,-13234.0
Waco,2004,9,2004-09-01,162.0,20080000.0,113000.0,,,2004.6666,2004,2004,9,Wednesday,3,-2134.0
Waco,2004,10,2004-10-01,154.0,16530000.0,93800.0,1137.0,6.7,2004.75,2004,2004,10,Friday,4,-21334.0
Waco,2004,11,2004-11-01,162.0,20405000.0,105300.0,,,2004.8334,2004,2004,11,Monday,4,-9834.0
Waco,2004,12,2004-12-01,174.0,19400000.0,104400.0,,,2004.9166,2004,2004,12,Wednesday,4,-10734.0
Waco,2005,1,2005-01-01,135.0,16065000.0,97100.0,,,2005.0,2005,2005,1,Saturday,1,-18034.0
Waco,2005,2,2005-02-01,149.0,16720000.0,97500.0,1078.0,6.1,2005.0834,2005,2005,2,Tuesday,1,-17634.0
Waco,2005,3,2005-03-01,217.0,23675000.0,99700.0,,,2005.1666,2005,2005,3,Tuesday,1,-15434.0
Waco,2005,4,2005-04-01,206.0,26275000.0,113300.0,1000.0,5.4,2005.25,2005,2005,4,Friday,2,-1834.0
Waco,2005,5,2005-05-01,239.0,26660000.0,100900.0,1050.0,5.6,2005.3334,2005,2005,5,Sunday,2,-14234.0
Waco,2005,6,2005-06-01,251.0,34860000.0,122000.0,1100.0,5.8,2005.4166,2005,2005,6,Wednesday,2,6866.0
Waco,2005,7,2005-07-01,239.0,31160000.0,119100.0,1150.0,6.0,2005.5,2005,2005,7,Friday,3,3966.0
Waco,2005,8,2005-08-01,227.0,29255000.0,114800.0,1195.0,6.2,2005.5834,2005,2005,8,Monday,3,-334.0
Waco,2005,9,2005-09-01,192.0,23245000.0,110900.0,1163.0,6.0,2005.6666,2005,2005,9,Thursday,3,-4234.0
Waco,2005,10,2005-10-01,210.0,25930000.0,110000.0,1150.0,5.7,2005.75,2005,2005,10,Saturday,4,-5134.0
Waco,2005,11,2005-11-01,150.0,16760000.0,107600.0,1125.0,5.7,2005.8334,2005,2005,11,Tuesday,4,-7534.0
Waco,2005,12,2005-12-01,154.0,18740000.0,106000.0,1115.0,5.6,2005.9166,2005,2005,12,Thursday,4,-9134.0
Waco,2006,1,2006-01-01,118.0,14275000.0,108800.0,,,2006.0,2006,2006,1,Sunday,1,-6334.0
Waco,2006,2,2006-02-01,172.0,18855000.0,96100.0,1208.0,6.1,2006.0834,2006,2006,2,Wednesday,1,-19034.0
Waco,2006,3,2006-03-01,217.0,27255000.0,114500.0,1305.0,6.6,2006.1666,2006,2006,3,Wednesday,1,-634.0
Waco,2006,4,2006-04-01,197.0,24200000.0,110500.0,,,2006.25,2006,2006,4,Saturday,2,-4634.0
Waco,2006,5,2006-05-01,250.0,30120000.0,104400.0,1437.0,7.3,2006.3334,2006,2006,5,Monday,2,-10734.0
Waco,2006,6,2006-06-01,280.0,38235000.0,113300.0,1522.0,7.6,2006.4166,2006,2006,6,Thursday,2,-1834.0
Waco,2006,7,2006-07-01,246.0,31820000.0,113600.0,1533.0,7.6,2006.5,2006,2006,7,Saturday,3,-1534.0
Waco,2006,8,2006-08-01,254.0,29830000.0,111200.0,1586.0,7.8,2006.5834,2006,2006,8,Tuesday,3,-3934.0
Waco,2006,9,2006-09-01,208.0,27005000.0,115700.0,1526.0,7.5,2006.6666,2006,2006,9,Friday,3,566.0
Waco,2006,10,2006-10-01,202.0,25230000.0,107400.0,1529.0,7.5,2006.75,2006,2006,10,Sunday,4,-7734.0
Waco,2006,11,2006-11-01,187.0,22675000.0,104700.0,,,2006.8334,2006,2006,11,Wednesday,4,-10434.0
Waco,2006,12,2006-12-01,195.0,23140000.0,108300.0,,,2006.9166,2006,2006,12,Friday,4,-6834.0
Waco,2007,1,2007-01-01,132.0,15155000.0,103500.0,,,2007.0,2007,2007,1,Monday,1,-11634.0
Waco,2007,2,2007-02-01,175.0,22115000.0,115400.0,,,2007.0834,2007,2007,2,Thursday,1,266.0
Waco,2007,3,2007-03-01,227.0,28080000.0,104100.0,,,2007.1666,2007,2007,3,Thursday,1,-11034.0
Waco,2007,4,2007-04-01,193.0,24615000.0,113200.0,1599.0,7.5,2007.25,2007,2007,4,Sunday,2,-1934.0
Waco,2007,5,2007-05-01,239.0,33495000.0,119600.0,1634.0,7.7,2007.3334,2007,2007,5,Tuesday,2,4466.0
Waco,2007,6,2007-06-01,237.0,32955000.0,122400.0,,,2007.4166,2007,2007,6,Friday,2,7266.0
Waco,2007,7,2007-07-01,244.0,33640000.0,124600.0,1783.0,8.6,2007.5,2007,2007,7,Sunday,3,9466.0
Waco,2007,8,2007-08-01,240.0,32070000.0,122200.0,1837.0,8.9,2007.5834,2007,2007,8,Wednesday,3,7066.0
Waco,2007,9,2007-09-01,152.0,20485000.0,117600.0,1818.0,9.0,2007.6666,2007,2007,9,Saturday,3,2466.0
Waco,2007,10,2007-10-01,183.0,24835000.0,107600.0,,,2007.75,2007,2007,10,Monday,4,-7534.0
Waco,2007,11,2007-11-01,169.0,23400000.0,112900.0,1750.0,8.8,2007.8334,2007,2007,11,Thursday,4,-2234.0
Waco,2007,12,2007-12-01,158.0,21040000.0,110500.0,,,2007.9166,2007,2007,12,Saturday,4,-4634.0
Waco,2008,1,2008-01-01,152.0,18655000.0,101200.0,1782.0,9.0,2008.0,2008,2008,1,Tuesday,1,-13934.0
Waco,2008,2,2008-02-01,157.0,19535000.0,110000.0,1736.0,8.9,2008.0834,2008,2008,2,Friday,1,-5134.0
Waco,2008,3,2008-03-01,205.0,26230000.0,115200.0,1795.0,9.2,2008.1666,2008,2008,3,Saturday,1,66.0
Waco,2008,4,2008-04-01,207.0,25555000.0,111200.0,1827.0,9.4,2008.25,2008,2008,4,Tuesday,2,-3934.0
Waco,2008,5,2008-05-01,242.0,31330000.0,109100.0,1843.0,9.4,2008.3334,2008,2008,5,Thursday,2,-6034.0
Waco,2008,6,2008-06-01,226.0,30010000.0,116800.0,1765.0,9.1,2008.4166,2008,2008,6,Sunday,2,1666.0
Waco,2008,7,2008-07-01,249.0,31700000.0,116200.0,1731.0,8.9,2008.5,2008,2008,7,Tuesday,3,1066.0
Waco,2008,8,2008-08-01,260.0,31755000.0,109400.0,1646.0,8.4,2008.5834,2008,2008,8,Friday,3,-5734.0
Waco,2008,9,2008-09-01,206.0,26885000.0,108700.0,1645.0,8.2,2008.6666,2008,2008,9,Monday,3,-6434.0
Waco,2008,10,2008-10-01,166.0,20725000.0,117500.0,1605.0,8.0,2008.75,2008,2008,10,Wednesday,4,2366.0
Waco,2008,11,2008-11-01,114.0,13110000.0,100000.0,1549.0,7.9,2008.8334,2008,2008,11,Saturday,4,-15134.0
Waco,2008,12,2008-12-01,146.0,18095000.0,108600.0,1476.0,7.6,2008.9166,2008,2008,12,Monday,4,-6534.0
Waco,2009,1,2009-01-01,98.0,10860000.0,94300.0,1477.0,7.8,2009.0,2009,2009,1,Thursday,1,-20834.0
Waco,2009,2,2009-02-01,135.0,17850000.0,101100.0,1437.0,7.7,2009.0834,2009,2009,2,Sunday,1,-14034.0
Waco,2009,3,2009-03-01,169.0,20380000.0,98800.0,1435.0,7.8,2009.1666,2009,2009,3,Sunday,1,-16334.0
Waco,2009,4,2009-04-01,163.0,20895000.0,111900.0,1442.0,8.0,2009.25,2009,2009,4,Wednesday,2,-3234.0
Waco,2009,5,2009-05-01,184.0,24330000.0,114600.0,1460.0,8.3,2009.3334,2009,2009,5,Friday,2,-534.0
Waco,2009,6,2009-06-01,218.0,32540000.0,124300.0,1459.0,8.3,2009.4166,2009,2009,6,Monday,2,9166.0
Waco,2009,7,2009-07-01,213.0,26750000.0,114600.0,1451.0,8.4,2009.5,2009,2009,7,Wednesday,3,-534.0
Waco,2009,8,2009-08-01,221.0,29015000.0,110000.0,1408.0,8.3,2009.5834,2009,2009,8,Saturday,3,-5134.0
Waco,2009,9,2009-09-01,182.0,25910000.0,118000.0,1358.0,8.1,2009.6666,2009,2009,9,Tuesday,3,2866.0
Waco,2009,10,2009-10-01,179.0,22285000.0,107400.0,1343.0,8.0,2009.75,2009,2009,10,Thursday,4,-7734.0
Waco,2009,11,2009-11-01,156.0,18580000.0,103800.0,1343.0,7.8,2009.8334,2009,2009,11,Sunday,4,-11334.0
Waco,2009,12,2009-12-01,162.0,22140000.0,117800.0,1306.0,7.5,2009.9166,2009,2009,12,Tuesday,4,2666.0
Waco,2010,1,2010-01-01,122.0,16173662.0,108000.0,1442.0,8.2,2010.0,2010,2010,1,Friday,1,-7134.0
Waco,2010,2,2010-02-01,120.0,15183960.0,113800.0,1390.0,8.0,2010.0834,2010,2010,2,Monday,1,-1334.0
Waco,2010,3,2010-03-01,192.0,23218944.0,102700.0,1442.0,8.2,2010.1666,2010,2010,3,Monday,1,-12434.0
Waco,2010,4,2010-04-01,223.0,28587708.0,110300.0,1464.0,8.1,2010.25,2010,2010,4,Thursday,2,-4834.0
Waco,2010,5,2010-05-01,222.0,27697830.0,109000.0,,,2010.3334,2010,2010,5,Saturday,2,-6134.0
Waco,2010,6,2010-06-01,184.0,26852704.0,125000.0,1557.0,8.6,2010.4166,2010,2010,6,Tuesday,2,9866.0
Waco,2010,7,2010-07-01,167.0,22271454.0,115700.0,1582.0,8.9,2010.5,2010,2010,7,Thursday,3,566.0
Waco,2010,8,2010-08-01,146.0,22288652.0,132900.0,1536.0,9.0,2010.5834,2010,2010,8,Sunday,3,17766.0
Waco,2010,9,2010-09-01,136.0,15941512.0,100000.0,1457.0,8.7,2010.6666,2010,2010,9,Wednesday,3,-15134.0
Waco,2010,10,2010-10-01,151.0,21627277.0,127100.0,1477.0,8.9,2010.75,2010,2010,10,Friday,4,11966.0
Waco,2010,11,2010-11-01,146.0,20714772.0,129200.0,1464.0,8.9,2010.8334,2010,2010,11,Monday,4,14066.0
Waco,2010,12,2010-12-01,150.0,20089950.0,116900.0,1476.0,9.0,2010.9166,2010,2010,12,Wednesday,4,1766.0
Waco,2011,1,2011-01-01,115.0,14640305.0,113600.0,1455.0,8.9,2011.0,2011,2011,1,Saturday,1,-1534.0
Waco,2011,2,2011-02-01,107.0,13747360.0,118600.0,1496.0,9.3,2011.0834,2011,2011,2,Tuesday,1,3466.0
Waco,2011,3,2011-03-01,160.0,21460960.0,120000.0,1510.0,9.5,2011.1666,2011,2011,3,Tuesday,1,4866.0
Waco,2011,4,2011-04-01,184.0,23781264.0,115000.0,1500.0,9.6,2011.25,2011,2011,4,Friday,2,-134.0
Waco,2011,5,2011-05-01,202.0,25472402.0,117300.0,1516.0,9.8,2011.3334,2011,2011,5,Sunday,2,2166.0
Waco,2011,6,2011-06-01,188.0,28718316.0,127300.0,1599.0,10.4,2011.4166,2011,2011,6,Wednesday,2,12166.0
Waco,2011,7,2011-07-01,174.0,24348142.0,126700.0,1587.0,10.2,2011.5,2011,2011,7,Friday,3,11566.0
Waco,2011,8,2011-08-01,184.0,24951526.0,118900.0,1560.0,9.9,2011.5834,2011,2011,8,Monday,3,3766.0
Waco,2011,9,2011-09-01,165.0,22698060.0,123800.0,1536.0,9.6,2011.6666,2011,2011,9,Thursday,3,8666.0
Waco,2011,10,2011-10-01,133.0,18022963.0,119200.0,1535.0,9.7,2011.75,2011,2011,10,Saturday,4,4066.0
Waco,2011,11,2011-11-01,136.0,16590504.0,115700.0,1495.0,9.5,2011.8334,2011,2011,11,Tuesday,4,566.0
Waco,2011,12,2011-12-01,153.0,20413260.0,116200.0,1424.0,9.0,2011.9166,2011,2011,12,Thursday,4,1066.0
Waco,2012,1,2012-01-01,117.0,14686776.0,103800.0,1459.0,9.2,2012.0,2012,2012,1,Sunday,1,-11334.0
Waco,2012,2,2012-02-01,125.0,15985500.0,109000.0,1437.0,9.0,2012.0834,2012,2012,2,Wednesday,1,-6134.0
Waco,2012,3,2012-03-01,172.0,24196616.0,126900.0,1434.0,8.9,2012.1666,2012,2012,3,Thursday,1,11766.0
Waco,2012,4,2012-04-01,183.0,24229749.0,118800.0,1460.0,9.1,2012.25,2012,2012,4,Sunday,2,3666.0
Waco,2012,5,2012-05-01,202.0,29047600.0,130000.0,1534.0,9.5,2012.3334,2012,2012,5,Tuesday,2,14866.0
Waco,2012,6,2012-06-01,194.0,29890744.0,127100.0,1558.0,9.6,2012.4166,2012,2012,6,Friday,2,11966.0
Waco,2012,7,2012-07-01,221.0,33004582.0,135800.0,1531.0,9.3,2012.5,2012,2012,7,Sunday,3,20666.0
Waco,2012,8,2012-08-01,240.0,35788080.0,133300.0,1492.0,8.8,2012.5834,2012,2012,8,Wednesday,3,18166.0
Waco,2012,9,2012-09-01,187.0,25125133.0,126500.0,1464.0,8.5,2012.6666,2012,2012,9,Saturday,3,11366.0
Waco,2012,10,2012-10-01,184.0,27137424.0,130800.0,1479.0,8.4,2012.75,2012,2012,10,Monday,4,15666.0
Waco,2012,11,2012-11-01,172.0,22823024.0,122500.0,1439.0,8.0,2012.8334,2012,2012,11,Thursday,4,7366.0
Waco,2012,12,2012-12-01,163.0,21802065.0,131200.0,1353.0,7.5,2012.9166,2012,2012,12,Saturday,4,16066.0
Waco,2013,1,2013-01-01,118.0,17385766.0,122500.0,1363.0,7.6,2013.0,2013,2013,1,Tuesday,1,7366.0
Waco,2013,2,2013-02-01,163.0,21597337.0,120400.0,1377.0,7.5,2013.0834,2013,2013,2,Friday,1,5266.0
Waco,2013,3,2013-03-01,182.0,26919984.0,121900.0,1360.0,7.4,2013.1666,2013,2013,3,Friday,1,6766.0
Waco,2013,4,2013-04-01,191.0,23056565.0,105000.0,1378.0,7.5,2013.25,2013,2013,4,Monday,2,-10134.0
Waco,2013,5,2013-05-01,237.0,35710923.0,136500.0,1394.0,7.4,2013.3334,2013,2013,5,Wednesday,2,21366.0
Waco,2013,6,2013-06-01,227.0,35516874.0,135300.0,1378.0,7.2,2013.4166,2013,2013,6,Saturday,2,20166.0
Waco,2013,7,2013-07-01,233.0,35142458.0,131100.0,1372.0,7.2,2013.5,2013,2013,7,Monday,3,15966.0
Waco,2013,8,2013-08-01,243.0,36613296.0,133800.0,1330.0,6.9,2013.5834,2013,2013,8,Thursday,3,18666.0
Waco,2013,9,2013-09-01,203.0,28062517.0,114600.0,1370.0,7.1,2013.6666,2013,2013,9,Sunday,3,-534.0
Waco,2013,10,2013-10-01,155.0,22717110.0,132100.0,1333.0,7.0,2013.75,2013,2013,10,Tuesday,4,16966.0
Waco,2013,11,2013-11-01,179.0,23411947.0,117400.0,1281.0,6.7,2013.8334,2013,2013,11,Friday,4,2266.0
Waco,2013,12,2013-12-01,155.0,25431780.0,135000.0,1241.0,6.5,2013.9166,2013,2013,12,Sunday,4,19866.0
Waco,2014,1,2014-01-01,145.0,18837385.0,113200.0,1269.0,6.6,2014.0,2014,2014,1,Wednesday,1,-1934.0
Waco,2014,2,2014-02-01,131.0,17459549.0,116200.0,1283.0,6.7,2014.0834,2014,2014,2,Saturday,1,1066.0
Waco,2014,3,2014-03-01,200.0,28946400.0,120900.0,1291.0,6.7,2014.1666,2014,2014,3,Saturday,1,5766.0
Waco,2014,4,2014-04-01,219.0,30403989.0,121000.0,1333.0,6.9,2014.25,2014,2014,4,Tuesday,2,5866.0
Waco,2014,5,2014-05-01,239.0,36126045.0,134200.0,1344.0,6.9,2014.3334,2014,2014,5,Thursday,2,19066.0
Waco,2014,6,2014-06-01,261.0,42024132.0,136200.0,1383.0,7.0,2014.4166,2014,2014,6,Sunday,2,21066.0
Waco,2014,7,2014-07-01,242.0,38792376.0,134900.0,1365.0,6.9,2014.5,2014,2014,7,Tuesday,3,19766.0
Waco,2014,8,2014-08-01,230.0,37059670.0,137800.0,1319.0,6.7,2014.5834,2014,2014,8,Friday,3,22666.0
Waco,2014,9,2014-09-01,234.0,34705008.0,137500.0,1289.0,6.5,2014.6666,2014,2014,9,Monday,3,22366.0
Waco,2014,10,2014-10-01,219.0,32440689.0,131800.0,1231.0,6.0,2014.75,2014,2014,10,Wednesday,4,16666.0
Waco,2014,11,2014-11-01,162.0,23573106.0,137100.0,1160.0,5.7,2014.8334,2014,2014,11,Saturday,4,21966.0
Waco,2014,12,2014-12-01,211.0,33274489.0,141800.0,1048.0,5.0,2014.9166,2014,2014,12,Monday,4,26666.0
Waco,2015,1,2015-01-01,144.0,22645440.0,137500.0,1034.0,5.0,2015.0,2015,2015,1,Thursday,1,22366.0
Waco,2015,2,2015-02-01,186.0,28276092.0,141900.0,1039.0,4.9,2015.0834,2015,2015,2,Sunday,1,26766.0
Waco,2015,3,2015-03-01,241.0,38870408.0,142000.0,1003.0,4.7,2015.1666,2015,2015,3,Sunday,1,26866.0
Waco,2015,4,2015-04-01,237.0,40500930.0,146300.0,1026.0,4.7,2015.25,2015,2015,4,Wednesday,2,31166.0
Waco,2015,5,2015-05-01,264.0,46561416.0,151700.0,1004.0,4.6,2015.3334,2015,2015,5,Friday,2,36566.0
Waco,2015,6,2015-06-01,280.0,49171360.0,151800.0,999.0,4.5,2015.4166,2015,2015,6,Monday,2,36666.0
Waco,2015,7,2015-07-01,285.0,45790665.0,138800.0,1036.0,4.6,2015.5,2015,2015,7,Wednesday,3,23666.0
Wichita Falls,2000,1,2000-01-01,87.0,6710000.0,61200.0,673.0,5.5,2000.0,2000,2000,1,Saturday,1,-31134.758
Wichita Falls,2000,2,2000-02-01,145.0,10765000.0,59800.0,657.0,5.2,2000.0834,2000,2000,2,Tuesday,1,-32534.758
Wichita Falls,2000,3,2000-03-01,133.0,9795000.0,65500.0,633.0,5.0,2000.1666,2000,2000,3,Wednesday,1,-26834.758
Wichita Falls,2000,4,2000-04-01,113.0,8465000.0,68200.0,662.0,5.3,2000.25,2000,2000,4,Saturday,2,-24134.758
Wichita Falls,2000,5,2000-05-01,129.0,10795000.0,66500.0,690.0,5.6,2000.3334,2000,2000,5,Monday,2,-25834.758
Wichita Falls,2000,6,2000-06-01,141.0,13385000.0,76800.0,730.0,5.9,2000.4166,2000,2000,6,Thursday,2,-15534.758
Wichita Falls,2000,7,2000-07-01,142.0,12395000.0,70000.0,709.0,5.7,2000.5,2000,2000,7,Saturday,3,-22334.758
Wichita Falls,2000,8,2000-08-01,122.0,10775153.0,80600.0,746.0,6.2,2000.5834,2000,2000,8,Tuesday,3,-11734.758
Wichita Falls,2000,9,2000-09-01,119.0,10160000.0,70700.0,722.0,5.9,2000.6666,2000,2000,9,Friday,3,-21634.758
Wichita Falls,2000,10,2000-10-01,101.0,7860000.0,69000.0,741.0,6.1,2000.75,2000,2000,10,Sunday,4,-23334.758
Wichita Falls,2000,11,2000-11-01,97.0,8240000.0,75000.0,717.0,6.0,2000.8334,2000,2000,11,Wednesday,4,-17334.758
Wichita Falls,2000,12,2000-12-01,88.0,8135000.0,84200.0,726.0,6.1,2000.9166,2000,2000,12,Friday,4,-8134.758
Wichita Falls,2001,1,2001-01-01,99.0,8620000.0,66500.0,767.0,6.4,2001.0,2001,2001,1,Monday,1,-25834.758
Wichita Falls,2001,2,2001-02-01,115.0,9110000.0,72800.0,763.0,6.5,2001.0834,2001,2001,2,Thursday,1,-19534.758
Wichita Falls,2001,3,2001-03-01,137.0,11150000.0,73000.0,800.0,6.8,2001.1666,2001,2001,3,Thursday,1,-19334.758
Wichita Falls,2001,4,2001-04-01,141.0,11100000.0,73200.0,815.0,6.8,2001.25,2001,2001,4,Sunday,2,-19134.758
Wichita Falls,2001,5,2001-05-01,136.0,10805000.0,69500.0,840.0,7.0,2001.3334,2001,2001,5,Tuesday,2,-22834.758
Wichita Falls,2001,6,2001-06-01,148.0,13670000.0,83600.0,833.0,6.9,2001.4166,2001,2001,6,Friday,2,-8734.758
Wichita Falls,2001,7,2001-07-01,154.0,14830000.0,81400.0,846.0,7.0,2001.5,2001,2001,7,Sunday,3,-10934.758
Wichita Falls,2001,8,2001-08-01,152.0,13640000.0,68800.0,874.0,7.1,2001.5834,2001,2001,8,Wednesday,3,-23534.758
Wichita Falls,2001,9,2001-09-01,126.0,10335000.0,70600.0,866.0,7.0,2001.6666,2001,2001,9,Saturday,3,-21734.758
Wichita Falls,2001,10,2001-10-01,135.0,11515000.0,71100.0,821.0,6.4,2001.75,2001,2001,10,Monday,4,-21234.758
Wichita Falls,2001,11,2001-11-01,144.0,12750000.0,78900.0,813.0,6.2,2001.8334,2001,2001,11,Thursday,4,-13434.758
Wichita Falls,2001,12,2001-12-01,116.0,10455000.0,75600.0,759.0,5.7,2001.9166,2001,2001,12,Saturday,4,-16734.758
Wichita Falls,2002,1,2002-01-01,111.0,9065000.0,74100.0,798.0,5.9,2002.0,2002,2002,1,Tuesday,1,-18234.758
Wichita Falls,2002,2,2002-02-01,128.0,11855000.0,78000.0,766.0,5.6,2002.0834,2002,2002,2,Friday,1,-14334.758
Wichita Falls,2002,3,2002-03-01,151.0,12475000.0,70400.0,768.0,5.6,2002.1666,2002,2002,3,Friday,1,-21934.758
Wichita Falls,2002,4,2002-04-01,155.0,12570000.0,71900.0,755.0,5.5,2002.25,2002,2002,4,Monday,2,-20434.758
Wichita Falls,2002,5,2002-05-01,169.0,16950000.0,86800.0,760.0,5.4,2002.3334,2002,2002,5,Wednesday,2,-5534.758
Wichita Falls,2002,6,2002-06-01,153.0,13050000.0,76600.0,768.0,5.4,2002.4166,2002,2002,6,Saturday,2,-15734.758
Wichita Falls,2002,7,2002-07-01,171.0,15400000.0,84300.0,793.0,5.6,2002.5,2002,2002,7,Monday,3,-8034.758
Wichita Falls,2002,8,2002-08-01,187.0,15620000.0,70300.0,750.0,5.2,2002.5834,2002,2002,8,Thursday,3,-22034.758
Wichita Falls,2002,9,2002-09-01,137.0,10875000.0,74600.0,699.0,4.8,2002.6666,2002,2002,9,Sunday,3,-17734.758
Wichita Falls,2002,10,2002-10-01,141.0,12325000.0,79700.0,668.0,4.5,2002.75,2002,2002,10,Tuesday,4,-12634.758
Wichita Falls,2002,11,2002-11-01,137.0,12625000.0,86500.0,630.0,4.3,2002.8334,2002,2002,11,Friday,4,-5834.758
Wichita Falls,2002,12,2002-12-01,141.0,12080000.0,80400.0,598.0,4.0,2002.9166,2002,2002,12,Sunday,4,-11934.758
Wichita Falls,2003,1,2003-01-01,96.0,7550000.0,72000.0,638.0,4.3,2003.0,2003,2003,1,Wednesday,1,-20334.758
Wichita Falls,2003,2,2003-02-01,128.0,12060000.0,81700.0,651.0,4.4,2003.0834,2003,2003,2,Saturday,1,-10634.758
Wichita Falls,2003,3,2003-03-01,145.0,13190000.0,79400.0,680.0,4.6,2003.1666,2003,2003,3,Saturday,1,-12934.758
Wichita Falls,2003,4,2003-04-01,159.0,13315000.0,72800.0,712.0,4.8,2003.25,2003,2003,4,Tuesday,2,-19534.758
Wichita Falls,2003,5,2003-05-01,140.0,14145000.0,87900.0,739.0,5.1,2003.3334,2003,2003,5,Thursday,2,-4434.758
Wichita Falls,2003,6,2003-06-01,172.0,17505000.0,87400.0,735.0,5.0,2003.4166,2003,2003,6,Sunday,2,-4934.758
Wichita Falls,2003,7,2003-07-01,171.0,16890000.0,85000.0,738.0,5.0,2003.5,2003,2003,7,Tuesday,3,-7334.758
Wichita Falls,2003,8,2003-08-01,196.0,17920000.0,81700.0,707.0,4.8,2003.5834,2003,2003,8,Friday,3,-10634.758
Wichita Falls,2003,9,2003-09-01,164.0,14285000.0,76700.0,671.0,4.5,2003.6666,2003,2003,9,Monday,3,-15634.758
Wichita Falls,2003,10,2003-10-01,165.0,15395000.0,78100.0,691.0,4.6,2003.75,2003,2003,10,Wednesday,4,-14234.758
Wichita Falls,2003,11,2003-11-01,127.0,13595000.0,86800.0,696.0,4.6,2003.8334,2003,2003,11,Saturday,4,-5534.758
Wichita Falls,2003,12,2003-12-01,131.0,10895000.0,75000.0,642.0,4.3,2003.9166,2003,2003,12,Monday,4,-17334.758
Wichita Falls,2004,1,2004-01-01,115.0,9815000.0,70800.0,675.0,4.5,2004.0,2004,2004,1,Thursday,1,-21534.758
Wichita Falls,2004,2,2004-02-01,135.0,12870000.0,79700.0,677.0,4.5,2004.0834,2004,2004,2,Sunday,1,-12634.758
Wichita Falls,2004,3,2004-03-01,169.0,16370000.0,82300.0,696.0,4.5,2004.1666,2004,2004,3,Monday,1,-10034.758
Wichita Falls,2004,4,2004-04-01,164.0,14080000.0,74000.0,682.0,4.4,2004.25,2004,2004,4,Thursday,2,-18334.758
Wichita Falls,2004,5,2004-05-01,168.0,15035000.0,79000.0,728.0,4.7,2004.3334,2004,2004,5,Saturday,2,-13334.758
Wichita Falls,2004,6,2004-06-01,223.0,22780000.0,89700.0,721.0,4.5,2004.4166,2004,2004,6,Tuesday,2,-2634.7578
Wichita Falls,2004,7,2004-07-01,196.0,18685000.0,84400.0,709.0,4.4,2004.5,2004,2004,7,Thursday,3,-7934.758
Wichita Falls,2004,8,2004-08-01,193.0,20060000.0,89600.0,675.0,4.2,2004.5834,2004,2004,8,Sunday,3,-2734.7578
Wichita Falls,2004,9,2004-09-01,187.0,18785000.0,86700.0,707.0,4.3,2004.6666,2004,2004,9,Wednesday,3,-5634.758
Wichita Falls,2004,10,2004-10-01,130.0,13400000.0,85000.0,742.0,4.6,2004.75,2004,2004,10,Friday,4,-7334.758
Wichita Falls,2004,11,2004-11-01,139.0,14595000.0,83900.0,710.0,4.4,2004.8334,2004,2004,11,Monday,4,-8434.758
Wichita Falls,2004,12,2004-12-01,133.0,13875000.0,87500.0,627.0,3.9,2004.9166,2004,2004,12,Wednesday,4,-4834.758
Wichita Falls,2005,1,2005-01-01,135.0,13700000.0,93100.0,632.0,3.8,2005.0,2005,2005,1,Saturday,1,765.2422
Wichita Falls,2005,2,2005-02-01,130.0,13300000.0,90000.0,663.0,4.0,2005.0834,2005,2005,2,Tuesday,1,-2334.7578
Wichita Falls,2005,3,2005-03-01,152.0,15220000.0,89200.0,718.0,4.4,2005.1666,2005,2005,3,Tuesday,1,-3134.7578
Wichita Falls,2005,4,2005-04-01,176.0,17545000.0,87000.0,735.0,4.5,2005.25,2005,2005,4,Friday,2,-5334.758
Wichita Falls,2005,5,2005-05-01,179.0,20120000.0,97200.0,718.0,4.4,2005.3334,2005,2005,5,Sunday,2,4865.242
Wichita Falls,2005,6,2005-06-01,182.0,19090000.0,95600.0,794.0,4.9,2005.4166,2005,2005,6,Wednesday,2,3265.2422
Wichita Falls,2005,7,2005-07-01,201.0,22740000.0,101900.0,759.0,4.7,2005.5,2005,2005,7,Friday,3,9565.242
Wichita Falls,2005,8,2005-08-01,226.0,25645000.0,100600.0,744.0,4.5,2005.5834,2005,2005,8,Monday,3,8265.242
Wichita Falls,2005,9,2005-09-01,187.0,20040000.0,93900.0,731.0,4.5,2005.6666,2005,2005,9,Thursday,3,1565.2422
Wichita Falls,2005,10,2005-10-01,148.0,15855000.0,92000.0,763.0,4.6,2005.75,2005,2005,10,Saturday,4,-334.7578
Wichita Falls,2005,11,2005-11-01,152.0,17350000.0,92900.0,753.0,4.5,2005.8334,2005,2005,11,Tuesday,4,565.2422
Wichita Falls,2005,12,2005-12-01,139.0,15830000.0,96800.0,750.0,4.5,2005.9166,2005,2005,12,Thursday,4,4465.242
Wichita Falls,2006,1,2006-01-01,139.0,13700000.0,88600.0,755.0,4.5,2006.0,2006,2006,1,Sunday,1,-3734.7578
Wichita Falls,2006,2,2006-02-01,143.0,17140000.0,96200.0,774.0,4.6,2006.0834,2006,2006,2,Wednesday,1,3865.2422
Wichita Falls,2006,3,2006-03-01,176.0,16885000.0,85000.0,785.0,4.6,2006.1666,2006,2006,3,Wednesday,1,-7334.758
Wichita Falls,2006,4,2006-04-01,158.0,17920000.0,96900.0,822.0,4.9,2006.25,2006,2006,4,Saturday,2,4565.242
Wichita Falls,2006,5,2006-05-01,220.0,24185000.0,95300.0,836.0,4.8,2006.3334,2006,2006,5,Monday,2,2965.2422
Wichita Falls,2006,6,2006-06-01,218.0,25865000.0,109500.0,857.0,4.9,2006.4166,2006,2006,6,Thursday,2,17165.242
Wichita Falls,2006,7,2006-07-01,200.0,24140000.0,107100.0,881.0,5.0,2006.5,2006,2006,7,Saturday,3,14765.242
Wichita Falls,2006,8,2006-08-01,182.0,19655000.0,92700.0,885.0,5.2,2006.5834,2006,2006,8,Tuesday,3,365.2422
Wichita Falls,2006,9,2006-09-01,163.0,18550000.0,103900.0,903.0,5.3,2006.6666,2006,2006,9,Friday,3,11565.242
Wichita Falls,2006,10,2006-10-01,153.0,14695000.0,80400.0,916.0,5.4,2006.75,2006,2006,10,Sunday,4,-11934.758
Wichita Falls,2006,11,2006-11-01,163.0,18675000.0,93500.0,931.0,5.4,2006.8334,2006,2006,11,Wednesday,4,1165.2422
Wichita Falls,2006,12,2006-12-01,145.0,15395000.0,87500.0,873.0,5.1,2006.9166,2006,2006,12,Friday,4,-4834.758
Wichita Falls,2007,1,2007-01-01,148.0,15495000.0,92000.0,862.0,5.0,2007.0,2007,2007,1,Monday,1,-334.7578
Wichita Falls,2007,2,2007-02-01,159.0,17380000.0,94600.0,855.0,4.9,2007.0834,2007,2007,2,Thursday,1,2265.2422
Wichita Falls,2007,3,2007-03-01,198.0,20395000.0,87500.0,888.0,5.1,2007.1666,2007,2007,3,Thursday,1,-4834.758
Wichita Falls,2007,4,2007-04-01,170.0,19125000.0,102000.0,947.0,5.4,2007.25,2007,2007,4,Sunday,2,9665.242
Wichita Falls,2007,5,2007-05-01,186.0,21230000.0,104500.0,949.0,5.5,2007.3334,2007,2007,5,Tuesday,2,12165.242
Wichita Falls,2007,6,2007-06-01,204.0,22890000.0,97300.0,951.0,5.5,2007.4166,2007,2007,6,Friday,2,4965.242
Wichita Falls,2007,7,2007-07-01,178.0,21015000.0,104400.0,950.0,5.6,2007.5,2007,2007,7,Sunday,3,12065.242
Wichita Falls,2007,8,2007-08-01,191.0,22015000.0,109300.0,935.0,5.5,2007.5834,2007,2007,8,Wednesday,3,16965.242
Wichita Falls,2007,9,2007-09-01,146.0,15345000.0,88200.0,954.0,5.6,2007.6666,2007,2007,9,Saturday,3,-4134.758
Wichita Falls,2007,10,2007-10-01,108.0,12715000.0,100000.0,947.0,5.7,2007.75,2007,2007,10,Monday,4,7665.242
Wichita Falls,2007,11,2007-11-01,137.0,14215000.0,91200.0,964.0,5.9,2007.8334,2007,2007,11,Thursday,4,-1134.7578
Wichita Falls,2007,12,2007-12-01,127.0,12795000.0,87200.0,905.0,5.6,2007.9166,2007,2007,12,Saturday,4,-5134.758
Wichita Falls,2008,1,2008-01-01,85.0,9210000.0,90600.0,916.0,5.8,2008.0,2008,2008,1,Tuesday,1,-1734.7578
Wichita Falls,2008,2,2008-02-01,140.0,15145000.0,93300.0,830.0,5.3,2008.0834,2008,2008,2,Friday,1,965.2422
Wichita Falls,2008,3,2008-03-01,147.0,13555000.0,82600.0,971.0,6.4,2008.1666,2008,2008,3,Saturday,1,-9734.758
Wichita Falls,2008,4,2008-04-01,153.0,17685000.0,99600.0,949.0,6.3,2008.25,2008,2008,4,Tuesday,2,7265.242
Wichita Falls,2008,5,2008-05-01,164.0,18715000.0,98300.0,1002.0,6.8,2008.3334,2008,2008,5,Thursday,2,5965.242
Wichita Falls,2008,6,2008-06-01,175.0,22995000.0,113200.0,973.0,6.7,2008.4166,2008,2008,6,Sunday,2,20865.242
Wichita Falls,2008,7,2008-07-01,173.0,20700000.0,103500.0,952.0,6.5,2008.5,2008,2008,7,Tuesday,3,11165.242
Wichita Falls,2008,8,2008-08-01,173.0,20635000.0,108300.0,897.0,6.2,2008.5834,2008,2008,8,Friday,3,15965.242
Wichita Falls,2008,9,2008-09-01,140.0,15295000.0,90000.0,927.0,6.5,2008.6666,2008,2008,9,Monday,3,-2334.7578
Wichita Falls,2008,10,2008-10-01,129.0,14915000.0,99300.0,945.0,6.5,2008.75,2008,2008,10,Wednesday,4,6965.242
Wichita Falls,2008,11,2008-11-01,86.0,9995000.0,100000.0,918.0,6.5,2008.8334,2008,2008,11,Saturday,4,7665.242
Wichita Falls,2008,12,2008-12-01,98.0,10085000.0,94400.0,894.0,6.5,2008.9166,2008,2008,12,Monday,4,2065.2422
Wichita Falls,2009,1,2009-01-01,88.0,9310000.0,90000.0,904.0,6.5,2009.0,2009,2009,1,Thursday,1,-2334.7578
Wichita Falls,2009,2,2009-02-01,124.0,12515000.0,96200.0,932.0,6.8,2009.0834,2009,2009,2,Sunday,1,3865.2422
Wichita Falls,2009,3,2009-03-01,127.0,13185000.0,89500.0,932.0,6.9,2009.1666,2009,2009,3,Sunday,1,-2834.7578
Wichita Falls,2009,4,2009-04-01,141.0,16210000.0,101900.0,931.0,6.9,2009.25,2009,2009,4,Wednesday,2,9565.242
Wichita Falls,2009,5,2009-05-01,152.0,17225000.0,97700.0,949.0,7.1,2009.3334,2009,2009,5,Friday,2,5365.242
Wichita Falls,2009,6,2009-06-01,160.0,19570000.0,103500.0,921.0,6.9,2009.4166,2009,2009,6,Monday,2,11165.242
Wichita Falls,2009,7,2009-07-01,161.0,18955000.0,107900.0,947.0,7.2,2009.5,2009,2009,7,Wednesday,3,15565.242
Wichita Falls,2009,8,2009-08-01,137.0,16275000.0,108500.0,975.0,7.6,2009.5834,2009,2009,8,Saturday,3,16165.242
Wichita Falls,2009,9,2009-09-01,106.0,13345000.0,121100.0,947.0,7.5,2009.6666,2009,2009,9,Tuesday,3,28765.242
Wichita Falls,2009,10,2009-10-01,118.0,14427859.0,100000.0,940.0,7.5,2009.75,2009,2009,10,Thursday,4,7665.242
Wichita Falls,2009,11,2009-11-01,130.0,14714475.0,98300.0,924.0,7.2,2009.8334,2009,2009,11,Sunday,4,5965.242
Wichita Falls,2009,12,2009-12-01,84.0,10459795.0,120000.0,879.0,6.9,2009.9166,2009,2009,12,Tuesday,4,27665.242
Wichita Falls,2010,1,2010-01-01,89.0,8951454.0,87200.0,908.0,7.1,2010.0,2010,2010,1,Friday,1,-5134.758
Wichita Falls,2010,2,2010-02-01,91.0,9381605.0,89400.0,915.0,7.3,2010.0834,2010,2010,2,Monday,1,-2934.7578
Wichita Falls,2010,3,2010-03-01,147.0,18192495.0,88600.0,946.0,7.5,2010.1666,2010,2010,3,Monday,1,-3734.7578
Wichita Falls,2010,4,2010-04-01,167.0,19771909.0,105800.0,904.0,7.0,2010.25,2010,2010,4,Thursday,2,13465.242
Wichita Falls,2010,5,2010-05-01,165.0,20881330.0,105200.0,914.0,7.1,2010.3334,2010,2010,5,Saturday,2,12865.242
Wichita Falls,2010,6,2010-06-01,129.0,19191750.0,119200.0,972.0,7.7,2010.4166,2010,2010,6,Tuesday,2,26865.242
Wichita Falls,2010,7,2010-07-01,104.0,12354606.0,96700.0,993.0,8.1,2010.5,2010,2010,7,Thursday,3,4365.242
Wichita Falls,2010,8,2010-08-01,130.0,15324768.0,96000.0,1022.0,8.4,2010.5834,2010,2010,8,Sunday,3,3665.2422
Wichita Falls,2010,9,2010-09-01,132.0,16474622.0,100000.0,1028.0,8.3,2010.6666,2010,2010,9,Wednesday,3,7665.242
Wichita Falls,2010,10,2010-10-01,113.0,13605337.0,100700.0,1005.0,8.1,2010.75,2010,2010,10,Friday,4,8365.242
Wichita Falls,2010,11,2010-11-01,97.0,10844344.0,86400.0,968.0,8.0,2010.8334,2010,2010,11,Monday,4,-5934.758
Wichita Falls,2010,12,2010-12-01,117.0,14689508.0,112100.0,938.0,7.6,2010.9166,2010,2010,12,Wednesday,4,19765.242
Wichita Falls,2011,1,2011-01-01,80.0,8165777.0,90000.0,955.0,7.8,2011.0,2011,2011,1,Saturday,1,-2334.7578
Wichita Falls,2011,2,2011-02-01,79.0,8747252.0,90800.0,950.0,7.8,2011.0834,2011,2011,2,Tuesday,1,-1534.7578
Wichita Falls,2011,3,2011-03-01,119.0,13442994.0,100700.0,968.0,8.1,2011.1666,2011,2011,3,Tuesday,1,8365.242
Wichita Falls,2011,4,2011-04-01,111.0,14002574.0,113600.0,996.0,8.7,2011.25,2011,2011,4,Friday,2,21265.242
Wichita Falls,2011,5,2011-05-01,128.0,15283189.0,109400.0,1052.0,9.4,2011.3334,2011,2011,5,Sunday,2,17065.242
Wichita Falls,2011,6,2011-06-01,111.0,13031204.0,95000.0,1030.0,9.4,2011.4166,2011,2011,6,Wednesday,2,2665.2422
Wichita Falls,2011,7,2011-07-01,127.0,13594241.0,102300.0,1029.0,9.2,2011.5,2011,2011,7,Friday,3,9965.242
Wichita Falls,2011,8,2011-08-01,135.0,14875520.0,105200.0,1004.0,8.9,2011.5834,2011,2011,8,Monday,3,12865.242
Wichita Falls,2011,9,2011-09-01,113.0,13395555.0,102900.0,1005.0,9.1,2011.6666,2011,2011,9,Thursday,3,10565.242
Wichita Falls,2011,10,2011-10-01,98.0,9507252.0,73800.0,963.0,8.8,2011.75,2011,2011,10,Saturday,4,-18534.758
Wichita Falls,2011,11,2011-11-01,93.0,11175887.0,91700.0,902.0,8.3,2011.8334,2011,2011,11,Tuesday,4,-634.7578
Wichita Falls,2011,12,2011-12-01,81.0,9399547.0,102300.0,844.0,7.9,2011.9166,2011,2011,12,Thursday,4,9965.242
Wichita Falls,2012,1,2012-01-01,105.0,10273784.0,82100.0,859.0,7.9,2012.0,2012,2012,1,Sunday,1,-10234.758
Wichita Falls,2012,2,2012-02-01,90.0,10697020.0,105000.0,861.0,7.9,2012.0834,2012,2012,2,Wednesday,1,12665.242
Wichita Falls,2012,3,2012-03-01,116.0,13104199.0,97500.0,887.0,8.1,2012.1666,2012,2012,3,Thursday,1,5165.242
Wichita Falls,2012,4,2012-04-01,125.0,13875861.0,93000.0,907.0,8.2,2012.25,2012,2012,4,Sunday,2,665.2422
Wichita Falls,2012,5,2012-05-01,102.0,12451050.0,97500.0,914.0,8.5,2012.3334,2012,2012,5,Tuesday,2,5165.242
Wichita Falls,2012,6,2012-06-01,130.0,17792964.0,116500.0,934.0,8.5,2012.4166,2012,2012,6,Friday,2,24165.242
Wichita Falls,2012,7,2012-07-01,132.0,16166316.0,116000.0,941.0,8.6,2012.5,2012,2012,7,Sunday,3,23665.242
Wichita Falls,2012,8,2012-08-01,123.0,14002825.0,102300.0,933.0,8.6,2012.5834,2012,2012,8,Wednesday,3,9965.242
Wichita Falls,2012,9,2012-09-01,95.0,11791892.0,108300.0,931.0,8.7,2012.6666,2012,2012,9,Saturday,3,15965.242
Wichita Falls,2012,10,2012-10-01,97.0,9695019.0,87000.0,907.0,8.4,2012.75,2012,2012,10,Monday,4,-5334.758
Wichita Falls,2012,11,2012-11-01,119.0,17125962.0,118800.0,877.0,8.0,2012.8334,2012,2012,11,Thursday,4,26465.242
Wichita Falls,2012,12,2012-12-01,115.0,11820103.0,87500.0,801.0,7.1,2012.9166,2012,2012,12,Saturday,4,-4834.758
Wichita Falls,2013,1,2013-01-01,79.0,9666246.0,99300.0,854.0,7.7,2013.0,2013,2013,1,Tuesday,1,6965.242
Wichita Falls,2013,2,2013-02-01,101.0,11919901.0,101400.0,850.0,7.6,2013.0834,2013,2013,2,Friday,1,9065.242
Wichita Falls,2013,3,2013-03-01,159.0,16714732.0,85900.0,868.0,7.6,2013.1666,2013,2013,3,Friday,1,-6434.758
Wichita Falls,2013,4,2013-04-01,124.0,13523538.0,92200.0,895.0,7.8,2013.25,2013,2013,4,Monday,2,-134.75781
Wichita Falls,2013,5,2013-05-01,144.0,19058834.0,121300.0,900.0,7.6,2013.3334,2013,2013,5,Wednesday,2,28965.242
Wichita Falls,2013,6,2013-06-01,121.0,15547111.0,104700.0,923.0,7.9,2013.4166,2013,2013,6,Saturday,2,12365.242
Wichita Falls,2013,7,2013-07-01,150.0,18570732.0,102500.0,844.0,7.1,2013.5,2013,2013,7,Monday,3,10165.242
Wichita Falls,2013,8,2013-08-01,149.0,18685889.0,109100.0,830.0,6.9,2013.5834,2013,2013,8,Thursday,3,16765.242
Wichita Falls,2013,9,2013-09-01,128.0,16103386.0,114300.0,812.0,6.6,2013.6666,2013,2013,9,Sunday,3,21965.242
Wichita Falls,2013,10,2013-10-01,114.0,14470125.0,118200.0,796.0,6.4,2013.75,2013,2013,10,Tuesday,4,25865.242
Wichita Falls,2013,11,2013-11-01,94.0,11485657.0,100000.0,777.0,6.3,2013.8334,2013,2013,11,Friday,4,7665.242
Wichita Falls,2013,12,2013-12-01,92.0,12469900.0,111100.0,743.0,6.1,2013.9166,2013,2013,12,Sunday,4,18765.242
Wichita Falls,2014,1,2014-01-01,89.0,9625728.0,91200.0,746.0,6.1,2014.0,2014,2014,1,Wednesday,1,-1134.7578
Wichita Falls,2014,2,2014-02-01,93.0,11261177.0,110000.0,774.0,6.4,2014.0834,2014,2014,2,Saturday,1,17665.242
Wichita Falls,2014,3,2014-03-01,102.0,13925188.0,94000.0,838.0,7.2,2014.1666,2014,2014,3,Saturday,1,1665.2422
Wichita Falls,2014,4,2014-04-01,143.0,17789867.0,104700.0,852.0,7.2,2014.25,2014,2014,4,Tuesday,2,12365.242
Wichita Falls,2014,5,2014-05-01,140.0,17832540.0,115700.0,899.0,7.6,2014.3334,2014,2014,5,Thursday,2,23365.242
Wichita Falls,2014,6,2014-06-01,123.0,18250258.0,135300.0,961.0,8.1,2014.4166,2014,2014,6,Sunday,2,42965.242
Wichita Falls,2014,7,2014-07-01,150.0,18672368.0,102500.0,941.0,8.0,2014.5,2014,2014,7,Tuesday,3,10165.242
Wichita Falls,2014,8,2014-08-01,137.0,16128962.0,99600.0,973.0,8.3,2014.5834,2014,2014,8,Friday,3,7265.242
Wichita Falls,2014,9,2014-09-01,110.0,12014869.0,90000.0,940.0,8.1,2014.6666,2014,2014,9,Monday,3,-2334.7578
Wichita Falls,2014,10,2014-10-01,112.0,13817043.0,113300.0,905.0,7.8,2014.75,2014,2014,10,Wednesday,4,20965.242
Wichita Falls,2014,11,2014-11-01,96.0,11308302.0,108000.0,870.0,7.5,2014.8334,2014,2014,11,Saturday,4,15665.242
Wichita Falls,2014,12,2014-12-01,109.0,13883668.0,103800.0,821.0,7.0,2014.9166,2014,2014,12,Monday,4,11465.242
Wichita Falls,2015,1,2015-01-01,71.0,7519961.0,82100.0,829.0,7.2,2015.0,2015,2015,1,Thursday,1,-10234.758
Wichita Falls,2015,2,2015-02-01,100.0,11646765.0,94000.0,795.0,6.8,2015.0834,2015,2015,2,Sunday,1,1665.2422
Wichita Falls,2015,3,2015-03-01,152.0,16716584.0,89200.0,818.0,6.8,2015.1666,2015,2015,3,Sunday,1,-3134.7578
Wichita Falls,2015,4,2015-04-01,129.0,15482194.0,105300.0,760.0,6.4,2015.25,2015,2015,4,Wednesday,2,12965.242
Wichita Falls,2015,5,2015-05-01,174.0,19188181.0,100000.0,776.0,6.4,2015.3334,2015,2015,5,Friday,2,7665.242
Wichita Falls,2015,6,2015-06-01,143.0,18820752.0,118800.0,770.0,6.2,2015.4166,2015,2015,6,Monday,2,26465.242
Wichita Falls,2015,7,2015-07-01,172.0,23850905.0,116700.0,811.0,6.5,2015.5,2015,2015,7,Wednesday,3,24365.242
